logical_table_key,source,catalog_code,dataset,major_area,advertised_years,domn_code,status,archive_count,archive_bytes,archive_years,archive_paths,archive_sha256s,current_pipeline_physical_unit
고등교육통계|0101|고등교육학교개황,고등교육통계,0101,고등교육학교개황,통합,2009~2025,16918,downloaded,1,1100924,"[""ALL""]","[""data/raw/edss/고등교육통계/0101_고등교육학교개황/0101_고등교육학교개황_2009-2025.zip""]","[""cb8e04e04d18de258343a64a6eddf60e4da9cf3c1aaa65deacd6697252e6e4d2""]",yes
고등교육통계|0102|대학교개황,고등교육통계,0102,대학교개황,통합,2009~2025,16919,downloaded,1,416056,"[""ALL""]","[""data/raw/edss/고등교육통계/0102_대학교개황_16919/0102. 대학교개황(09-25).zip""]","[""0b1d1e35244e8db6e6ad24d065e095b9fcc6ebc756d1924ac122625bf085cf1a""]",no
고등교육통계|0103|대학교학생개황,고등교육통계,0103,대학교학생개황,통합,2009~2025,16920,downloaded,1,10078176,"[""ALL""]","[""data/raw/edss/고등교육통계/0103_대학교학생개황/0103_대학교학생개황_2009-2025.zip""]","[""a657313ecf072f415defd6c9b0650f9d5c28977994a7866e32d5351e09ba882e""]",yes
고등교육통계|0104|대학원개황,고등교육통계,0104,대학원개황,통합,2009~2025,16921,downloaded,1,924125,"[""ALL""]","[""data/raw/edss/고등교육통계/0104_대학원개황_16921/0104. 대학원개황(09-25).zip""]","[""1a3d25d875f7f9b2ab2846ba60d985f6f241714bab3c559d7fa6d731e0873630""]",no
고등교육통계|0105|대학원학생개황,고등교육통계,0105,대학원학생개황,통합,2009~2025,16922,downloaded,1,3089116,"[""ALL""]","[""data/raw/edss/고등교육통계/0105_대학원학생개황/0105_대학원학생개황_2009-2025.zip""]","[""679e3b56d5af5a440788dde008df82f1e559da6397374261085dc05f8c3e10e7""]",yes
고등교육통계|0106|전문대학개황,고등교육통계,0106,전문대학개황,통합,2009~2025,16923,downloaded,1,219235,"[""ALL""]","[""data/raw/edss/고등교육통계/0106_전문대학개황_16923/0106. 전문대학개황(09-25).zip""]","[""8fb098dc6d8c9ce73f26824549deabc98f90b86f5131e67c46d9c73323c579f3""]",no
고등교육통계|0107|전문대학학생개황,고등교육통계,0107,전문대학학생개황,통합,2009~2025,16924,downloaded,1,4336445,"[""ALL""]","[""data/raw/edss/고등교육통계/0107_전문대학학생개황_16924/0107. 전문대학학생개황(09-25).zip""]","[""fdc0aa30002bdbf5bab3ad89b45547070651a74723df1a5d09fcbe9fb953e630""]",no
고등교육통계|0201|계열별입학정원현황_대학원,고등교육통계,0201,계열별입학정원현황_대학원,학생,2009~2025,11398,downloaded,1,439238,"[""ALL""]","[""data/raw/edss/고등교육통계/0201_계열별입학정원현황_대학원_11398/0201. 계열별입학정원현황_대학원(09-25).zip""]","[""794fd448cb224936ebbda2cf7fc7e0ebc3018b0aa229d9930dcd8f7c9d2a1f22""]",no
고등교육통계|0202|교육대학대학원학급편성기준,고등교육통계,0202,교육대학대학원학급편성기준,학생,2009~2013,11595,downloaded,1,6097,"[""ALL""]","[""data/raw/edss/고등교육통계/0202_교육대학대학원학급편성기준_11595/0202. 교육대학대학원학급편성기준(09-13).zip""]","[""00543c25a0f53cdc04d98a6b8403df4d17f4a756ea23681e2bf2a76c126e59a0""]",no
고등교육통계|0203|국가별외국인유학생현황,고등교육통계,0203,국가별외국인유학생현황,학생,2009~2013,11221,downloaded,1,235071,"[""ALL""]","[""data/raw/edss/고등교육통계/0203_국가별외국인유학생현황_11221/0203. 국가별외국인유학생현황(09-13).zip""]","[""d9bfde66107169b95c2b14a27cd2d1d3acd3af1f2c10c97dcd5039e938aacf23""]",no
고등교육통계|0203|국가별외국인유학생현황,고등교육통계,0203,국가별외국인유학생현황,학생,2014~2022,11222,downloaded,1,2474048,"[""ALL""]","[""data/raw/edss/고등교육통계/0203_국가별외국인유학생현황_11222/0203. 국가별외국인유학생현황(14-22).zip""]","[""5a171f3634a61f3e1ef5c457602d95b19022bc42f6ff2f8148dfbba99039e5ba""]",no
고등교육통계|0204|국가별외국인유학생현황_대학원,고등교육통계,0204,국가별외국인유학생현황_대학원,학생,2009~2013,16948,downloaded,1,245841,"[""ALL""]","[""data/raw/edss/고등교육통계/0204_국가별외국인유학생현황_대학원_16948/0204. 국가별외국인유학생현황_대학원(09-13).zip""]","[""4363e89f0361b23cf6adf059613685cafacb2e404e1990a4c4539122979b5d80""]",no
고등교육통계|0205|모집및입학정원현황,고등교육통계,0205,모집및입학정원현황,학생,2014~2025,16950,downloaded,1,4423053,"[""ALL""]","[""data/raw/edss/고등교육통계/0205_모집및입학정원현황_16950/0205. 모집및입학정원현황(14-25).zip""]","[""35c5820fbb8cae0ce42d684bbbbc0c1c0dc87ca545e2856504b9faf5184c791e""]",no
고등교육통계|0206|박사및명예박사학위수여상황,고등교육통계,0206,박사및명예박사학위수여상황,학생,2009~2025,11429,downloaded,1,4026198,"[""ALL""]","[""data/raw/edss/고등교육통계/0206_박사및명예박사학위수여상황_11429/0206. 박사및명예박사학위수여상황(09-25).zip""]","[""527f3c5e0124917100a1c6b1c1e1563eef24703b28955a29797bdf5227be4b40""]",no
고등교육통계|0207|산업체위탁생제적현황,고등교육통계,0207,산업체위탁생제적현황,학생,2009~2013,11150,downloaded,1,4528302,"[""ALL""]","[""data/raw/edss/고등교육통계/0207_산업체위탁생제적현황_11150/0207. 산업체위탁생제적현황(09-13).zip""]","[""9fa38a60fdbe16e6036b7bfe098aa4e9f6e05f54955f33316230f8e496869c80""]",no
고등교육통계|0208|시간제등록과정,고등교육통계,0208,시간제등록과정,학생,2009~2025,11159,downloaded,1,289143,"[""ALL""]","[""data/raw/edss/고등교육통계/0208_시간제등록과정_11159/0208. 시간제등록과정(09-25).zip""]","[""8389c62976080452377599fd5295743bba25f626584bb8b35cd569ddad9a5512""]",no
고등교육통계|0209|연령별신입생현황_대학원,고등교육통계,0209,연령별신입생현황_대학원,학생,2009~2025,16952,downloaded,1,115548629,"[""ALL""]","[""data/raw/edss/고등교육통계/0209_연령별신입생현황_대학원_16952/0209. 연령별신입생현황_대학원(09-25).zip""]","[""abbb3a0cc4d9576df0805ac05b441aaa131b9e6a885af326f357a6e21f7c4ab6""]",no
고등교육통계|0210|연령별입학현황,고등교육통계,0210,연령별입학현황,학생,2009~2025,16954,downloaded,1,38172402,"[""ALL""]","[""data/raw/edss/고등교육통계/0210_연령별입학현황_16954/0210. 연령별입학현황(09-25).zip""]","[""d9590582b5dab92a3fab7a5d208a7c40f52d2d835a0b76c06851694a583bed54""]",no
고등교육통계|0211|연령별재적학생현황,고등교육통계,0211,연령별재적학생현황,학생,2009~2025,11367,downloaded,1,48539444,"[""ALL""]","[""data/raw/edss/고등교육통계/0211_연령별재적학생현황_11367/0211. 연령별재적학생현황(09-25).zip""]","[""7e2bf6d7c1dff9fa48fca71348486636f61860bb6d5ab1dbe07fca44cfa9ded7""]",no
고등교육통계|0212|연령별재적학생현황_대학원,고등교육통계,0212,연령별재적학생현황_대학원,학생,2009~2025,16955,downloaded,1,26059853,"[""ALL""]","[""data/raw/edss/고등교육통계/0212_연령별재적학생현황_대학원_16955/0212. 연령별재적학생현황_대학원(09-25).zip""]","[""996ccdbeea341b84f49d61c0920756c8643450de4f76959a8cac97d71fa39026""]",no
고등교육통계|0213|연령별재적학생현황_대학원_공동운영,고등교육통계,0213,연령별재적학생현황_대학원_공동운영,학생,2010~2013,16956,downloaded,1,1843,"[""ALL""]","[""data/raw/edss/고등교육통계/0213_연령별재적학생현황_대학원_공동운영_16956/0213. 연령별재적학생현황_대학원_공동운영(10-13).zip""]","[""631be7c06146e98a5c41229835da59e610df850bf7dd1d6456d9959e44a6f314""]",no
고등교육통계|0214|연령별졸업생현황,고등교육통계,0214,연령별졸업생현황,학생,2009~2025,11101,downloaded,1,41879387,"[""ALL""]","[""data/raw/edss/고등교육통계/0214_연령별졸업생현황_11101/0214. 연령별졸업생현황(09-25).zip""]","[""1c8b9244dca7804a13140729d7b8b8dbe9659daa8e2e9e9ea87b21d239e7ce1f""]",no
고등교육통계|0215|연령별졸업생현황_공동운영,고등교육통계,0215,연령별졸업생현황_공동운영,학생,2010~2022,16957,downloaded,1,14258935,"[""ALL""]","[""data/raw/edss/고등교육통계/0215_연령별졸업생현황_공동운영_16957/0215. 연령별졸업생현황_공동운영(10-22).zip""]","[""e55cc3a03b38a7e536f51a816433aeaef49a30ade741701facaf0956539b76be""]",no
고등교육통계|0216|연령별졸업생현황_대학원,고등교육통계,0216,연령별졸업생현황_대학원,학생,2009~2025,16958,downloaded,1,23004906,"[""ALL""]","[""data/raw/edss/고등교육통계/0216_연령별졸업생현황_대학원_16958/0216. 연령별졸업생현황_대학원(09-25).zip""]","[""e02f3b916dcd5b7bff57e0c9981701953f832dd776697f07c2bfd8d2b4a294d9""]",no
고등교육통계|0217|연령별편입생현황,고등교육통계,0217,연령별편입생현황,학생,2009~2025,16959,downloaded,1,2591782,"[""ALL""]","[""data/raw/edss/고등교육통계/0217_연령별편입생현황_16959/0217. 연령별편입생현황(09-25).zip""]","[""5e935830df672731fdba3a67516d673ab8e5d600b37f3ce38660e4326583fc56""]",no
고등교육통계|0218|외국인학위취득현황_대학원_공동운영,고등교육통계,0218,외국인학위취득현황_대학원_공동운영,학생,2010~2022,16960,downloaded,1,3054357,"[""ALL""]","[""data/raw/edss/고등교육통계/0218_외국인학위취득현황_대학원_공동운영_16960/0218. 외국인학위취득현황_대학원_공동운영(10-22).zip""]","[""3e35ec765fc2b7b5807e9dbfa973d269180416112be9cf49a38dcb087a72949d""]",no
고등교육통계|0219|유학형태별_외국인유학생현황,고등교육통계,0219,유학형태별_외국인유학생현황,학생,2009~2013,16961,downloaded,1,113281,"[""ALL""]","[""data/raw/edss/고등교육통계/0219_유학형태별_외국인유학생현황_16961/0219. 유학형태별_외국인유학생현황(09-13).zip""]","[""1edc324309a4c78e25f8fcd0f6ea29722f3c1b0cc8f485ca0b4337865dd5b6ff""]",no
고등교육통계|0219|유학형태별_외국인유학생현황,고등교육통계,0219,유학형태별_외국인유학생현황,학생,2014~2022,16930,downloaded,1,564972,"[""ALL""]","[""data/raw/edss/고등교육통계/0219_유학형태별_외국인유학생현황_16930/0219. 유학형태별_외국인유학생현황(14-22).zip""]","[""a164e372f7c2fcc59312da149a8200db9956191ebe0f49abb08f5d3f3c6a034c""]",no
고등교육통계|0220|장학금급여및학비감면현황,고등교육통계,0220,장학금급여및학비감면현황,학생,2009~2013,16962,downloaded,1,6850443,"[""ALL""]","[""data/raw/edss/고등교육통계/0220_장학금급여및학비감면현황_16962/0220. 장학금급여및학비감면현황(09-13).zip""]","[""28338243bcc5b3a456cd591ea2f12eca9e1a2ad7703d9cd9270da713d27af5ff""]",no
고등교육통계|0221|재적학생현황_대학원,고등교육통계,0221,재적학생현황_대학원,학생,2009~2025,16963,downloaded,1,8595846,"[""ALL""]","[""data/raw/edss/고등교육통계/0221_재적학생현황_대학원_16963/0221. 재적학생현황_대학원(09-25).zip""]","[""cc035a203b24e946ba6d8229ffd7477efa9c7a475bf45f10072f8087c32d6aa3""]",no
고등교육통계|0222|재적학생현황_대학원_공동운영,고등교육통계,0222,재적학생현황_대학원_공동운영,학생,2010~2023,16964,downloaded,1,61236,"[""ALL""]","[""data/raw/edss/고등교육통계/0222_재적학생현황_대학원_공동운영_16964/0222. 재적학생현황_대학원_공동운영(10-13).zip""]","[""7979bef9c4cd61cf52ed4ca2d3c5831dd022a3e95873134f68514aa71b4b3279""]",no
고등교육통계|0223|재적학생현황_정원외전형별,고등교육통계,0223,재적학생현황_정원외전형별,학생,2009~2013,16965,downloaded,1,10130731,"[""ALL""]","[""data/raw/edss/고등교육통계/0223_재적학생현황_정원외전형별_16965/0223. 재적학생현황_정원외전형별(09-13).zip""]","[""d8654072b33618e412fce4b2910ba6f494bca91977272355b75427040e768b1c""]",no
고등교육통계|0223|재적학생현황_정원외전형별,고등교육통계,0223,재적학생현황_정원외전형별,학생,2014~2022,16931,downloaded,1,4447323,"[""ALL""]","[""data/raw/edss/고등교육통계/0223_재적학생현황_정원외전형별_16931/0223. 재적학생현황_정원외전형별(14-22).zip""]","[""8a6cec4de7c0f2c90b52ac13be04b98f2c0294250216983d9c125bd84217585a""]",no
고등교육통계|0224|재적학생현황_학과별정원내,고등교육통계,0224,재적학생현황_학과별정원내,학생,2009~2013,16966,downloaded,1,2237330,"[""ALL""]","[""data/raw/edss/고등교육통계/0224_재적학생현황_학과별정원내_16966/0224. 재적학생현황_학과별정원내(09-13).zip""]","[""01f777a7c705d7d4e986f24f5ade7c8160794d47ee1cfc6ec4132483c74112aa""]",no
고등교육통계|0224|재적학생현황_학과별정원내,고등교육통계,0224,재적학생현황_학과별정원내,학생,2014~2022,16932,downloaded,1,2458751,"[""ALL""]","[""data/raw/edss/고등교육통계/0224_재적학생현황_학과별정원내_16932/0224. 재적학생현황_학과별정원내(14-22).zip""]","[""a7939578c8887faad9fc5b28421ad1be3f3e8cb49a74accd3d66e679fb57a5c6""]",no
고등교육통계|0225|재적학생현황_학과별정원외,고등교육통계,0225,재적학생현황_학과별정원외,학생,2009~2013,16967,downloaded,1,1183125,"[""ALL""]","[""data/raw/edss/고등교육통계/0225_재적학생현황_학과별정원외_16967/0225. 재적학생현황_학과별정원외(09-13).zip""]","[""c921d650745c61b968ec631c0e368e84d261fed04f654183a9c969ce988ee413""]",no
고등교육통계|0225|재적학생현황_학과별정원외,고등교육통계,0225,재적학생현황_학과별정원외,학생,2014~2022,16933,downloaded,1,1768534,"[""ALL""]","[""data/raw/edss/고등교육통계/0225_재적학생현황_학과별정원외_16933/0225. 재적학생현황_학과별정원외(14-22).zip""]","[""804e0a70308fcc872b3366ed5aa038c4f7ce5550135e82a7851beb7c4f4664d5""]",no
고등교육통계|0226|재학생해외연수일반현황,고등교육통계,0226,재학생해외연수일반현황,학생,2009~2025,16968,downloaded,1,143452,"[""ALL""]","[""data/raw/edss/고등교육통계/0226_재학생해외연수일반현황_16968/0226. 재학생해외연수일반현황(09-25).zip""]","[""41e02ffcdea1dc8ba03be62666122f3e05c8260e9a50883b36712cfbdfa69585""]",no
고등교육통계|0227|전문대학_자격증취득현황,고등교육통계,0227,전문대학_자격증취득현황,학생,2009~2022,16969,downloaded,1,202057,"[""ALL""]","[""data/raw/edss/고등교육통계/0227_전문대학_자격증취득현황_16969/0227. 전문대학_자격증취득현황(09-22).zip""]","[""4a55ae29f9550b02b2986e3179cd8527040100ffa825dfad6d32d4bf41857e59""]",no
고등교육통계|0228|졸업후상황,고등교육통계,0228,졸업후상황,학생,2009~2022,16970,downloaded,1,58982530,"[""ALL""]","[""data/raw/edss/고등교육통계/0228_졸업후상황_16970/0228. 졸업후상황(09-22).zip""]","[""6fadc12b24b1771d3aa601f889dc358916b97bf94d8765a6e979287700931ff6""]",no
고등교육통계|0229|졸업후상황_공동운영,고등교육통계,0229,졸업후상황_공동운영,학생,2010~2013,16971,downloaded,1,1105547,"[""ALL""]","[""data/raw/edss/고등교육통계/0229_졸업후상황_공동운영_16971/0229. 졸업후상황_공동운영(10-13).zip""]","[""6fa931e64e74cb085fa511daffa6cd48837dd34150c5f38d4e39a0e2f6759ccc""]",no
고등교육통계|0229|졸업후상황_공동운영,고등교육통계,0229,졸업후상황_공동운영,학생,2014~2025,16934,downloaded,1,79216,"[""ALL""]","[""data/raw/edss/고등교육통계/0229_졸업후상황_공동운영_16934/0229. 졸업후상황_공동운영(14-25).zip""]","[""b11184aba65e9c3a40033a3560b93b7f48b6dc33778de03b6a447fcc90f5be75""]",no
고등교육통계|0230|지원자및입학현황,고등교육통계,0230,지원자및입학현황,학생,2009~2025,16972,downloaded,1,220622641,"[""ALL""]","[""data/raw/edss/고등교육통계/0230_지원자및입학현황_16972/0230. 지원자및입학현황(09-25).zip""]","[""82d93c9cc481d8e892475d48280b3254ee64e8917e9f9dc35099d18b498e4ed1""]",no
고등교육통계|0231|지원자및입학현황_대학원,고등교육통계,0231,지원자및입학현황_대학원,학생,2009~2013,16973,downloaded,1,3599403,"[""ALL""]","[""data/raw/edss/고등교육통계/0231_지원자및입학현황_대학원_16973/0231. 지원자및입학현황_대학원(09-13).zip""]","[""0c90ced0d1dd438b1bae60d2cf33dc1a5e59fb62ab21f61bb74dd821cda32b21""]",no
고등교육통계|0231|지원자및입학현황_대학원,고등교육통계,0231,지원자및입학현황_대학원,학생,2014~2025,16935,downloaded,1,7887669,"[""ALL""]","[""data/raw/edss/고등교육통계/0231_지원자및입학현황_대학원_16935/0231. 지원자및입학현황_대학원(14-25).zip""]","[""33f736ae05c3c25b21a5c95212e3b9d700cbac729cb842f0180aa8924240e73f""]",no
고등교육통계|0232|직업별신입및편입생현황,고등교육통계,0232,직업별신입및편입생현황,학생,2009~2022,16974,downloaded,1,211508,"[""ALL""]","[""data/raw/edss/고등교육통계/0232_직업별신입및편입생현황_16974/0232. 직업별신입및편입생현황(09-22).zip""]","[""8bb56a3a06b36c04b35a15accfd2ad4acf46c5938451c8941a6d3a4fd5216cf9""]",no
고등교육통계|0233|직업별학생현황_방송통신대,고등교육통계,0233,직업별학생현황_방송통신대,학생,2009~2022,16975,downloaded,1,81162,"[""ALL""]","[""data/raw/edss/고등교육통계/0233_직업별학생현황_방송통신대_16975/0233. 직업별학생현황_방송통신대(09-22).zip""]","[""bfc87876541c6170f05908ab82fc3a8551f4413aa08a3002ca852b522379978d""]",no
고등교육통계|0234|학과별외국인유학생현황,고등교육통계,0234,학과별외국인유학생현황,학생,2010~2013,16976,downloaded,1,643239,"[""ALL""]","[""data/raw/edss/고등교육통계/0234_학과별외국인유학생현황_16976/0234. 학과별외국인유학생현황(10-13).zip""]","[""131908e925d94548ce247a419dc7a6b8141809f382d240dee298ae51c3d726d7""]",no
고등교육통계|0234|학과별외국인유학생현황,고등교육통계,0234,학과별외국인유학생현황,학생,2014~2022,16936,downloaded,1,1347063,"[""ALL""]","[""data/raw/edss/고등교육통계/0234_학과별외국인유학생현황_16936/0234. 학과별외국인유학생현황(14-22).zip""]","[""72c651bd8f05e1633abe0027a937f9194389f574e84137a8afaed5c54b70cfa0""]",no
고등교육통계|0235|학과별외국인유학생현황_대학원,고등교육통계,0235,학과별외국인유학생현황_대학원,학생,2010~2013,16977,downloaded,1,460544,"[""ALL""]","[""data/raw/edss/고등교육통계/0235_학과별외국인유학생현황_대학원_16977/0235. 학과별외국인유학생현황_대학원(10-13).zip""]","[""9562d89e9b482ab756934da237f3ababc406690cef2abf9243ff7e8f0fb0dc34""]",no
고등교육통계|0235|학과별외국인유학생현황_대학원,고등교육통계,0235,학과별외국인유학생현황_대학원,학생,2014~2022,16937,downloaded,1,684643,"[""ALL""]","[""data/raw/edss/고등교육통계/0235_학과별외국인유학생현황_대학원_16937/0235. 학과별외국인유학생현황_대학원(14-22).zip""]","[""2de091757795a1f0b4e5ef8983163eb6e296fe8b3067316170c7627d83aaac3a""]",no
고등교육통계|0236|학교본분교현황,고등교육통계,0236,학교본분교현황,학생,2009~2025,16978,downloaded,1,203961,"[""ALL""]","[""data/raw/edss/고등교육통계/0236_학교본분교현황_16978/0236. 학교본분교현황(09-25).zip""]","[""42147d1aacb1b972b61699ed8f4db6d0889ea0ea91ac5165c39e38e765ad66f4""]",no
고등교육통계|0237|학교재적학생현황,고등교육통계,0237,학교재적학생현황,학생,2009~2013,16979,downloaded,1,5370208,"[""ALL""]","[""data/raw/edss/고등교육통계/0237_학교재적학생현황_16979/0237. 학교재적학생현황(09-13).zip""]","[""490c7bf743ca3a65ad2aa6ac2ca832523ec95f232599f681717e257dc40ef25d""]",no
고등교육통계|0237|학교재적학생현황,고등교육통계,0237,학교재적학생현황,학생,2014~2025,16938,downloaded,1,12824074,"[""ALL""]","[""data/raw/edss/고등교육통계/0237_학교재적학생현황_16938/0237. 학교재적학생현황(14-25).zip""]","[""19c5d3c9a5945f2c69606154d04668a2ce143ad3266cdf48861a07dbeb7f389e""]",no
고등교육통계|0238|학년별재적학생현황_공동운영,고등교육통계,0238,학년별재적학생현황_공동운영,학생,2010~2013,16980,downloaded,1,87423,"[""ALL""]","[""data/raw/edss/고등교육통계/0238_학년별재적학생현황_공동운영_16980/0238. 학년별재적학생현황_공동운영(10-13).zip""]","[""e37624d4284025146a211178b80af2f701017686d4b4a33b3a8f113e0c4063c7""]",no
고등교육통계|0239|학부편제정원및재학생현황_일반및산업대학,고등교육통계,0239,학부편제정원및재학생현황_일반및산업대학,학생,2009~2013,16981,downloaded,1,61381,"[""ALL""]","[""data/raw/edss/고등교육통계/0239_학부편제정원및재학생현황_일반및산업대학_16981/0239. 학부편제정원및재학생현황_일반및산업대학(09-13).zip""]","[""82be5fc7bebc22f23d4ce2931eab646fe921792db8b08aa13c5d19bf94fce6ee""]",no
고등교육통계|0240|학생동태현황_제적사유별,고등교육통계,0240,학생동태현황_제적사유별,학생,2011~2022,16982,downloaded,1,66987231,"[""ALL""]","[""data/raw/edss/고등교육통계/0240_학생동태현황_제적사유별_16982/0240. 학생동태현황_제적사유별(11-22).zip""]","[""e35707ce6d9fd2a8ea1cc984fcd37816df42ff7d8821ab12d4548a78b152a632""]",no
고등교육통계|0241|학생동태현황_제적사유별_대학원,고등교육통계,0241,학생동태현황_제적사유별_대학원,학생,2011~2022,16983,downloaded,1,30032748,"[""ALL""]","[""data/raw/edss/고등교육통계/0241_학생동태현황_제적사유별_대학원_16983/0241. 학생동태현황_제적사유별_대학원(11-22).zip""]","[""57e5945b24c0417285bf07fc4240c14f463edb23eb888bc225ab7451b425f044""]",no
고등교육통계|0242|학생변동상황,고등교육통계,0242,학생변동상황,학생,2009~2013,16984,downloaded,1,2343128,"[""ALL""]","[""data/raw/edss/고등교육통계/0242_학생변동상황_16984/0242. 학생변동상황(09-13).zip""]","[""3a0235ad7762ae1aca0b5d12294d319932fa7a0845230c3980985488ccd30c14""]",no
고등교육통계|0242|학생변동상황,고등교육통계,0242,학생변동상황,학생,2014~2022,16939,downloaded,1,3374821,"[""ALL""]","[""data/raw/edss/고등교육통계/0242_학생변동상황_16939/0242. 학생변동상황(14-22).zip""]","[""cb1de95c92ea9808bc3fb7b2ea1d9053c22dc584e24a2e3a02a6481324ad2acc""]",no
고등교육통계|0243|학생변동상황_대학원,고등교육통계,0243,학생변동상황_대학원,학생,2009~2013,16985,downloaded,1,3438037,"[""ALL""]","[""data/raw/edss/고등교육통계/0243_학생변동상황_대학원_16985/0243. 학생변동상황_대학원(09-13).zip""]","[""fbb67451f7c16beb3e1a40f69a366ade96b8f3f68f0a2fdffc13df9c92dd9c62""]",no
고등교육통계|0243|학생변동상황_대학원,고등교육통계,0243,학생변동상황_대학원,학생,2014~2022,16942,downloaded,1,2923627,"[""ALL""]","[""data/raw/edss/고등교육통계/0243_학생변동상황_대학원_16942/0243. 학생변동상황_대학원(14-22).zip""]","[""f2d3e3ed3d4fd5cae2bc36b081c25999f9ddae1f38c8d710c36bf3556d6050a2""]",no
고등교육통계|0244|학생제적현황_제적사유별,고등교육통계,0244,학생제적현황_제적사유별,학생,2014~2025,16986,downloaded,1,10804689,"[""ALL""]","[""data/raw/edss/고등교육통계/0244_학생제적현황_제적사유별_16986/0244. 학생제적현황_제적사유별(14-25).zip""]","[""ec771a982313485798faf74e6e5d65413a6e57de520fff6a07879bc69df60898""]",no
고등교육통계|0245|학생제적현황_제적사유별_대학원,고등교육통계,0245,학생제적현황_제적사유별_대학원,학생,2014~2025,16987,downloaded,1,5483001,"[""ALL""]","[""data/raw/edss/고등교육통계/0245_학생제적현황_제적사유별_대학원_16987/0245. 학생제적현황_제적사유별_대학원(14-25).zip""]","[""9d5671dc86a86d6fdad0a58e9676001f3106d05d45c4e3ac689a9996d712f709""]",no
고등교육통계|0246|학생편제정원현황_대학원,고등교육통계,0246,학생편제정원현황_대학원,학생,2009~2013,16988,downloaded,1,268154,"[""ALL""]","[""data/raw/edss/고등교육통계/0246_학생편제정원현황_대학원_16988/0246. 학생편제정원현황_대학원(09-13).zip""]","[""0935093c3924ffaec75b1a565cd795dc728061e3ede4eb945422c10c3046d85a""]",no
고등교육통계|0246|학생편제정원현황_대학원,고등교육통계,0246,학생편제정원현황_대학원,학생,2014~2025,16940,downloaded,1,2384343,"[""ALL""]","[""data/raw/edss/고등교육통계/0246_학생편제정원현황_대학원_16940/0246. 학생편제정원현황_대학원(14-25).zip""]","[""548285e09570a0238ff4414d93c23035b36a957764b9b29890810d14db755df9""]",no
고등교육통계|0247|산학협동과정입학정원현황_대학원,고등교육통계,0247,산학협동과정입학정원현황_대학원,학생,2009~2025,16989,downloaded,1,214311,"[""ALL""]","[""data/raw/edss/고등교육통계/0247_산학협동과정입학정원현황_대학원_16989/0247. 산학협동과정입학정원현황_대학원(09-25).zip""]","[""5e461f82aa474760c1479e31fe154a537261657f60a12336dba0ee1fad6a4a1e""]",no
고등교육통계|0248|학위취득및취득후상황_대학원,고등교육통계,0248,학위취득및취득후상황_대학원,학생,2009~2013,16990,downloaded,1,3710909,"[""ALL""]","[""data/raw/edss/고등교육통계/0248_학위취득및취득후상황_대학원_16990/0248. 학위취득및취득후상황_대학원(09-13).zip""]","[""976688b1ff88f1ee9021d759b6596cca69ab0fabed660e372904fbf648971f17""]",no
고등교육통계|0248|학위취득및취득후상황_대학원,고등교육통계,0248,학위취득및취득후상황_대학원,학생,2014~2022,16941,downloaded,1,2856863,"[""ALL""]","[""data/raw/edss/고등교육통계/0248_학위취득및취득후상황_대학원_16941/0248. 학위취득및취득후상황_대학원(14-22).zip""]","[""0139fea365e84d12eefb96a9b0e77012a00d01ab6c8b43c5c6b659a48f3c057a""]",no
고등교육통계|0249|학위취득상황_대학원_공동운영,고등교육통계,0249,학위취득상황_대학원_공동운영,학생,2010~2025,16991,downloaded,1,3972779,"[""ALL""]","[""data/raw/edss/고등교육통계/0249_학위취득상황_대학원_공동운영_16991/0249. 학위취득상황_대학원_공동운영(10-25).zip""]","[""939ea51fb3d6b546fcf63af99c0ffa425eb067cfa6e216fdaa379294a2df24bf""]",no
고등교육통계|0301|총원장및전임교원현황,고등교육통계,0301,총원장및전임교원현황,교직원,2009~2013,11601,downloaded,1,16802174,"[""ALL""]","[""data/raw/edss/고등교육통계/0301_총원장및전임교원현황_11601/0301. 총원장및전임교원현황(09-13).zip""]","[""5f04b2b10990b8d42b747385050bbc5a464af51a326b91bdaa56a0ced883a2e0""]",no
고등교육통계|0301|총원장및전임교원현황,고등교육통계,0301,총원장및전임교원현황,교직원,2014~2025,11602,downloaded,1,37284147,"[""ALL""]","[""data/raw/edss/고등교육통계/0301_총원장및전임교원현황_11602/0301. 총원장및전임교원현황(14-25).zip""]","[""dca10bc48de1ef94c817855a5d2615782ae8fc9c95ec9d3a3cf086627b7c6e56""]",no
고등교육통계|0302|겸임및초빙교원현황,고등교육통계,0302,겸임및초빙교원현황,교직원,2009~2013,11689,downloaded,1,3453763,"[""ALL""]","[""data/raw/edss/고등교육통계/0302_겸임및초빙교원현황_11689/0302. 겸임및초빙교원현황(09-13).zip""]","[""2f61c413ee37a2802e45623def7d25ac59f7380c17125489093746ca248eb5c4""]",no
고등교육통계|0302|겸임및초빙교원현황,고등교육통계,0302,겸임및초빙교원현황,교직원,2014~2025,11690,downloaded,1,8515985,"[""ALL""]","[""data/raw/edss/고등교육통계/0302_겸임및초빙교원현황_11690/0302. 겸임및초빙교원현황(14-25).zip""]","[""0b200e9739d81e9d9c327e0eb6d3378b4abbdfff2ecc10dd77c371345f4af132""]",no
고등교육통계|0303|기타교원현황,고등교육통계,0303,기타교원현황,교직원,2009~2013,11731,downloaded,1,1450447,"[""ALL""]","[""data/raw/edss/고등교육통계/0303_기타교원현황_11731/0303. 기타교원현황(09-13).zip""]","[""43dcdef7ce86fde82201daaa0df374f923649adbc538fc35e05b6f5b20c751fa""]",no
고등교육통계|0303|기타교원현황,고등교육통계,0303,기타교원현황,교직원,2014~2022,11732,downloaded,1,6439803,"[""ALL""]","[""data/raw/edss/고등교육통계/0303_기타교원현황_11732/0303. 기타교원현황(14-22).zip""]","[""554977a250930c988c4da0bcde923f6bb01614a94b87d9e3e8cd62101e37d736""]",no
고등교육통계|0304|재직교원정현원현황,고등교육통계,0304,재직교원정현원현황,교직원,2014~2022,11767,downloaded,1,763237,"[""ALL""]","[""data/raw/edss/고등교육통계/0304_재직교원정현원현황_11767/0304. 재직교원정현원현황(14-22).zip""]","[""87174fc4519235fea3801a2eca457fb2f4ec4846a7ea62f85bf0e9414a3fa947""]",no
고등교육통계|0305|직원현황_교직원,고등교육통계,0305,직원현황_교직원,교직원,2009~2023,11783,downloaded,1,3915691,"[""ALL""]","[""data/raw/edss/고등교육통계/0305_직원현황_교직원_11783/0305. 직원현황_교직원(09-23).zip""]","[""1dd4c23710bccb58d4fe8f9de5f67d81885ed5807408959bd6984969f7e8140d""]",no
고등교육통계|0306|시간강사인원현황,고등교육통계,0306,시간강사인원현황,교직원,2009~2013,11791,downloaded,1,190696,"[""ALL""]","[""data/raw/edss/고등교육통계/0306_시간강사인원현황_11791/0306. 시간강사인원현황(09-13).zip""]","[""2024b00b1c18728a230fd5a65a6769382c514f00ef7d71735c9576b5686f840b""]",no
고등교육통계|0306|시간강사인원현황,고등교육통계,0306,시간강사인원현황,교직원,2014~2022,11792,downloaded,1,524960,"[""ALL""]","[""data/raw/edss/고등교육통계/0306_시간강사인원현황_11792/0306. 시간강사인원현황(14-22).zip""]","[""0001f9af3379a77f67dcc9000278b2057b95f38e8796e25bb942d8d6765c6655""]",no
고등교육통계|0307|전임교원출신현황,고등교육통계,0307,전임교원출신현황,교직원,2009~2013,11832,downloaded,1,24537,"[""ALL""]","[""data/raw/edss/고등교육통계/0307_전임교원출신현황_11832/0307. 전임교원출신현황(09-13).zip""]","[""e038cefb30b96a5fdedc2d092cb0f7599028b1fdb3b7d355de930d5b5f7e51c6""]",no
고등교육통계|0307|전임교원출신현황,고등교육통계,0307,전임교원출신현황,교직원,2014~2025,11833,downloaded,1,4082609,"[""ALL""]","[""data/raw/edss/고등교육통계/0307_전임교원출신현황_11833/0307. 전임교원출신현황(14-25).zip""]","[""c16e79ae79fff7e07707562c104f62447b379d978ed707312fe1bac8fdf74cef""]",no
고등교육통계|0308|외국인전임교원현황_전공계열별,고등교육통계,0308,외국인전임교원현황_전공계열별,교직원,2009~2013,11837,downloaded,1,1109143,"[""ALL""]","[""data/raw/edss/고등교육통계/0308_외국인전임교원현황_전공계열별_11837/0308. 외국인전임교원현황_전공계열별(09-13).zip""]","[""0445c85854c2fa91073cbd018357c2767e22fef76ae0665d7cac043bf991e4e9""]",no
고등교육통계|0309|외국인전임교원현황_국가별,고등교육통계,0309,외국인전임교원현황_국가별,교직원,2009~2013,17032,downloaded,1,747283,"[""ALL""]","[""data/raw/edss/고등교육통계/0309_외국인전임교원현황_국가별_17032/0309. 외국인전임교원현황_국가별(09-13).zip""]","[""1860b94990cac2b999900863a2acdaae50d9889933f751addb5591bd20799670""]",no
고등교육통계|0310|외국인비전임교원현황_전공계열별,고등교육통계,0310,외국인비전임교원현황_전공계열별,교직원,2009~2013,11843,downloaded,1,4241521,"[""ALL""]","[""data/raw/edss/고등교육통계/0310_외국인비전임교원현황_전공계열별_11843/0310. 외국인비전임교원현황_전공계열별(09-13).zip""]","[""9c5ce70ad3d8a1515af9de6aa87e01446233592984b22f5ac67548811fad9fb7""]",no
고등교육통계|0311|외국인비전임교원현황_국가별,고등교육통계,0311,외국인비전임교원현황_국가별,교직원,2009~2013,17033,downloaded,1,6153087,"[""ALL""]","[""data/raw/edss/고등교육통계/0311_외국인비전임교원현황_국가별_17033/0311. 외국인비전임교원현황_국가별(09-13).zip""]","[""6266d2d12e74f48794bded23785309595ea562404b7dbc6716d35d68e2b5e96f""]",no
고등교육통계|0312|교원주당수업시수현황_과목및시간,고등교육통계,0312,교원주당수업시수현황_과목및시간,교직원,2009~2013,11850,downloaded,1,500083,"[""ALL""]","[""data/raw/edss/고등교육통계/0312_교원주당수업시수현황_과목및시간_11850/0312. 교원주당수업시수현황_과목및시간(09-13).zip""]","[""55db2f7cf4b59d9fa6b17459cd43aae975290670521bfef56c762300108ed9ea""]",no
고등교육통계|0312|교원주당수업시수현황_과목및시간,고등교육통계,0312,교원주당수업시수현황_과목및시간,교직원,2014~2022,11851,downloaded,1,3066328,"[""ALL""]","[""data/raw/edss/고등교육통계/0312_교원주당수업시수현황_과목및시간_11851/0312. 교원주당수업시수현황_과목및시간(14-22).zip""]","[""285dedb48b6943bd475a7d3746719413aa2821948872d5340814251e349e52b8""]",no
고등교육통계|0313|교원주당수업시수현황_인원,고등교육통계,0313,교원주당수업시수현황_인원,교직원,2009~2013,17034,downloaded,1,491167,"[""ALL""]","[""data/raw/edss/고등교육통계/0313_교원주당수업시수현황_인원_17034/0313. 교원주당수업시수현황_인원(09-13).zip""]","[""26ebba04d6806ad71802c197987f47b805294bc1308b477b753be8f1f226eea9""]",no
고등교육통계|0313|교원주당수업시수현황_인원,고등교육통계,0313,교원주당수업시수현황_인원,교직원,2014~2022,17020,downloaded,1,1339993,"[""ALL""]","[""data/raw/edss/고등교육통계/0313_교원주당수업시수현황_인원_17020/0313. 교원주당수업시수현황_인원(14-22).zip""]","[""ad5055ff1224d511a1ea269699b0b3fc730dd64acb9ab4e07efde8f2bf2fda5a""]",no
고등교육통계|0314|교원급여및수업시수현황,고등교육통계,0314,교원급여및수업시수현황,교직원,2009~2014,17035,downloaded,1,121399,"[""ALL""]","[""data/raw/edss/고등교육통계/0314_교원급여및수업시수현황_17035/0314. 교원급여및수업시수현황(09-14).zip""]","[""a73e8f8ae21b66325aa74016a6adb7e79f3c9e70ab495c72bdf0869d29be0e5f""]",no
고등교육통계|0315|교원현황_대학원대학,고등교육통계,0315,교원현황_대학원대학,교직원,2014~2022,11916,downloaded,1,4961,"[""ALL""]","[""data/raw/edss/고등교육통계/0315_교원현황_대학원대학_11916/0315. 교원현황_대학원대학(14-22).zip""]","[""e53e9d3f75794710d5a6da6245c04a6f6008187a2be275ad48024fc2065c478b""]",no
고등교육통계|0316|교원현황_일반대학,고등교육통계,0316,교원현황_일반대학,교직원,2014~2022,17036,downloaded,1,59495,"[""ALL""]","[""data/raw/edss/고등교육통계/0316_교원현황_일반대학_17036/0316. 교원현황_일반대학(14-22).zip""]","[""409ab3eee4b16bd0a38eb72ed7cdbf73198b34ed4071c0450112d2f9bd8da4b3""]",no
고등교육통계|0317|교원현황_산업대학,고등교육통계,0317,교원현황_산업대학,교직원,2014~2022,17037,downloaded,1,1207,"[""ALL""]","[""data/raw/edss/고등교육통계/0317_교원현황_산업대학_17037/0317. 교원현황_산업대학(14-22).zip""]","[""88054ea5eb82742e1a8666f651f94ebd4652b1a13c930262dd7c7596585d9087""]",no
고등교육통계|0318|교원현황_전문대_위탁생미포함,고등교육통계,0318,교원현황_전문대_위탁생미포함,교직원,2009~2013,17038,downloaded,1,80607,"[""ALL""]","[""data/raw/edss/고등교육통계/0318_교원현황_전문대_위탁생미포함_17038/0318. 교원현황_전문대_위탁생미포함(09-13).zip""]","[""c21e6f4667a9fe25798555cfb8cdd618524c28c898a5aa14cc9ec4c19c8014d7""]",no
고등교육통계|0318|교원현황_전문대_위탁생미포함,고등교육통계,0318,교원현황_전문대_위탁생미포함,교직원,2014~2016,17021,downloaded,1,16549,"[""ALL""]","[""data/raw/edss/고등교육통계/0318_교원현황_전문대_위탁생미포함_17021/0318. 교원현황_전문대_위탁생미포함(14-16).zip""]","[""134bb3e9279196eb5cf3fb63de78cce58480c803c173f076d1031eea6fc2f032""]",no
고등교육통계|0319|교원현황_전문대_위탁생포함,고등교육통계,0319,교원현황_전문대_위탁생포함,교직원,2009~2013,17039,downloaded,1,82159,"[""ALL""]","[""data/raw/edss/고등교육통계/0319_교원현황_전문대_위탁생포함_17039/0319. 교원현황_전문대_위탁생포함(09-13).zip""]","[""aa5ee610a55108c6fcbbe3b356ca95415f37676da30e09d87d873999e5273305""]",no
고등교육통계|0319|교원현황_전문대_위탁생포함,고등교육통계,0319,교원현황_전문대_위탁생포함,교직원,2014~2024,17022,downloaded,1,74088,"[""ALL""]","[""data/raw/edss/고등교육통계/0319_교원현황_전문대_위탁생포함_17022/0319. 교원현황_전문대_위탁생포함(14-24).zip""]","[""4c23ae308a288095e90ad2efa9ba815bbbbf6b380638808022a040e85fc0e75b""]",no
고등교육통계|0320|교원현황_전문대_학과별,고등교육통계,0320,교원현황_전문대_학과별,교직원,2009~2022,17040,downloaded,1,898443,"[""ALL""]","[""data/raw/edss/고등교육통계/0320_교원현황_전문대_학과별_17040/0320. 교원현황_전문대_학과별(09-22).zip""]","[""d4109ece96c381d3451312d9d5fb5c1d15d6672d85e2ed02ed2f39a8360527e0""]",no
고등교육통계|0321|교수교육훈련현황,고등교육통계,0321,교수교육훈련현황,교직원,2009~2013,17041,downloaded,1,9282,"[""ALL""]","[""data/raw/edss/고등교육통계/0321_교수교육훈련현황_17041/0321. 교수교육훈련현황(09-13).zip""]","[""ff1f88cfa120d29c21ff51eb52edac1f94b4f3ae77b4428d1bf708a0dfafffd0""]",no
고등교육통계|0321|교수교육훈련현황,고등교육통계,0321,교수교육훈련현황,교직원,2014~2022,17023,downloaded,1,67469,"[""ALL""]","[""data/raw/edss/고등교육통계/0321_교수교육훈련현황_17023/0321. 교수교육훈련현황(14-22).zip""]","[""9ddcaecc313997067ee53ac6f130089eb26f82a61c925c75b3e471b7a0fa4b74""]",no
고등교육통계|0322|교원자격증발급현황,고등교육통계,0322,교원자격증발급현황,교직원,2015~2025,17042,downloaded,1,23226,"[""ALL""]","[""data/raw/edss/고등교육통계/0322_교원자격증발급현황_17042/0322. 교원자격증발급현황(15-25).zip""]","[""217b60344e79d850cc4d0747b536623cb912f47129d1bb725fcf7680544891b6""]",no
고등교육통계|0323|국립대학배정정원및채용현황,고등교육통계,0323,국립대학배정정원및채용현황,교직원,2009~2022,17043,downloaded,1,18390,"[""ALL""]","[""data/raw/edss/고등교육통계/0323_국립대학배정정원및채용현황_17043/0323. 국립대학배정정원및채용현황(09-22).zip""]","[""d47420c3a47e56ef8e4d3c8f684f642ade37682e9d9ef2891b20ba758ea1bea9""]",no
고등교육통계|0324|직원연수및교육훈련실적_교원제외,고등교육통계,0324,직원연수및교육훈련실적_교원제외,교직원,2009~2013,17044,downloaded,1,10519,"[""ALL""]","[""data/raw/edss/고등교육통계/0324_직원연수및교육훈련실적_교원제외_17044/0324. 직원연수및교육훈련실적_교원제외(09-13).zip""]","[""1a2c92e335ac674cd9d0e0bfdb05140c92c16474013d460595be4ec0806497ab""]",no
고등교육통계|0325|전임교원재임용현황,고등교육통계,0325,전임교원재임용현황,교직원,2009~2012,17045,downloaded,1,5248,"[""ALL""]","[""data/raw/edss/고등교육통계/0325_전임교원재임용현황_17045/0325. 전임교원재임용현황(09-12).zip""]","[""3e0ea0cc9581b9125f638dbe53dc98c32ffabf0e4b2a81a5c509a4f7bcc20a16""]",no
고등교육통계|0326|전임교원승진현황,고등교육통계,0326,전임교원승진현황,교직원,2009~2012,17046,downloaded,1,5616,"[""ALL""]","[""data/raw/edss/고등교육통계/0326_전임교원승진현황_17046/0326. 전임교원승진현황(09-12).zip""]","[""4144e59e8862f150a73aa42ac0acdf6a557451d442fbee1668b7c88291423e6e""]",no
고등교육통계|0327|교직원연수현황,고등교육통계,0327,교직원연수현황,교직원,2009~2015,17047,downloaded,1,161028,"[""ALL""]","[""data/raw/edss/고등교육통계/0327_교직원연수현황_17047/0327. 교직원연수현황(09-15).zip""]","[""1306f0d6ffdc70f07063b4577a8ea3ff74bfd00623f314a12cb4c5c0bdd737cf""]",no
고등교육통계|0328|전임교원임면현황,고등교육통계,0328,전임교원임면현황,교직원,2009~2012,17048,downloaded,1,82282,"[""ALL""]","[""data/raw/edss/고등교육통계/0328_전임교원임면현황_17048/0328. 전임교원임면현황(09-12).zip""]","[""74ad8ba4f3e227f748881037e90b56531fba79ef1e9e4b5a12f93fa7812e46e4""]",no
고등교육통계|0401|개설교과현황,고등교육통계,0401,개설교과현황,교육,2009~2013,17049,downloaded,1,295573,"[""ALL""]","[""data/raw/edss/고등교육통계/0401_개설교과현황_17049/0401. 개설교과현황(09-13).zip""]","[""e144dc24973927f836f0782e87a79f1e210ea8da4771013fa6d5dfe3b063b834""]",no
고등교육통계|0401|개설교과현황,고등교육통계,0401,개설교과현황,교육,2014~2022,17058,downloaded,1,659471,"[""ALL""]","[""data/raw/edss/고등교육통계/0401_개설교과현황_17058/0401. 개설교과현황(14-22).zip""]","[""f7c068552a36e8ff8cd5e49035a345eee2054ae0e0899a8f491ab4c2822b381d""]",no
고등교육통계|0402|교양강좌개설및수강현황,고등교육통계,0402,교양강좌개설및수강현황,교육,2009~2013,17050,downloaded,1,211665,"[""ALL""]","[""data/raw/edss/고등교육통계/0402_교양강좌개설및수강현황_17050/0402. 교양강좌개설및수강현황(09-13).zip""]","[""ddafce544a891bae36aae6d873adac80686e21c3efcabb3483c8ebeb0fa63011""]",no
고등교육통계|0402|교양강좌개설및수강현황,고등교육통계,0402,교양강좌개설및수강현황,교육,2014~2025,17059,downloaded,1,544250,"[""ALL""]","[""data/raw/edss/고등교육통계/0402_교양강좌개설및수강현황_17059/0402. 교양강좌개설및수강현황(14-25).zip""]","[""ba681a9a5ccbd5693356a9e7cd24a955b2f9595d39000ad392a9fbb8ceb83839""]",no
고등교육통계|0403|대학전공강좌개설및수강현황,고등교육통계,0403,대학전공강좌개설및수강현황,교육,2009~2013,17051,downloaded,1,743035,"[""ALL""]","[""data/raw/edss/고등교육통계/0403_대학전공강좌개설및수강현황_17051/0403. 대학전공강좌개설및수강현황(09-13).zip""]","[""64845425f82b11fe93989fabf3f11c7b925ffc859010454bde8769fd2571ea03""]",no
고등교육통계|0403|대학전공강좌개설및수강현황,고등교육통계,0403,대학전공강좌개설및수강현황,교육,2014~2025,17060,downloaded,1,3993272,"[""ALL""]","[""data/raw/edss/고등교육통계/0403_대학전공강좌개설및수강현황_17060/0403. 대학전공강좌개설및수강현황(14-25).zip""]","[""a0549c68b053171b576efa301e13be32745770ca5567c5dfa9ee3622e2ca6b73""]",no
고등교육통계|0404|사이버강좌개설및수강현황,고등교육통계,0404,사이버강좌개설및수강현황,교육,2009~2013,17052,downloaded,1,15574,"[""ALL""]","[""data/raw/edss/고등교육통계/0404_사이버강좌개설및수강현황_17052/0404. 사이버강좌개설및수강현황(09-13).zip""]","[""db8d3c1b958acbf82491eb93a266eedecd47f7594641c416a34ec7600de64a50""]",no
고등교육통계|0404|사이버강좌개설및수강현황,고등교육통계,0404,사이버강좌개설및수강현황,교육,2014~2025,17061,downloaded,1,66221,"[""ALL""]","[""data/raw/edss/고등교육통계/0404_사이버강좌개설및수강현황_17061/0404. 사이버강좌개설및수강현황(14-25).zip""]","[""83e673b03a2e402a9fa367c96aecf6895dcf258151a138044f315d2b76d06553""]",no
고등교육통계|0405|사이버강좌개설및수강현황_전문대학,고등교육통계,0405,사이버강좌개설및수강현황_전문대학,교육,2009~2013,17053,downloaded,1,4511,"[""ALL""]","[""data/raw/edss/고등교육통계/0405_사이버강좌개설및수강현황_전문대학_17053/0405. 사이버강좌개설및수강현황_전문대학(09-13).zip""]","[""5a6b75f305e491cef743751443a6e793781c1f1d893ac06053c0314e1d24001b""]",no
고등교육통계|0405|사이버강좌개설및수강현황_전문대학,고등교육통계,0405,사이버강좌개설및수강현황_전문대학,교육,2014~2022,17062,downloaded,1,25446,"[""ALL""]","[""data/raw/edss/고등교육통계/0405_사이버강좌개설및수강현황_전문대학_17062/0405. 사이버강좌개설및수강현황_전문대학(14-25).zip""]","[""242b4f4242de632c01523ce38a802beddc604d26b868a29d6ffa7a2ba2a05b86""]",no
고등교육통계|0406|산학연교류현황,고등교육통계,0406,산학연교류현황,교육,2009~2014,17054,downloaded,1,38832,"[""ALL""]","[""data/raw/edss/고등교육통계/0406_산학연교류현황_17054/0406. 산학연교류현황(09-14).zip""]","[""463b9a7e3f9a2108b7dd33bc380e052beec6731e455d89eb6faa8343568740e1""]",no
고등교육통계|0407|학점교류현황,고등교육통계,0407,학점교류현황,교육,2009~2023,17055,downloaded,1,278767,"[""ALL""]","[""data/raw/edss/고등교육통계/0407_학점교류현황_17055/0407. 학점교류현황(09-23).zip""]","[""031efcb232a98ecb6c6c156d644706d280aa9090aacb40f1510083510ce467d9""]",no
고등교육통계|0409|교직강좌개설및수강현황,고등교육통계,0409,교직강좌개설및수강현황,교육,2009~2013,17057,downloaded,1,65672,"[""ALL""]","[""data/raw/edss/고등교육통계/0409_교직강좌개설및수강현황_17057/0409. 교직강좌개설및수강현황(09-13).zip""]","[""befeb116c55840171045177906e0f99b4b0538a65ee87db85b8453905e40140c""]",no
고등교육통계|0501|동아리활동현황,고등교육통계,0501,동아리활동현황,행정,2009~2013,12063,downloaded,1,98402,"[""ALL""]","[""data/raw/edss/고등교육통계/0501_동아리활동현황_12063/0501. 동아리활동현황(09-13).zip""]","[""a51d8f8ac80b6554c57f3446415cd56d6d380fb53a41009385020fa74109f094""]",no
고등교육통계|0502|학생회현황,고등교육통계,0502,학생회현황,행정,2009~2013,12070,downloaded,1,11071,"[""ALL""]","[""data/raw/edss/고등교육통계/0502_학생회현황_12070/0502. 학생회현황(09-13).zip""]","[""8efb92bd474487f1f9a21ad8edde822d745c73273cc9e540d9f493b2054b9d6d""]",no
고등교육통계|0502|학생회현황,고등교육통계,0502,학생회현황,행정,2014,12071,downloaded,1,2891,"[""ALL""]","[""data/raw/edss/고등교육통계/0502_학생회현황_12071/0502. 학생회현황(14-14).zip""]","[""75f76c1ba259240e50c5295673b0a77c10c7cfc0b1224ad8ea46f932374e70be""]",no
고등교육통계|0601|계열별부속시설현황_건물시설,고등교육통계,0601,계열별부속시설현황_건물시설,시설,2009~2013,12085,downloaded,1,86789,"[""ALL""]","[""data/raw/edss/고등교육통계/0601_계열별부속시설현황_건물시설_12085/0601. 계열별부속시설현황_건물시설(09-13).zip""]","[""17e77522cfe29fa68a0f4c3985df1525906f93c816a085be39c9a870dd109a2b""]",no
고등교육통계|0601|계열별부속시설현황_건물시설,고등교육통계,0601,계열별부속시설현황_건물시설,시설,2014,12086,downloaded,1,29786,"[""ALL""]","[""data/raw/edss/고등교육통계/0601_계열별부속시설현황_건물시설_12086/0601. 계열별부속시설현황_건물시설(14-14).zip""]","[""56b8815b826efb87054ba5e0a7624922c957a63068da868ea1c21073d3bd3533""]",no
고등교육통계|0602|계열별부속시설현황_지적시설,고등교육통계,0602,계열별부속시설현황_지적시설,시설,2009~2013,12079,downloaded,1,263664,"[""ALL""]","[""data/raw/edss/고등교육통계/0602_계열별부속시설현황_지적시설_12079/0602. 계열별부속시설현황_지적시설(09-13).zip""]","[""28e0d7298514cdf5bdd096310e0794ba425f3ade7f04bc56ef76a105b89e24d7""]",no
고등교육통계|0603|구조별건물면적정보,고등교육통계,0603,구조별건물면적정보,시설,2009~2013,12091,downloaded,1,1080938,"[""ALL""]","[""data/raw/edss/고등교육통계/0603_구조별건물면적정보_12091/0603. 구조별건물면적정보(09-13).zip""]","[""c56d156d0d3c39e477169504541bffe7492f3fe784b59a63e973e065583212ab""]",no
고등교육통계|0604|대학부설평생교육원기관현황,고등교육통계,0604,대학부설평생교육원기관현황,시설,2009~2013,12074,downloaded,1,12149,"[""ALL""]","[""data/raw/edss/고등교육통계/0604_대학부설평생교육원기관현황_12074/0604.대학부설평생교육원기관현황(09-13).zip""]","[""52e229c245f0f96e4ba1085eefa16ff668993dee3f4aa2925788e0560d0ec4f3""]",no
고등교육통계|0701|산학협동현황_인적교류,고등교육통계,0701,산학협동현황_인적교류,산학협동,2009~2015,12126,downloaded,1,26629,"[""ALL""]","[""data/raw/edss/고등교육통계/0701_산학협동현황_인적교류_12126/0701. 산학협동현황_인적교류(09-15).zip""]","[""ad381e2f433acd30cb171cf3b574b382dafde1baef2ebdfd0039705c7ff11f29""]",no
고등교육통계|0702|산학연관협동실적,고등교육통계,0702,산학연관협동실적,산학협동,2009~2015,12136,downloaded,1,17725,"[""ALL""]","[""data/raw/edss/고등교육통계/0702_산학연관협동실적_12136/0702. 산학연관협동실적(09-15).zip""]","[""916bf412b5e3902c5f4e81e7de8ab8d97f55a763c1ea47cdfc86fbeaf62389d7""]",no
고등교육통계|0703|산학협동현황,고등교육통계,0703,산학협동현황,산학협동,2009~2015,12103,downloaded,1,28804,"[""ALL""]","[""data/raw/edss/고등교육통계/0703_산학협동현황_12103/0703. 산학협동현황(09-15).zip""]","[""0a9e932fb9084149bf33697dfd78f7407cbdcffecee269dc152362f73c497230""]",no
고등교육통계|0704|산학협동현황_현장실습및취업,고등교육통계,0704,산학협동현황_현장실습및취업,산학협동,2009~2015,12118,downloaded,1,26476,"[""ALL""]","[""data/raw/edss/고등교육통계/0704_산학협동현황_현장실습및취업_12118/0704. 산학협동현황_현장실습및취업(09-15).zip""]","[""491517836a3a14e1f71dd114c95b036c09a548e34c27967af10ab94d905aef26""]",no
대학정보공시|0101|교양과목성적평가분포,대학정보공시,0101,교양과목성적평가분포,교육과정편성 및 운영 등에 관한 사항,2009~2025,12176,downloaded,1,857106,"[""ALL""]","[""data/raw/edss/대학정보공시/0101_교양과목성적평가분포_12176/0101. 교양과목성적평가분포(09-25).zip""]","[""761438d9c573ddf929920e02e002533e79d8b9217a69b67f877621c0fcabe31c""]",no
대학정보공시|0102|교직과목성적평가분포,대학정보공시,0102,교직과목성적평가분포,교육과정편성 및 운영 등에 관한 사항,2009~2025,17111,downloaded,1,508642,"[""ALL""]","[""data/raw/edss/대학정보공시/0102_교직과목성적평가분포_17111/0102. 교직과목성적평가분포(09-25).zip""]","[""9e50d2228cb2bc939411426886fdcb5ca8dbb7e0d214cafce40692eadbc71400""]",no
대학정보공시|0103|전공과목성적평가분포,대학정보공시,0103,전공과목성적평가분포,교육과정편성 및 운영 등에 관한 사항,2009~2025,12166,downloaded,1,4007788,"[""ALL""]","[""data/raw/edss/대학정보공시/0103_전공과목성적평가분포_12166/0103. 전공과목성적평가분포(09-25).zip""]","[""bcbf76d058b0d1d47e94e1981e76dc5ad57b77bb8c5fb5a5da7e10a9d7110911""]",no
대학정보공시|0104|졸업생졸업성적분포,대학정보공시,0104,졸업생졸업성적분포,교육과정편성 및 운영 등에 관한 사항,2010~2023,12182,downloaded,1,18837518,"[""ALL""]","[""data/raw/edss/대학정보공시/0104_졸업생졸업성적분포_12182/0104. 졸업생졸업성적분포(10-23).zip""]","[""4bf112c4ae79652bb1fb4742e6fb916f08dc970b7d6972be81bc9ad51b747db9""]",no
대학정보공시|0201|대학입학전형기본계획,대학정보공시,0201,대학입학전형기본계획,학생의 선발방법 및 일정에 관한 사항,2009~2012,17117,downloaded,1,861470,"[""ALL""]","[""data/raw/edss/대학정보공시/0201_대학입학전형기본계획_17117/0201. 대학입학전형기본계획(09-12).zip""]","[""b91d6e8a1845e5c859914bbf2b26de85ab0ee420aa736a0a4dc88c2f3e0f9c17""]",no
대학정보공시|0202|대학입학전형기본계획_전문대학,대학정보공시,0202,대학입학전형기본계획_전문대학,학생의 선발방법 및 일정에 관한 사항,2009~2012,17118,downloaded,1,149591,"[""ALL""]","[""data/raw/edss/대학정보공시/0202_대학입학전형기본계획_전문대학_17118/0202. 대학입학전형기본계획_전문대학(09-12).zip""]","[""fd9f6dde30f8616066be8364b7eb73201fa17c8c693cf91b9eb449c40cf83474""]",no
대학정보공시|0203|대학입학전형시행계획,대학정보공시,0203,대학입학전형시행계획,학생의 선발방법 및 일정에 관한 사항,2009~2012,17119,downloaded,1,175094,"[""ALL""]","[""data/raw/edss/대학정보공시/0203_대학입학전형시행계획_17119/0203. 대학입학전형시행계획(09-12).zip""]","[""c19fbcfd3631a51577d9f7e154eda2506f3eecedb142998ceb9a7fa686b375bc""]",no
대학정보공시|0204|대학입학전형시행계획_전문대학,대학정보공시,0204,대학입학전형시행계획_전문대학,학생의 선발방법 및 일정에 관한 사항,2009~2012,17120,downloaded,1,84770,"[""ALL""]","[""data/raw/edss/대학정보공시/0204_대학입학전형시행계획_전문대학_17120/0204. 대학입학전형시행계획_전문대학(09-12).zip""]","[""657eae3cafd8db295081421c234f3e2074b4e61df4431f48089857332fb150a1""]",no
대학정보공시|0205|모집단위별모집인원현황,대학정보공시,0205,모집단위별모집인원현황,학생의 선발방법 및 일정에 관한 사항,2009~2012,17121,downloaded,1,671398,"[""ALL""]","[""data/raw/edss/대학정보공시/0205_모집단위별모집인원현황_17121/0205. 모집단위별모집인원현황(09-12).zip""]","[""23d9013ee4e8bc51c11e9e3dc1e0dd5ac340ceaf9c3351459198d7f205afbd47""]",no
대학정보공시|0206|모집단위별모집인원현황_전문대학,대학정보공시,0206,모집단위별모집인원현황_전문대학,학생의 선발방법 및 일정에 관한 사항,2009~2012,17122,downloaded,1,669847,"[""ALL""]","[""data/raw/edss/대학정보공시/0206_모집단위별모집인원현황_전문대학_17122/0206. 모집단위별모집인원현황_전문대학(09-12).zip""]","[""34e0e422b0af173a7e67abc02ec4314ef7a55c8d51442362d2d71fa61c95cdcd""]",no
대학정보공시|0207|편입생모집내용,대학정보공시,0207,편입생모집내용,학생의 선발방법 및 일정에 관한 사항,2009~2012,17123,downloaded,1,313279,"[""ALL""]","[""data/raw/edss/대학정보공시/0207_편입생모집내용_17123/0207. 편입생모집내용(09-12).zip""]","[""2c7ddf06bf08dd847a424cf320421ed2b805f3aed927557cc8ce859081e9fa58""]",no
대학정보공시|0301|입학전형유형별선발결과,대학정보공시,0301,입학전형유형별선발결과,"충원율, 재학생수 등 학생현황에 관한 사항",2009~2025,17126,downloaded,1,1141671,"[""ALL""]","[""data/raw/edss/대학정보공시/0301_입학전형유형별선발결과_17126/0301. 입학전형유형별선발결과(09-25).zip""]","[""7d0c638eaa9266a4897058d03cb32c3ac0d650026f8e6ee39780b860af168428""]",no
대학정보공시|0302|입학전형유형별선발결과_전문대학,대학정보공시,0302,입학전형유형별선발결과_전문대학,"충원율, 재학생수 등 학생현황에 관한 사항",2009~2025,17133,downloaded,1,224828,"[""ALL""]","[""data/raw/edss/대학정보공시/0302_입학전형유형별선발결과_전문대학_17133/0302. 입학전형유형별선발결과_전문대학(09-25).zip""]","[""d6c8b9a34b7ec6fb5f91f82d422080ff645ab174a63bbbc08165d78a93bb9096""]",no
대학정보공시|0303|기회균형선발결과,대학정보공시,0303,기회균형선발결과,"충원율, 재학생수 등 학생현황에 관한 사항",2009~2025,17127,downloaded,1,83955,"[""ALL""]","[""data/raw/edss/대학정보공시/0303_기회균형선발결과_17127/0303. 기회균형선발결과(09-25).zip""]","[""0ebc198d25663bfbb733c3624fb50875cfbff12081a0815dfbaccab409da6438""]",no
대학정보공시|0304|기회균형선발결과상세,대학정보공시,0304,기회균형선발결과상세,"충원율, 재학생수 등 학생현황에 관한 사항",2009~2021,17128,downloaded,1,31032,"[""ALL""]","[""data/raw/edss/대학정보공시/0304_기회균형선발결과상세_17128/0304. 기회균형선발결과상세(09-21).zip""]","[""7d826989cc5cee1484bff5a9454edf3175a8e3eff3c2366b2b3620a486343e7d""]",no
대학정보공시|0305|신입생충원현황,대학정보공시,0305,신입생충원현황,"충원율, 재학생수 등 학생현황에 관한 사항",2009~2025,17129,downloaded,1,5832223,"[""ALL""]","[""data/raw/edss/대학정보공시/0305_신입생충원현황/0305_신입생충원현황_2009-2025.zip""]","[""1a0c270d86b3bf48fdf8687d43bcfce742f237729f3c4efd5c31d44ba08b207f""]",yes
대학정보공시|0306|신입생충원현황_대학원,대학정보공시,0306,신입생충원현황_대학원,"충원율, 재학생수 등 학생현황에 관한 사항",2009~2025,17134,downloaded,1,664808,"[""ALL""]","[""data/raw/edss/대학정보공시/0306_신입생충원현황_대학원_17134/0306. 신입생충원현황_대학원(09-25).zip""]","[""2b18ff168bba8762a5d0a21d92ff2494be35f2b706388617a376b80721ddbab1""]",no
대학정보공시|0307|재학생충원현황,대학정보공시,0307,재학생충원현황,"충원율, 재학생수 등 학생현황에 관한 사항",2009~2025,17135,downloaded,1,520829,"[""ALL""]","[""data/raw/edss/대학정보공시/0307_재학생충원현황_17135/0307. 재학생충원현황(09-25).zip""]","[""1dd70283f575866ffb12513d41e9840da2284fb01b185e7f76b4fc2c5efd951e""]",no
대학정보공시|0308|재학생충원현황_대학원,대학정보공시,0308,재학생충원현황_대학원,"충원율, 재학생수 등 학생현황에 관한 사항",2009~2025,17130,downloaded,1,1041881,"[""ALL""]","[""data/raw/edss/대학정보공시/0308_재학생충원현황_대학원_17130/0308. 재학생충원현황_대학원(09-25).zip""]","[""799a99e308fdc4b428240fd6f8e3b8a8b09eacc3d45f46ca3cdfc2438b79291a""]",no
대학정보공시|0309|편입학선발결과,대학정보공시,0309,편입학선발결과,"충원율, 재학생수 등 학생현황에 관한 사항",2009~2025,17131,downloaded,1,1869556,"[""ALL""]","[""data/raw/edss/대학정보공시/0309_편입학선발결과_17131/0309. 편입학선발결과(09-25).zip""]","[""9ba1e2ca32fa8bcbbcad5ed100c68ad71ed4dad36762f5283fa700be2591fb5c""]",no
대학정보공시|0310|재적학생현황,대학정보공시,0310,재적학생현황,"충원율, 재학생수 등 학생현황에 관한 사항",2009~2025,17132,downloaded,1,6150507,"[""ALL""]","[""data/raw/edss/대학정보공시/0310_재적학생현황/0310_재적학생현황_2009-2025.zip""]","[""e47345202eb7c941129c483f181cb4f6b7fb73dace9d96532b5022d640b7ee3e""]",yes
대학정보공시|0311|재적학생현황_대학원,대학정보공시,0311,재적학생현황_대학원,"충원율, 재학생수 등 학생현황에 관한 사항",2009~2025,17136,downloaded,1,3068166,"[""ALL""]","[""data/raw/edss/대학정보공시/0311_재적학생현황_대학원_17136/0311. 재적학생현황_대학원(09-25).zip""]","[""286c1a0ba73ed46c4f6759890e366ad7c361cb5d43fcd8247679e798bed2494c""]",no
대학정보공시|0312|외국인유학생현황,대학정보공시,0312,외국인유학생현황,"충원율, 재학생수 등 학생현황에 관한 사항",2009~2025,17137,downloaded,1,713650,"[""ALL""]","[""data/raw/edss/대학정보공시/0312_외국인유학생현황_17137/0312. 외국인유학생현황(09-25).zip""]","[""e9f4a0dba759a7959c6168f479fceedb260bf049d0534e0209a29d01891c21a2""]",no
대학정보공시|0313|외국인유학생현황_대학원,대학정보공시,0313,외국인유학생현황_대학원,"충원율, 재학생수 등 학생현황에 관한 사항",2009~2025,17138,downloaded,1,797918,"[""ALL""]","[""data/raw/edss/대학정보공시/0313_외국인유학생현황_대학원_17138/0313. 외국인유학생현황_대학원(09-25).zip""]","[""30086f84274f14a959fc5e120ef6c77b4d468bba97a6da891c0b96d20dff6f14""]",no
대학정보공시|0314|외국인유학생중도탈락현황,대학정보공시,0314,외국인유학생중도탈락현황,"충원율, 재학생수 등 학생현황에 관한 사항",2010~2025,17139,downloaded,1,447420,"[""ALL""]","[""data/raw/edss/대학정보공시/0314_외국인유학생중도탈락현황_17139/0314. 외국인유학생중도탈락현황(10-25).zip""]","[""3a4d9f125fe6c6a6687fe41f3b9960f35a7c254446bb2ee4aa4e81c22efa2f9a""]",no
대학정보공시|0315|외국인유학생중도탈락현황_대학원,대학정보공시,0315,외국인유학생중도탈락현황_대학원,"충원율, 재학생수 등 학생현황에 관한 사항",2010~2025,17140,downloaded,1,507154,"[""ALL""]","[""data/raw/edss/대학정보공시/0315_외국인유학생중도탈락현황_대학원_17140/0315. 외국인유학생중도탈락현황_대학원(10-25).zip""]","[""6a563d65372bbea3c20172bef938617d579e6b1e12a79de660182e47122eb7fc""]",no
대학정보공시|0316|중도탈락학생현황,대학정보공시,0316,중도탈락학생현황,"충원율, 재학생수 등 학생현황에 관한 사항",2009~2025,17141,downloaded,1,5284134,"[""ALL""]","[""data/raw/edss/대학정보공시/0316_중도탈락학생현황/0316_중도탈락학생현황_2009-2025.zip""]","[""114ba81da5ad3183f6fe6bc091da71a411e8b82b632404d0d59c45bcf5eca175""]",yes
대학정보공시|0317|중도탈락학생현황_대학원,대학정보공시,0317,중도탈락학생현황_대학원,"충원율, 재학생수 등 학생현황에 관한 사항",2009~2025,17142,downloaded,1,4605466,"[""ALL""]","[""data/raw/edss/대학정보공시/0317_중도탈락학생현황_대학원_17142/0317. 중도탈락학생현황_대학원(09-25).zip""]","[""22df42c9d78b8830181a32835b9da5d3016e0d8872e03c758eb2f434e9ef81bb""]",no
대학정보공시|0318|학사학위전공심화과정학생현황,대학정보공시,0318,학사학위전공심화과정학생현황,"충원율, 재학생수 등 학생현황에 관한 사항",2009~2025,17143,downloaded,1,18971,"[""ALL""]","[""data/raw/edss/대학정보공시/0318_학사학위전공심화과정학생현황_17143/0318. 학사학위전공심화과정학생현황(09-25).zip""]","[""1052f0d3e40b9c5a5304c57ee830faabde489850c3356b98170ed3385deb4e6f""]",no
대학정보공시|0319|신입생의출신고등학교유형별현황,대학정보공시,0319,신입생의출신고등학교유형별현황,"충원율, 재학생수 등 학생현황에 관한 사항",2010~2025,17144,downloaded,1,1099543,"[""ALL""]","[""data/raw/edss/대학정보공시/0319_신입생의출신고등학교유형별현황_17144/0319. 신입생의출신고등학교유형별현황(10-25).zip""]","[""a0646bb00ea9d99be895390751537760e1c221ba3ca0744d387f623ce846539d""]",no
대학정보공시|0401|졸업생현황,대학정보공시,0401,졸업생현황,졸업후진학및취업현황등학생의진로에관한사항,2009~2025,12400,downloaded,1,18882006,"[""ALL""]","[""data/raw/edss/대학정보공시/0401_졸업생현황_12400/0401. 졸업생현황(09-25).zip""]","[""c9d02b013c110908647f2516074431131bd5f59e4f933e128e3662e46268c69a""]",no
대학정보공시|0402|졸업생현황_일반대학원,대학정보공시,0402,졸업생현황_일반대학원,졸업후진학및취업현황등학생의진로에관한사항,2009~2023,17164,downloaded,1,3287068,"[""ALL""]","[""data/raw/edss/대학정보공시/0402_졸업생현황_일반대학원_17164/0402. 졸업생현황_일반대학원(09-23).zip""]","[""b051ae9617dd4a6fda4c8766fb2ebbe1043667e1216d873a4a3613946968512b""]",no
대학정보공시|0403|졸업생현황_전문대학원,대학정보공시,0403,졸업생현황_전문대학원,졸업후진학및취업현황등학생의진로에관한사항,2009~2023,17165,downloaded,1,749173,"[""ALL""]","[""data/raw/edss/대학정보공시/0403_졸업생현황_전문대학원_17165/0403. 졸업생현황_전문대학원(09-23).zip""]","[""d0dfce789927e8b70433f8d71a826a4051b8f9b0234da90aa15c2f51539a985d""]",no
대학정보공시|0404|졸업생현황_특수대학원,대학정보공시,0404,졸업생현황_특수대학원,졸업후진학및취업현황등학생의진로에관한사항,2013~2023,17166,downloaded,1,690587,"[""ALL""]","[""data/raw/edss/대학정보공시/0404_졸업생현황_특수대학원_17166/0404. 졸업생현황_특수대학원(13-23).zip""]","[""6a499272b8d76faf991aa5c140b21ec1ef275f13fe2a0a097f1e15a14a80b789""]",no
대학정보공시|0405|졸업생진학현황_일반대학원,대학정보공시,0405,졸업생진학현황_일반대학원,졸업후진학및취업현황등학생의진로에관한사항,"2009~2019, 2021~2022",12412,downloaded,1,2255316,"[""ALL""]","[""data/raw/edss/대학정보공시/0405_졸업생진학현황_일반대학원_12412/0405. 졸업생진학현황_일반대학원(09-22).zip""]","[""23595f60cf4c01af0c5560ba8d7ebea187e27704a5062110021edc1f4e073d74""]",no
대학정보공시|0406|졸업생진학현황_전문대학원,대학정보공시,0406,졸업생진학현황_전문대학원,졸업후진학및취업현황등학생의진로에관한사항,"2009~2015, 2017~2023",17333,downloaded,1,775834,"[""ALL""]","[""data/raw/edss/대학정보공시/0406_졸업생진학현황_전문대학원_17333/0406. 졸업생진학현황_전문대학원(09-23).zip""]","[""7695644599c844a6f77270c5abc4d2a70b810f5e336e00fbdfff6eb156e73e37""]",no
대학정보공시|0407|졸업생진학현황_일반대학원_대학원,대학정보공시,0407,졸업생진학현황_일반대학원_대학원,졸업후진학및취업현황등학생의진로에관한사항,"2009~2019, 2022",17167,downloaded,1,565759,"[""ALL""]","[""data/raw/edss/대학정보공시/0407_졸업생진학현황_일반대학원_대학원_17167/0407. 졸업생진학현황_일반대학원_대학원(09-22).zip""]","[""486bb902d610e559b4d8afe0bfec39647ad62f0f757a3ca906f54e0ccfb9fd7c""]",no
대학정보공시|0408|졸업생진학현황_전문대학원_대학원,대학정보공시,0408,졸업생진학현황_전문대학원_대학원,졸업후진학및취업현황등학생의진로에관한사항,2009~2023,17168,downloaded,1,176577,"[""ALL""]","[""data/raw/edss/대학정보공시/0408_졸업생진학현황_전문대학원_대학원_17168/0408. 졸업생진학현황_전문대학원_대학원(09-23).zip""]","[""048e080cd6fab2783b5aea83f1264a2f5dc26131afa8f88b990a81e6bcb1bd5f""]",no
대학정보공시|0409|졸업생진학현황_특수대학원,대학정보공시,0409,졸업생진학현황_특수대학원,졸업후진학및취업현황등학생의진로에관한사항,2009~2023,17169,downloaded,1,915114,"[""ALL""]","[""data/raw/edss/대학정보공시/0409_졸업생진학현황_특수대학원_17169/0409. 졸업생진학현황_특수대학원(09-23).zip""]","[""004b146fd9aae6ee212efc84fb5d59b70f211ec1a8df23167bf5956249324ac7""]",no
대학정보공시|0410|졸업생취업현황,대학정보공시,0410,졸업생취업현황,졸업후진학및취업현황등학생의진로에관한사항,"2009~2019, 2022, 2024~2025",12421,downloaded,1,6558830,"[""ALL""]","[""data/raw/edss/대학정보공시/0410_졸업생취업현황_12421/0410. 졸업생취업현황(09-25).zip""]","[""645c9f065442b50ab5e987d4aa23c29aee777a6c6548ec265890ed3dccd6cb81""]",no
대학정보공시|0411|졸업생취업현황_일반대학원,대학정보공시,0411,졸업생취업현황_일반대학원,졸업후진학및취업현황등학생의진로에관한사항,"2009~2019, 2022",17170,downloaded,1,1469447,"[""ALL""]","[""data/raw/edss/대학정보공시/0411_졸업생취업현황_일반대학원_17170/0411. 졸업생취업현황_일반대학원(09-22).zip""]","[""e3a421b5e1b9c771ece473b4a329e205d0c958425c500d87d9d445bc3ec07c6b""]",no
대학정보공시|0412|졸업생취업현황_전문대학원,대학정보공시,0412,졸업생취업현황_전문대학원,졸업후진학및취업현황등학생의진로에관한사항,2009~2023,17171,downloaded,1,241267,"[""ALL""]","[""data/raw/edss/대학정보공시/0412_졸업생취업현황_전문대학원_17171/0412. 졸업생취업현황_전문대학원(09-23).zip""]","[""90e70f595a2c7d6c303ccdd8c60fb6c1b6b5ec2bec486f652f57fe382be6a67a""]",no
대학정보공시|0413|졸업생취업현황_특수대학원,대학정보공시,0413,졸업생취업현황_특수대학원,졸업후진학및취업현황등학생의진로에관한사항,2009~2023,17172,downloaded,1,1070743,"[""ALL""]","[""data/raw/edss/대학정보공시/0413_졸업생취업현황_특수대학원_17172/0413. 졸업생취업현황_특수대학원(09-23).zip""]","[""9108a84f41c3d105722baaa7fb17f2d569cb8fff4458066bfdf7c30c92cd0a53""]",no
대학정보공시|0501|전체교원대비전임교원현황_전문대학,대학정보공시,0501,전체교원대비전임교원현황_전문대학,전임교원현황에 대한 사항,2009~2025,17317,downloaded,1,1077711,"[""ALL""]","[""data/raw/edss/대학정보공시/0501_전체교원대비전임교원현황_전문대학_17317/0501. 전체교원대비전임교원현황_전문대학(09-25).zip""]","[""ef99673452828d1c28896606c010f7be0acae546ec90ff546d0874bb7d1df9d9""]",no
대학정보공시|0502|전체교원대비전임교원현황,대학정보공시,0502,전체교원대비전임교원현황,전임교원현황에 대한 사항,2009~2025,17312,downloaded,1,3506286,"[""ALL""]","[""data/raw/edss/대학정보공시/0502_전체교원대비전임교원현황/0502_전체교원대비전임교원현황_2009-2025.zip""]","[""c875c925840432842521c364a6503734182c1a8c56cdd78de3cae65d509f815f""]",yes
대학정보공시|0503|전임교원1인당학생현황,대학정보공시,0503,전임교원1인당학생현황,전임교원현황에 대한 사항,2009~2025,17313,downloaded,1,299689,"[""ALL""]","[""data/raw/edss/대학정보공시/0503_전임교원1인당학생현황/0503_전임교원1인당학생현황_2009-2025.zip""]","[""d9082825be14f447d6f94ae3ae3a736f968aa95f8a0cf0ffe3ab2f2e20c6e729""]",yes
대학정보공시|0504|전임교원1인당학생현황_전문대학,대학정보공시,0504,전임교원1인당학생현황_전문대학,전임교원현황에 대한 사항,2009~2025,17314,downloaded,1,102787,"[""ALL""]","[""data/raw/edss/대학정보공시/0504_전임교원1인당학생현황_전문대학_17314/0504. 전임교원1인당학생현황_전문대학(09-25).zip""]","[""872c934cc25da3e6a0c1b55ed5320b88e091c0fbfb2e65d5353bd88095a9d3a5""]",no
대학정보공시|0505|국가별외국인전임교원현황,대학정보공시,0505,국가별외국인전임교원현황,전임교원현황에 대한 사항,2009~2025,17315,downloaded,1,189479,"[""ALL""]","[""data/raw/edss/대학정보공시/0505_국가별외국인전임교원현황_17315/0505. 국가별외국인전임교원현황(09-25).zip""]","[""249d23ae0af9a70e1d84a30443d73d022867050f1d0cbd55219bdd6a462bf766""]",no
대학정보공시|0506|전공계열별외국인전임교원현황,대학정보공시,0506,전공계열별외국인전임교원현황,전임교원현황에 대한 사항,2009~2025,17316,downloaded,1,353945,"[""ALL""]","[""data/raw/edss/대학정보공시/0506_전공계열별외국인전임교원현황_17316/0506. 전공계열별외국인전임교원현황(09-25).zip""]","[""7e4d3da25dc159eb956670b923ac9b8863b7f1bfcf191f94e0a3308340cf4668""]",no
대학정보공시|0601|국내외학술지게재논문실적,대학정보공시,0601,국내외학술지게재논문실적,전임교원의 연구 성과에 관한 사항,2009~2025,12543,downloaded,1,3511008,"[""ALL""]","[""data/raw/edss/대학정보공시/0601_국내외학술지게재논문실적/0601_국내외학술지게재논문실적_2009-2025.zip""]","[""bacd2b15febc6f4b9df12f6759051054fd122bc5f8afc67a2a57f0f7d4aeffa7""]",yes
대학정보공시|0602|저역서실적,대학정보공시,0602,저역서실적,전임교원의 연구 성과에 관한 사항,2009~2013,12552,downloaded,1,578447,"[""ALL""]","[""data/raw/edss/대학정보공시/0602_저역서실적_12552/0602. 저역서실적(09-13).zip""]","[""895c77bd9699761695fba49d9dbef9b13e103b632b2bd1395a12d9927635bfde""]",no
대학정보공시|0701|교비회계대차대조표,대학정보공시,0701,교비회계대차대조표,예결산 내역 등 학교 및 법인의 회계에 관한 사항,2009~2025,17192,downloaded,1,486932,"[""ALL""]","[""data/raw/edss/대학정보공시/0701_교비회계대차대조표_17192/0701. 교비회계대차대조표(09-25).zip""]","[""1d3a708696adbb67551fb17214a13106844e74ae439a912c26cb938cdfcb67f3""]",no
대학정보공시|0702|교비회계운영계산서,대학정보공시,0702,교비회계운영계산서,예결산 내역 등 학교 및 법인의 회계에 관한 사항,2009~2025,17194,downloaded,1,893509,"[""ALL""]","[""data/raw/edss/대학정보공시/0702_교비회계운영계산서_17194/0702. 교비회계운영계산서(09-25).zip""]","[""388b5da7fbaf506cdc5372cf619a59f737e6a64ec8f5758b93cfeb8117f41eaf""]",no
대학정보공시|0703|교비회계자금계산서,대학정보공시,0703,교비회계자금계산서,예결산 내역 등 학교 및 법인의 회계에 관한 사항,2009~2025,17195,downloaded,1,1633247,"[""ALL""]","[""data/raw/edss/대학정보공시/0703_교비회계자금계산서_17195/0703. 교비회계자금계산서(09-25).zip""]","[""2bdbe8f4f9ee91a964caa4e9d8945b460dec1fbf5cdda9056f56eb1242068e77""]",no
대학정보공시|0704|교비회계자금예산서,대학정보공시,0704,교비회계자금예산서,예결산 내역 등 학교 및 법인의 회계에 관한 사항,2009~2025,17196,downloaded,1,960432,"[""ALL""]","[""data/raw/edss/대학정보공시/0704_교비회계자금예산서_17196/0704. 교비회계자금예산서(09-25).zip""]","[""6aa92187a7eb9ef08e353ce744ff0a9b87aa75cd262d31e99ccd474b9030041f""]",no
대학정보공시|0705|국공립대기성회계급여보조성인건비현황,대학정보공시,0705,국공립대기성회계급여보조성인건비현황,예결산 내역 등 학교 및 법인의 회계에 관한 사항,2011~2014,17197,downloaded,1,5567,"[""ALL""]","[""data/raw/edss/대학정보공시/0705_국공립대기성회계급여보조성인건비현황_17197/0705. 국공립대기성회계급여보조성인건비현황(11-14).zip""]","[""5ed737be9974df4ae1ceaad0b465f238bdb2f7859262ddffd8cb5ff048fa5c0e""]",no
대학정보공시|0706|국공립대대학회계결산_기성회계세출현황,대학정보공시,0706,국공립대대학회계결산_기성회계세출현황,예결산 내역 등 학교 및 법인의 회계에 관한 사항,2009~2025,17198,downloaded,1,173211,"[""ALL""]","[""data/raw/edss/대학정보공시/0706_국공립대대학회계결산_기성회계세출현황_17198/0706. 국공립대대학회계결산_기성회계세출현황(09-25).zip""]","[""402e46a8616e395e4062f99512bedebfc8fa086bf0d3ccc3e69a1dac26c4d9b6""]",no
대학정보공시|0707|국공립대대학회계예산_기성회계세입현황,대학정보공시,0707,국공립대대학회계예산_기성회계세입현황,예결산 내역 등 학교 및 법인의 회계에 관한 사항,2009~2025,17200,downloaded,1,163732,"[""ALL""]","[""data/raw/edss/대학정보공시/0707_국공립대대학회계예산_기성회계세입현황_17200/0707. 국공립대대학회계예산_기성회계세입현황(09-25).zip""]","[""96aa8a38e1c3c96d729e19aa04e150247fa60b1501e123cbdbbef7b0309fab65""]",no
대학정보공시|0708|국공립대발전기금회계결산_발전기금회계세출 현황,대학정보공시,0708,국공립대발전기금회계결산_발전기금회계세출 현황,예결산 내역 등 학교 및 법인의 회계에 관한 사항,2009~2025,17199,downloaded,1,70875,"[""ALL""]","[""data/raw/edss/대학정보공시/0708_국공립대발전기금회계결산_발전기금회계세출 현황_17199/0708. 국공립대발전기금회계결산_발전기금회계세출 현황(09-25).zip""]","[""5e6064b74b73cd98484960c1974da99d91f8af3b77fb2a9232fd33de3d51faa1""]",no
대학정보공시|0709|국공립대발전기금회계예산_발전기금회계세입 현황,대학정보공시,0709,국공립대발전기금회계예산_발전기금회계세입 현황,예결산 내역 등 학교 및 법인의 회계에 관한 사항,2009~2025,17335,downloaded,1,58451,"[""ALL""]","[""data/raw/edss/대학정보공시/0709_국공립대발전기금회계예산_발전기금회계세입 현황_17335/0709. 국공립대발전기금회계예산_발전기금회계세입 현황(09-25).zip""]","[""b35def8b0911de2fa9d2d0d75101b921fd1fc9f014f3c90e3228a718165a63cf""]",no
대학정보공시|0710|국공립대일반회계세입현황,대학정보공시,0710,국공립대일반회계세입현황,예결산 내역 등 학교 및 법인의 회계에 관한 사항,2009~2016,17337,downloaded,1,62531,"[""ALL""]","[""data/raw/edss/대학정보공시/0710_국공립대일반회계세입현황_17337/0710. 국공립대일반회계세입현황(09-16).zip""]","[""beaa592ec886e104367f9fd1e662713c39fb7a1667174915204a4c44ed3a9f3e""]",no
대학정보공시|0711|국공립대일반회계세출현황,대학정보공시,0711,국공립대일반회계세출현황,예결산 내역 등 학교 및 법인의 회계에 관한 사항,2009~2016,17338,downloaded,1,60401,"[""ALL""]","[""data/raw/edss/대학정보공시/0711_국공립대일반회계세출현황_17338/0711. 국공립대일반회계세출현황(09-16).zip""]","[""17d7f07d245fddbc3da317222d540e34e2b9a228a872e4df06c8013943724fc0""]",no
대학정보공시|0712|기부금현황,대학정보공시,0712,기부금현황,예결산 내역 등 학교 및 법인의 회계에 관한 사항,2009~2025,17339,downloaded,1,237245,"[""ALL""]","[""data/raw/edss/대학정보공시/0712_기부금현황_17339/0712. 기부금현황(09-25).zip""]","[""13f8b8f095ae4830c2d20eb75f80f0cc664c5e81f06c68e487b9cfcc956f7da9""]",no
대학정보공시|0713|등록금납부제도현황,대학정보공시,0713,등록금납부제도현황,예결산 내역 등 학교 및 법인의 회계에 관한 사항,2010~2025,17340,downloaded,1,573581,"[""ALL""]","[""data/raw/edss/대학정보공시/0713_등록금납부제도현황_17340/0713. 등록금납부제도현황(10-25).zip""]","[""78668f1f5132f83ac20045ea6b841a3474fbcbe1c6b7967f6b0b106b036fc235""]",no
대학정보공시|0714|등록금현황,대학정보공시,0714,등록금현황,예결산 내역 등 학교 및 법인의 회계에 관한 사항,2009~2025,17341,downloaded,1,16263420,"[""ALL""]","[""data/raw/edss/대학정보공시/0714_등록금현황/0714_등록금현황_2009-2025.zip""]","[""77df18cd875e385707c82f6f4125d742b15d5b43ca37d40a3d1d1aa10462e0c3""]",yes
대학정보공시|0715|등록금현황_대학원,대학정보공시,0715,등록금현황_대학원,예결산 내역 등 학교 및 법인의 회계에 관한 사항,2009~2025,17342,downloaded,1,20720813,"[""ALL""]","[""data/raw/edss/대학정보공시/0715_등록금현황_대학원_17342/0715. 등록금현황_대학원(09-25).zip""]","[""3d02904bb181a6e87f7c3c48d6d7b776ca731ff92d4410d54ceef96b89ee39a1""]",no
대학정보공시|0716|법인회계대차대조표,대학정보공시,0716,법인회계대차대조표,예결산 내역 등 학교 및 법인의 회계에 관한 사항,2009~2025,17343,downloaded,1,330612,"[""ALL""]","[""data/raw/edss/대학정보공시/0716_법인회계대차대조표_17343/0716. 법인회계대차대조표(09-25).zip""]","[""89808809e1a79e5718992772b694fbcadc5b586e9bea4183d84ec9c1e8a567e9""]",no
대학정보공시|0717|법인회계운영계산서,대학정보공시,0717,법인회계운영계산서,예결산 내역 등 학교 및 법인의 회계에 관한 사항,2009~2025,17344,downloaded,1,585831,"[""ALL""]","[""data/raw/edss/대학정보공시/0717_법인회계운영계산서_17344/0717. 법인회계운영계산서(09-25).zip""]","[""f5b6e9987a9010bd10bbdcc8f649ef51875b2f9549d5ce47377fc6b8e12d8e28""]",no
대학정보공시|0718|법인회계자금계산서,대학정보공시,0718,법인회계자금계산서,예결산 내역 등 학교 및 법인의 회계에 관한 사항,2009~2025,17345,downloaded,1,638498,"[""ALL""]","[""data/raw/edss/대학정보공시/0718_법인회계자금계산서_17345/0718. 법인회계자금계산서(09-25).zip""]","[""13abe00087dc60c9cd58642cc4c9a1df7429a8f8674ab99c0002fb3f968be61f""]",no
대학정보공시|0719|법인회계자금예산서,대학정보공시,0719,법인회계자금예산서,예결산 내역 등 학교 및 법인의 회계에 관한 사항,2009~2025,17346,downloaded,1,570615,"[""ALL""]","[""data/raw/edss/대학정보공시/0719_법인회계자금예산서_17346/0719. 법인회계자금예산서(09-25).zip""]","[""eed972fcf5337431627e51ee9ae95a1dca3d23aa8b692f9b60975ee290d74945""]",no
대학정보공시|0720|산학협력단운영수익현황,대학정보공시,0720,산학협력단운영수익현황,예결산 내역 등 학교 및 법인의 회계에 관한 사항,2011~2012,17347,downloaded,1,28328,"[""ALL""]","[""data/raw/edss/대학정보공시/0720_산학협력단운영수익현황_17347/0720. 산학협력단운영수익현황(11-12).zip""]","[""2d0b44f2791815e0a5c1416d8cca2091a3ae49b79de5776c8752a162bcc27502""]",no
대학정보공시|0721|산학협력단회계대차대조표,대학정보공시,0721,산학협력단회계대차대조표,예결산 내역 등 학교 및 법인의 회계에 관한 사항,2009~2025,17348,downloaded,1,325536,"[""ALL""]","[""data/raw/edss/대학정보공시/0721_산학협력단회계대차대조표_17348/0721. 산학협력단회계대차대조표(09-25).zip""]","[""d4840554225fc099f1dc2c2e3c0c3b8b0f5476ba07c8e308e97ef073294f5909""]",no
대학정보공시|0722|산학협력단회계운영계산서,대학정보공시,0722,산학협력단회계운영계산서,예결산 내역 등 학교 및 법인의 회계에 관한 사항,2009~2025,17349,downloaded,1,575243,"[""ALL""]","[""data/raw/edss/대학정보공시/0722_산학협력단회계운영계산서_17349/0722. 산학협력단회계운영계산서(09-25).zip""]","[""01848a864e930f1a54bec8357df05dbbf292cbd47f88126e1e92904324c3ca2b""]",no
대학정보공시|0723|산학협력단회계자금수지계산서,대학정보공시,0723,산학협력단회계자금수지계산서,예결산 내역 등 학교 및 법인의 회계에 관한 사항,2009~2025,17350,downloaded,1,969401,"[""ALL""]","[""data/raw/edss/대학정보공시/0723_산학협력단회계자금수지계산서_17350/0723. 산학협력단회계자금수지계산서(09-25).zip""]","[""a4b04dbf033e2b7d44dd94b1060122046fb31df63aae2fa1b912c6dc98f9359f""]",no
대학정보공시|0724|산학협력단회계현금예산서,대학정보공시,0724,산학협력단회계현금예산서,예결산 내역 등 학교 및 법인의 회계에 관한 사항,2009~2025,17351,downloaded,1,905657,"[""ALL""]","[""data/raw/edss/대학정보공시/0724_산학협력단회계현금예산서_17351/0724. 산학협력단회계현금예산서(09-25).zip""]","[""12baf816ebd06d1119ee934f092e2190d488084449af227c96a182fd76c17bff""]",no
대학정보공시|0725|예결산합산재무제표현황,대학정보공시,0725,예결산합산재무제표현황,예결산 내역 등 학교 및 법인의 회계에 관한 사항,2009~2025,17352,downloaded,1,345499,"[""ALL""]","[""data/raw/edss/대학정보공시/0725_예결산합산재무제표현황_17352/0725. 예결산합산재무제표현황(09-25).zip""]","[""7414f286c07eab5173032c1370fa39140edca11025d41c554233116b4028d76f""]",no
대학정보공시|0726|입학전형료수입현황,대학정보공시,0726,입학전형료수입현황,예결산 내역 등 학교 및 법인의 회계에 관한 사항,2010~2025,17353,downloaded,1,360850,"[""ALL""]","[""data/raw/edss/대학정보공시/0726_입학전형료수입현황_17353/0726. 입학전형료수입현황(10-25).zip""]","[""faf7b5b8c929fd238a6d3c3e51a57a6d50086ef1f72424aba0f0a9d3c9b0e8cf""]",no
대학정보공시|0727|입학전형료지출현황,대학정보공시,0727,입학전형료지출현황,예결산 내역 등 학교 및 법인의 회계에 관한 사항,2010~2025,17354,downloaded,1,1021373,"[""ALL""]","[""data/raw/edss/대학정보공시/0727_입학전형료지출현황_17354/0727. 입학전형료지출현황(10-25).zip""]","[""9a3bb6ed417a67d6060db754ae9f5d1c1b18fe7e0a2a9c972436706a1368b667""]",no
대학정보공시|0728|적립금현황,대학정보공시,0728,적립금현황,예결산 내역 등 학교 및 법인의 회계에 관한 사항,2009~2025,17355,downloaded,1,722004,"[""ALL""]","[""data/raw/edss/대학정보공시/0728_적립금현황_17355/0728. 적립금현황(09-25).zip""]","[""3845af015223e6c2ac40a79b466b876dca6d3eb01ef3bad3baef49b06032231d""]",no
대학정보공시|0729|총장이사장상근이사업무추진비사용현황,대학정보공시,0729,총장이사장상근이사업무추진비사용현황,예결산 내역 등 학교 및 법인의 회계에 관한 사항,2021~2025,17356,downloaded,1,3560138,"[""ALL""]","[""data/raw/edss/대학정보공시/0729_총장이사장상근이사업무추진비사용현황_17356/0729. 총장이사장상근이사업무추진비사용현황(21-25).zip""]","[""2191b36abe9ea8e40a2662fc83d48c2c7af50203306d01859f1bf201e7efd602""]",no
대학정보공시|0801|학생1인당교육비산정근거_국공립대학,대학정보공시,0801,학생1인당교육비산정근거_국공립대학,등록금 및 학생 1인당 교육비의 산정근거에 관한 사항,2010~2025,12861,downloaded,1,30952,"[""ALL""]","[""data/raw/edss/대학정보공시/0801_학생1인당교육비산정근거_국공립대학_12861/0801. 학생1인당교육비산정근거_국공립대학(10-25).zip""]","[""64040d0607bdfb8e981ab1a2b58e029b87d1077237d2fa642d2d49ef05757927""]",no
대학정보공시|0802|학생1인당교육비산정근거_사립대학,대학정보공시,0802,학생1인당교육비산정근거_사립대학,등록금 및 학생 1인당 교육비의 산정근거에 관한 사항,2010~2025,17377,downloaded,1,146660,"[""ALL""]","[""data/raw/edss/대학정보공시/0802_학생1인당교육비산정근거_사립대학_17377/0802. 학생1인당교육비산정근거_사립대학(10-25).zip""]","[""4f34fc4ddd3e74f0bb21356cafbe157d6b06fb4eb0efa22459951a72b4ca3542""]",no
대학정보공시|0901|학교특성화현황,대학정보공시,0901,학교특성화현황,학교 발전계획 및 특성화계획,2009~2020,12894,downloaded,1,800146,"[""ALL""]","[""data/raw/edss/대학정보공시/0901_학교특성화현황_12894/0901. 학교특성화현황(09-20).zip""]","[""fa5264e52dadd89c159e772fb79d95aa562157a00ccd10f70e5ce0f635ba4084""]",no
대학정보공시|1001|강좌당학생현황,대학정보공시,1001,강좌당학생현황,"교원의 연구,학생에 대한 교육 및 산학협력 현황",2009~2025,17202,downloaded,1,244260,"[""ALL""]","[""data/raw/edss/대학정보공시/1001_강좌당학생현황_17202/1001. 강좌당학생현황(09-25).zip""]","[""f8621d4c1a28e82d80a361e7b4faa2f14a8f267bfad8ecdf07eac77b58d52a4b""]",no
대학정보공시|1002|공동활용연구장비운영현황,대학정보공시,1002,공동활용연구장비운영현황,"교원의 연구,학생에 대한 교육 및 산학협력 현황",2011~2025,17203,downloaded,1,6319942,"[""ALL""]","[""data/raw/edss/대학정보공시/1002_공동활용연구장비운영현황_17203/1002. 공동활용연구장비운영현황(11-25).zip""]","[""8b8d4e477d415f40e71487197fbfe80e7eeb9478133939053fe8ac648ad0d949""]",no
대학정보공시|1003|교원강의담당비율,대학정보공시,1003,교원강의담당비율,"교원의 연구,학생에 대한 교육 및 산학협력 현황",2009~2025,17204,downloaded,1,11221390,"[""ALL""]","[""data/raw/edss/대학정보공시/1003_교원강의담당비율_17204/1003. 교원강의담당비율(09-25).zip""]","[""74cdad199eec882ee1afb38f9f60aee0e0a7bc6e37ffb574b2828fb3dec56d31""]",no
대학정보공시|1004|교원의창업및창업지원현황,대학정보공시,1004,교원의창업및창업지원현황,"교원의 연구,학생에 대한 교육 및 산학협력 현황",2010~2025,17205,downloaded,1,45309,"[""ALL""]","[""data/raw/edss/대학정보공시/1004_교원의창업및창업지원현황_17205/1004. 교원의창업및창업지원현황(10-25).zip""]","[""80d77dd8571789c06f472366fe3a2c4e985e18549f900facf9216b728af0bf00""]",no
대학정보공시|1005|기술이전수입료및계약실적,대학정보공시,1005,기술이전수입료및계약실적,"교원의 연구,학생에 대한 교육 및 산학협력 현황",2009~2025,17206,downloaded,1,29144,"[""ALL""]","[""data/raw/edss/대학정보공시/1005_기술이전수입료및계약실적_17206/1005. 기술이전수입료및계약실적(09-25).zip""]","[""4d3012cf3f73413e47ed69fd32ba04f9b5454c6f9368c94a6faab146ba40c094""]",no
대학정보공시|1006|기술지주회사운영현황,대학정보공시,1006,기술지주회사운영현황,"교원의 연구,학생에 대한 교육 및 산학협력 현황",2011~2022,17207,downloaded,1,19946,"[""ALL""]","[""data/raw/edss/대학정보공시/1006_기술지주회사운영현황_17207/1006. 기술지주회사운영현황(11-22).zip""]","[""bebd066c068a79582b2af4ed286edb778e928ea9431c0f08461562a8a38e4853""]",no
대학정보공시|1007|대학강의공개실적,대학정보공시,1007,대학강의공개실적,"교원의 연구,학생에 대한 교육 및 산학협력 현황","2010~2020, 2022~2025",17208,downloaded,1,17460,"[""ALL""]","[""data/raw/edss/대학정보공시/1007_대학강의공개실적_17208/1007. 대학강의공개실적(10-25).zip""]","[""525c4f2e75b32d6c7907f2c3eff67730e31c6e2bd0859ce70b20fed9bd1ea3dc""]",no
대학정보공시|1008|대학원격강좌현황,대학정보공시,1008,대학원격강좌현황,"교원의 연구,학생에 대한 교육 및 산학협력 현황",2012~2025,17209,downloaded,1,1262590,"[""ALL""]","[""data/raw/edss/대학정보공시/1008_대학원격강좌현황_17209/1008. 대학원격강좌현황(12-25).zip""]","[""fc03ac75364094cb9bf0b67bd7d75af6bd4b37ebe6a66382542ad0c8d67603da""]",no
대학정보공시|1009|사회봉사과목수강현황,대학정보공시,1009,사회봉사과목수강현황,"교원의 연구,학생에 대한 교육 및 산학협력 현황","2016~2019, 2021~2025",17210,downloaded,1,717042,"[""ALL""]","[""data/raw/edss/대학정보공시/1009_사회봉사과목수강현황_17210/1009. 사회봉사과목수강현황(16-25).zip""]","[""a6af790887cc6dd414a70b9ae10af6805d093f44cc63a9069e4a9613515ccb35""]",no
대학정보공시|1010|산업체경력전임교원현황,대학정보공시,1010,산업체경력전임교원현황,"교원의 연구,학생에 대한 교육 및 산학협력 현황",2009~2025,17211,downloaded,1,1759520,"[""ALL""]","[""data/raw/edss/대학정보공시/1010_산업체경력전임교원현황_17211/1010. 산업체경력전임교원현황(09-25).zip""]","[""0f5ed16d1dc71c0c6520a623e5082f1637d7385e3e7fd34d5842f82f85d9b402""]",no
대학정보공시|1011|산학협력단고용주체별인력현황,대학정보공시,1011,산학협력단고용주체별인력현황,"교원의 연구,학생에 대한 교육 및 산학협력 현황",2011~2020,17212,downloaded,1,114533,"[""ALL""]","[""data/raw/edss/대학정보공시/1011_산학협력단고용주체별인력현황_17212/1011. 산학협력단고용주체별인력현황(11-20).zip""]","[""15e30754b145d764a6d0319c1fa6dade85ecf8312184cfeabf1776deab3eb80f""]",no
대학정보공시|1012|산학협력단담당업무별인력현황,대학정보공시,1012,산학협력단담당업무별인력현황,"교원의 연구,학생에 대한 교육 및 산학협력 현황",2011~2021,17213,downloaded,1,132849,"[""ALL""]","[""data/raw/edss/대학정보공시/1012_산학협력단담당업무별인력현황_17213/1012. 산학협력단담당업무별인력현황(11-21).zip""]","[""bda43b6f5326a9be827da2b67e0e33f07de7bc09cc747514ae377caf9647f766""]",no
대학정보공시|1013|산학협력단전문인력현황,대학정보공시,1013,산학협력단전문인력현황,"교원의 연구,학생에 대한 교육 및 산학협력 현황",2011~2014,17214,downloaded,1,11379,"[""ALL""]","[""data/raw/edss/대학정보공시/1013_산학협력단전문인력현황_17214/1013. 산학협력단전문인력현황(11-14).zip""]","[""383a83e70dfde9a29ab242b0cafc4a0d9edef37219dd6dbeace046afa8d0348e""]",no
대학정보공시|1014|연구비수혜실적,대학정보공시,1014,연구비수혜실적,"교원의 연구,학생에 대한 교육 및 산학협력 현황",2009~2025,17215,downloaded,1,363533,"[""ALL""]","[""data/raw/edss/대학정보공시/1014_연구비수혜실적/1014_연구비수혜실적_2009-2025.zip""]","[""32f8fea44b60fb80c23a330775258831b76ba15f068947619d54182dfe5808ea""]",yes
대학정보공시|1015|외국대학과교류현황,대학정보공시,1015,외국대학과교류현황,"교원의 연구,학생에 대한 교육 및 산학협력 현황",2009~2025,17216,downloaded,1,2141560,"[""ALL""]","[""data/raw/edss/대학정보공시/1015_외국대학과교류현황_17216/1015. 외국대학과교류현황(09-25).zip""]","[""e32b23f684acf4b132649354f1d1d58d285cf7a7d3f2a445046e88f016f6d8be""]",no
대학정보공시|1016|장학금수혜현황,대학정보공시,1016,장학금수혜현황,"교원의 연구,학생에 대한 교육 및 산학협력 현황",2009~2025,17217,downloaded,1,20850114,"[""ALL""]","[""data/raw/edss/대학정보공시/1016_장학금수혜현황/1016_장학금수혜현황_2009-2025.zip""]","[""9065740eced5307caced9a06f0dcf937d7d7f34c4a2ab007dd66e403668899ba""]",yes
대학정보공시|1017|장학금수혜현황_대학원,대학정보공시,1017,장학금수혜현황_대학원,"교원의 연구,학생에 대한 교육 및 산학협력 현황",2009~2025,17218,downloaded,1,14334485,"[""ALL""]","[""data/raw/edss/대학정보공시/1017_장학금수혜현황_대학원_17218/1017. 장학금수혜현황_대학원(09-25).zip""]","[""126e23552d4c381251dda95195209c2cb67ed676a703d6029c9fc1fff6d6d208""]",no
대학정보공시|1018|장학금수혜기준규정,대학정보공시,1018,장학금수혜기준규정,"교원의 연구,학생에 대한 교육 및 산학협력 현황",2012~2025,17219,downloaded,1,215816,"[""ALL""]","[""data/raw/edss/대학정보공시/1018_장학금수혜기준규정_17219/1018. 장학금수혜기준규정(12-25).zip""]","[""6be5198d0a0d5b47d6af4d2c9e8dae665e6c799a0fc18ca969910f3e305ecc36""]",no
대학정보공시|1019|창업교육지원현황,대학정보공시,1019,창업교육지원현황,"교원의 연구,학생에 대한 교육 및 산학협력 현황",2012~2025,17220,downloaded,1,115199,"[""ALL""]","[""data/raw/edss/대학정보공시/1019_창업교육지원현황_17220/1019. 창업교육지원현황(12-25).zip""]","[""45d574565dac352899b8510e70262ca0586d380dad7c2be541bb316b27f6afae""]",no
대학정보공시|1020|캡스톤디자인운영현황,대학정보공시,1020,캡스톤디자인운영현황,"교원의 연구,학생에 대한 교육 및 산학협력 현황",2011~2025,17221,downloaded,1,2707589,"[""ALL""]","[""data/raw/edss/대학정보공시/1020_캡스톤디자인운영현황_17221/1020. 캡스톤디자인운영현황(11-25).zip""]","[""ff5eed384f3a79a1d2e3316eef31203b269c5b21a44117329f3cafeb6c7a097d""]",no
대학정보공시|1021|특허출원및등록실적,대학정보공시,1021,특허출원및등록실적,"교원의 연구,학생에 대한 교육 및 산학협력 현황",2009~2025,17222,downloaded,1,34698,"[""ALL""]","[""data/raw/edss/대학정보공시/1021_특허출원및등록실적_17222/1021. 특허출원및등록실적(09-25).zip""]","[""328405f35566d8fc654fc6914dc0112892bed91527e9a92af527e7e9ae921516""]",no
대학정보공시|1022|학교기업운영현황,대학정보공시,1022,학교기업운영현황,"교원의 연구,학생에 대한 교육 및 산학협력 현황",2011~2025,17223,downloaded,1,136984,"[""ALL""]","[""data/raw/edss/대학정보공시/1022_학교기업운영현황_17223/1022. 학교기업운영현황(11-25).zip""]","[""be4dfd725116a62283636ae3f36cb6c0f15f2af2ea377e286e77cda054ad3979""]",no
대학정보공시|1023|학생의창업및창업지원현황,대학정보공시,1023,학생의창업및창업지원현황,"교원의 연구,학생에 대한 교육 및 산학협력 현황",2011~2025,17224,downloaded,1,73945,"[""ALL""]","[""data/raw/edss/대학정보공시/1023_학생의창업및창업지원현황_17224/1023. 학생의창업및창업지원현황(11-25).zip""]","[""1117478a5f1a8cde75d63d6ec8a922a7e896fdf83cffd28ad72e43faf6ffb0ee""]",no
대학정보공시|1024|학자금대출현황,대학정보공시,1024,학자금대출현황,"교원의 연구,학생에 대한 교육 및 산학협력 현황",2013~2025,17225,downloaded,1,465800,"[""ALL""]","[""data/raw/edss/대학정보공시/1024_학자금대출현황_17225/1024. 학자금대출현황(13-25).zip""]","[""cda13d55c92cb385277906812a768d2b307be5dd9177eb0669660bb81d5383c9""]",no
대학정보공시|1025|학자금대출현황_대학원,대학정보공시,1025,학자금대출현황_대학원,"교원의 연구,학생에 대한 교육 및 산학협력 현황",2009~2025,17226,downloaded,1,26786,"[""ALL""]","[""data/raw/edss/대학정보공시/1025_학자금대출현황_대학원_17226/1025. 학자금대출현황_대학원(09-25).zip""]","[""9194d550c5bb1c5963c36cec38172083fa66c86465cc1d183e69b7a55643a041""]",no
대학정보공시|1026|현장실습운영현황,대학정보공시,1026,현장실습운영현황,"교원의 연구,학생에 대한 교육 및 산학협력 현황",2011~2025,17227,downloaded,1,3445342,"[""ALL""]","[""data/raw/edss/대학정보공시/1026_현장실습운영현황/1026_현장실습운영현황_2011-2025.zip""]","[""b3278e1c9e1408b40f4850b92ea6334b0f185a17ebc773caec4ab707dca1b80e""]",yes
대학정보공시|1101|장서보유현황,대학정보공시,1101,장서보유현황,도서관 및 연구에 대한 지원 현황,"2009~2020, 2022~2025",13145,downloaded,1,243046,"[""ALL""]","[""data/raw/edss/대학정보공시/1101_장서보유현황_13145/1101. 장서보유현황(09-25).zip""]","[""ad57dc24a163cae22788170b6dc90bae140a852b4aab1bba520d4136c9e1ec12""]",no
대학정보공시|1102|도서관예산현황,대학정보공시,1102,도서관예산현황,도서관 및 연구에 대한 지원 현황,2009~2013,13161,downloaded,1,56705,"[""ALL""]","[""data/raw/edss/대학정보공시/1102_도서관예산현황_13161/1102. 도서관예산현황(09-13).zip""]","[""e6188c04e1548b7f92e3d76e469000c4be871d771408043c048fec0f18deee1a""]",no
대학정보공시|1103|연구시설현황,대학정보공시,1103,연구시설현황,도서관 및 연구에 대한 지원 현황,2009~2025,13167,downloaded,1,1180159,"[""ALL""]","[""data/raw/edss/대학정보공시/1103_연구시설현황_13167/1103. 연구시설현황(09-25).zip""]","[""6ad72cb002e62d5ad596546e1026b978e603a76ba96b5938362034abd1b16ccb""]",no
대학정보공시|1201|강사강의료현황,대학정보공시,1201,강사강의료현황,교육여건 및 학교운영상태,2010~2025,17272,downloaded,1,235446,"[""ALL""]","[""data/raw/edss/대학정보공시/1201_강사강의료현황_17272/1201. 강사강의료현황(10-25).zip""]","[""d4920405a8788c1f170b8ac440b3ae99958c1f7b7affa30605329779f460732b""]",no
대학정보공시|1202|교사시설확보현황,대학정보공시,1202,교사시설확보현황,교육여건 및 학교운영상태,"2009~2020, 2022~2025",17273,downloaded,1,176502,"[""ALL""]","[""data/raw/edss/대학정보공시/1202_교사시설확보현황_17273/1202. 교사시설확보현황(09-25).zip""]","[""87e37262d0648ce3ae6ee1e85a2014e66cee64a0d183f079a06b01e0b9d4b2bf""]",no
대학정보공시|1203|교지확보현황,대학정보공시,1203,교지확보현황,교육여건 및 학교운영상태,"2009~2020, 2022~2025",17274,downloaded,1,92122,"[""ALL""]","[""data/raw/edss/대학정보공시/1203_교지확보현황_17274/1203. 교지확보현황(09-25).zip""]","[""7687f41163471be9310b97b6125740d44d49b6b5a5c9c5009bec5c93b361ddfa""]",no
대학정보공시|1204|국공립기숙사운영현황_민자,대학정보공시,1204,국공립기숙사운영현황_민자,교육여건 및 학교운영상태,"2016~2020, 2022~2025",17275,downloaded,1,13378,"[""ALL""]","[""data/raw/edss/대학정보공시/1204_국공립기숙사운영현황_민자_17275/1204. 국공립기숙사운영현황_민자(16-25).zip""]","[""8af09051f30f51d21db3600a2a27f0cea849cce5796347127a43b502e580dc9f""]",no
대학정보공시|1205|국공립기숙사운영현황_직영,대학정보공시,1205,국공립기숙사운영현황_직영,교육여건 및 학교운영상태,"2018~2020, 2022~2025",17276,downloaded,1,13585,"[""ALL""]","[""data/raw/edss/대학정보공시/1205_국공립기숙사운영현황_직영_17276/1205. 국공립기숙사운영현황_직영(18-25).zip""]","[""d350601dbe016c821556c421bf3ef2955abbe740f5921ed6483617f697072183""]",no
대학정보공시|1206|국공유재산확보현황,대학정보공시,1206,국공유재산확보현황,교육여건 및 학교운영상태,2011~2016,17277,downloaded,1,10944,"[""ALL""]","[""data/raw/edss/대학정보공시/1206_국공유재산확보현황_17277/1206. 국공유재산확보현황(11-16).zip""]","[""2cb1a464dda660ab4b48ddc84dce8b39cef79aa210ef68cd24228ef8eba2f4dd""]",no
대학정보공시|1207|기숙사수용현황,대학정보공시,1207,기숙사수용현황,교육여건 및 학교운영상태,"2009~2020, 2022~2025",17278,downloaded,1,353716,"[""ALL""]","[""data/raw/edss/대학정보공시/1207_기숙사수용현황/1207_기숙사수용현황_2009-2020_2022-2025.zip""]","[""b35a6d228f575b94ab756b084336d88e52e2d3b622eff46948a40c9e6e490cc5""]",yes
대학정보공시|1208|기숙사운영현황_사립,대학정보공시,1208,기숙사운영현황_사립,교육여건 및 학교운영상태,"2016~2020, 2022~2025",17279,downloaded,1,16901,"[""ALL""]","[""data/raw/edss/대학정보공시/1208_기숙사운영현황_사립_17279/1208. 기숙사운영현황_사립(16-25).zip""]","[""bf3d24edd9e695f34f14ffdb02e3483ee016dee4147977fbc72215f0da9ca8bd""]",no
대학정보공시|1209|법인임원현황,대학정보공시,1209,법인임원현황,교육여건 및 학교운영상태,2009~2025,17280,downloaded,1,2064815,"[""ALL""]","[""data/raw/edss/대학정보공시/1209_법인임원현황_17280/1209. 법인임원현황(09-25).zip""]","[""b55091e3df14c220b009f799531217beeb46cd77233003481f77e0ec18aea91d""]",no
대학정보공시|1210|법정부담금현황,대학정보공시,1210,법정부담금현황,교육여건 및 학교운영상태,"2016~2020, 2022~2025",17281,downloaded,1,52144,"[""ALL""]","[""data/raw/edss/대학정보공시/1210_법정부담금현황_17281/1210. 법정부담금현황(16-25).zip""]","[""a8ba519bde752e548522bf5431f075602d74715ab73ebdfbda39039463cc50db""]",no
대학정보공시|1211|수익용기본재산확보현황,대학정보공시,1211,수익용기본재산확보현황,교육여건 및 학교운영상태,2009~2025,17282,downloaded,1,250395,"[""ALL""]","[""data/raw/edss/대학정보공시/1211_수익용기본재산확보현황_17282/1211. 수익용기본재산확보현황(09-25).zip""]","[""6396358f2de5b40a66cb55f8a7af4b602c33482f90b13e26abc703413f86008c""]",no
대학정보공시|1212|시설안전관리현황,대학정보공시,1212,시설안전관리현황,교육여건 및 학교운영상태,2015~2025,17283,downloaded,1,204201,"[""ALL""]","[""data/raw/edss/대학정보공시/1212_시설안전관리현황_17283/1212. 시설안전관리현황(15-25).zip""]","[""9ff64d72babc54ff397ff4e784d84dfa46a1c3af7be8b54d5fc290c4749d23e3""]",no
대학정보공시|1213|실험실습실안전관리현황,대학정보공시,1213,실험실습실안전관리현황,교육여건 및 학교운영상태,2015~2025,17284,downloaded,1,132492,"[""ALL""]","[""data/raw/edss/대학정보공시/1213_실험실습실안전관리현황_17284/1213. 실험실습실안전관리현황(15-25).zip""]","[""8b626523f45b781de58345c0bd7b62393533b5a9b35a54fc88b7d561ab7b9b26""]",no
대학정보공시|1214|장애학생지원체제구축및운영현황,대학정보공시,1214,장애학생지원체제구축및운영현황,교육여건 및 학교운영상태,2011~2025,17285,downloaded,1,215171,"[""ALL""]","[""data/raw/edss/대학정보공시/1214_장애학생지원체제구축및운영현황_17285/1214. 장애학생지원체제구축및운영현황(11-25).zip""]","[""11d86a3dbed21102c88aed6aa9fe6a27ed02b54ca9068820b19b0df727604d8d""]",no
대학정보공시|1215|재정지원사업수혜실적,대학정보공시,1215,재정지원사업수혜실적,교육여건 및 학교운영상태,2009~2020,17286,downloaded,1,20197007,"[""ALL""]","[""data/raw/edss/대학정보공시/1215_재정지원사업수혜실적_17286/1215. 재정지원사업수혜실적(09-20).zip""]","[""44b15365718dd5116ddd312f3ac84dbffd5aee68fbd326d437abad3698f64760""]",no
대학정보공시|1216|직원현황,대학정보공시,1216,직원현황,교육여건 및 학교운영상태,2009~2025,17287,downloaded,1,150152,"[""ALL""]","[""data/raw/edss/대학정보공시/1216_직원현황_17287/1216. 직원현황(09-25).zip""]","[""cef7891bd2965bdf39133bb1d3a2eb391a02fe51e066899a37903199943d799f""]",no
대학정보공시|1217|폭력예방교육현황,대학정보공시,1217,폭력예방교육현황,교육여건 및 학교운영상태,"2018~2020, 2022~2025",17288,downloaded,1,123560,"[""ALL""]","[""data/raw/edss/대학정보공시/1217_폭력예방교육현황_17288/1217. 폭력예방교육현황(18-25).zip""]","[""f193825400625f96530580886340dff05e9fc8a2fe3ecd2990ea4a4f09f4f556""]",no
대학정보공시|1301|위반내용및조치결과,대학정보공시,1301,위반내용및조치결과,고등교육법제60~62조까지의 시정명령 등에 관한 사항,2009~2025,12886,downloaded,1,681096,"[""ALL""]","[""data/raw/edss/대학정보공시/1301_위반내용및조치결과_12886/1301. 위반내용및조치결과(09-25).zip""]","[""f8d22fdf10888bc302c44c1a6beea0b65e577fd8c03700ffdf6e6fcd98ce653a""]",no
취업통계|0001|학생인적취업정보,취업통계,0001,학생인적취업정보,취업현황,2010~2022,13299,downloaded,13,104437999,"[""2010"", ""2011"", ""2012"", ""2013"", ""2014"", ""2015"", ""2016"", ""2017"", ""2018"", ""2019"", ""2020"", ""2021"", ""2022""]","[""data/raw/edss/취업통계/0001_학생인적취업정보_13299/0001_학생인적취업정보_2010.zip"", ""data/raw/edss/취업통계/0001_학생인적취업정보_13299/0001_학생인적취업정보_2011.zip"", ""data/raw/edss/취업통계/0001_학생인적취업정보_13299/0001_학생인적취업정보_2012.zip"", ""data/raw/edss/취업통계/0001_학생인적취업정보_13299/0001_학생인적취업정보_2013.zip"", ""data/raw/edss/취업통계/0001_학생인적취업정보_13299/0001_학생인적취업정보_2014.zip"", ""data/raw/edss/취업통계/0001_학생인적취업정보_13299/0001_학생인적취업정보_2015.zip"", ""data/raw/edss/취업통계/0001_학생인적취업정보_13299/0001_학생인적취업정보_2016.zip"", ""data/raw/edss/취업통계/0001_학생인적취업정보_13299/0001_학생인적취업정보_2017.zip"", ""data/raw/edss/취업통계/0001_학생인적취업정보_13299/0001_학생인적취업정보_2018.zip"", ""data/raw/edss/취업통계/0001_학생인적취업정보_13299/0001_학생인적취업정보_2019.zip"", ""data/raw/edss/취업통계/0001_학생인적취업정보_13299/0001_학생인적취업정보_2020.zip"", ""data/raw/edss/취업통계/0001_학생인적취업정보_13299/0001_학생인적취업정보_2021.zip"", ""data/raw/edss/취업통계/0001_학생인적취업정보_13299/0001_학생인적취업정보_2022.zip""]","[""6538c87d383193f1dcfaaf56424790ee5674971488f1e8a83f27705ee3068a88"", ""f91c6a12dc3658a4cd8e1c5f99eb521eba62147848dc360b9731f42a6be3d973"", ""327439ec301e8af5d05bb35697d076cee0e50edee87bb722cbb393bfb96f7613"", ""99860f4e04e3c32d3d9b2809b6752f7525e567dee37b71c300909a5724092ce0"", ""0acef70e1df5cfeb40e16b22d718e33856998e5e873af5309965d93756f9a3c8"", ""0198760036d3728d606603f44fc20c82cb84abfa4fba8108eddb0ad04d15f0fe"", ""37a51250540f4fe57962380b457f137be85c4d8240a1aaf2ab469a9e56ed147c"", ""b7a896e3ca2111fd5c97b1ea4459bb0d842fd29762fad4374ca42690e54e428a"", ""a388a98301e1232bce18c4a53e4632ab0e73210dda60ea2e8f8e769eadbb375e"", ""078e6de0967fd3264f4a27170813117804769b679012add4a3b6bacb3b441fd4"", ""6ee9442cf4cfd8fc65276fdcc2a5a3aa6fed0abac9de2e69ede7eebb74971b28"", ""b9ec094f6d20a5fd2fe72c20a0672aefd1e0c3c6b3757ba318b6a68007776d73"", ""e763b6a6848039be6c1e34975628600f772e36219a762610f8a6a59a1b694d13""]",yes
취업통계|0001|학생인적취업정보,취업통계,0001,학생인적취업정보,취업현황,2023~2024,13300,downloaded,2,814110,"[""2023"", ""2024""]","[""data/raw/edss/취업통계/0001_학생인적취업정보_13300/0001_학생인적취업정보_2023.zip"", ""data/raw/edss/취업통계/0001_학생인적취업정보_13300/0001_학생인적취업정보_2024.zip""]","[""1ace9e82663a816e00a66a35d2b76980e79c708d54abd390564d3d90dcdbe4eb"", ""568086fa2f3d40f7711837f4b72aeada578022e64ed3ca9f1bdd8ebfbc7fa9f1""]",yes
