province,parent_school_name,parent_resolution_method,graduate_school_identity_count,department_count,graduate_school_kinds,component_school_names
강원,가톨릭관동대학교,longest_undergraduate_name_prefix,3,18,특수대학원,가톨릭관동대학교 경영행정대학원|가톨릭관동대학교 교육대학원|가톨릭관동대학교 사회복지대학원
강원,강릉원주대학교,longest_undergraduate_name_prefix,3,22,특수대학원,강릉원주대학교경영정책과학대학원|강릉원주대학교교육대학원|강릉원주대학교산업대학원
강원,강원대학교,longest_undergraduate_name_prefix,9,51,전문대학원|특수대학원,강원대학교 경영대학원|강원대학교 녹색생명산업정책대학원|강원대학교 방재전문대학원|강원대학교 산업과학대학원|강원대학교 의학전문대학원|강원대학교 정보과학ㆍ행정대학원|강원대학교교육대학원|강원대학교법학전문대학원|강원대학교산업대학원
강원,상지대학교,longest_undergraduate_name_prefix,4,12,특수대학원,상지대학교 사회복지정책대학원|상지대학교 사회융합대학원|상지대학교 평화안보.상담심리대학원|상지대학교교육대학원
강원,서울대학교,longest_undergraduate_name_prefix,1,1,전문대학원,서울대학교 국제농업기술대학원
강원,연세대학교,longest_undergraduate_name_prefix,3,16,특수대학원,연세대학교 보건환경대학원|연세대학교 정경·창업대학원|연세대학교 정경대학원
강원,춘천교육대학교,longest_undergraduate_name_prefix,1,21,특수대학원,춘천교육대학교교육대학원
강원,한라대학교,longest_undergraduate_name_prefix,1,7,특수대학원,한라대학교정보산업대학원
강원,한림대학교,longest_undergraduate_name_prefix,6,10,특수대학원,한림대학교 간호대학원|한림대학교 글로벌협력대학원|한림대학교 보건과학대학원|한림대학교 임상치의학대학원|한림대학교경영대학원|한림대학교사회복지대학원
경기,가천대학교,longest_undergraduate_name_prefix,6,10,특수대학원,가천대학교 게임대학원|가천대학교 경영대학원|가천대학교 교육대학원|가천대학교 사회정책대학원|가천대학교 산업환경대학원|가천대학교 특수치료대학원
경기,가톨릭대학교,longest_undergraduate_name_prefix,2,9,특수대학원,가톨릭대학교 교회법대학원|가톨릭대학교교육대학원
경기,강남대학교,longest_undergraduate_name_prefix,4,17,전문대학원|특수대학원,강남대학교 국제대학원|강남대학교 융복합대학원|강남대학교교육대학원|강남대학교사회복지전문대학원
경기,경기대학교,longest_undergraduate_name_prefix,4,26,특수대학원,경기대학교 공학대학원|경기대학교 교육대학원|경기대학교 행정복지상담대학원|경기대학교 행정사회복지대학원
경기,경희대학교,longest_undergraduate_name_prefix,6,32,전문대학원|특수대학원,경희대학교 국제대학원|경희대학교 동서의학대학원|경희대학교 아트퓨전디자인대학원|경희대학교 체육대학원|경희대학교 테크노경영대학원|경희대학교평화복지대학원
경기,구세군사관대학원대학교,standalone_graduate_university,1,2,특수대학원,구세군사관대학원대학교
경기,국립암센터국제암대학원대학교,standalone_graduate_university,1,2,전문대학원,국립암센터국제암대학원대학교
경기,국제법률경영대학원대학교,standalone_graduate_university,1,1,전문대학원,국제법률경영대학원대학교
경기,능인대학원대학교,standalone_graduate_university,1,2,전문대학원,능인대학원대학교
경기,단국대학교,longest_undergraduate_name_prefix,9,51,전문대학원|특수대학원,단국대학교 경영대학원|단국대학교 교육대학원|단국대학교 문화예술대학원|단국대학교 부동산·건설대학원|단국대학교 영화콘텐츠전문대학원|단국대학교 정보·지식재산대학원|단국대학교 정보융합기술·창업대학원|단국대학교 특수교육대학원|단국대학교 행정법무대학원
경기,대진대학교,longest_undergraduate_name_prefix,4,15,전문대학원|특수대학원,대진대학교 공공정책대학원|대진대학교 교육대학원|대진대학교 문화예술전문대학원|대진대학교 통일대학원
경기,대한신학대학원대학교,standalone_graduate_university,1,4,전문대학원,대한신학대학원대학교
경기,루터대학교,longest_undergraduate_name_prefix,1,3,특수대학원,루터대학교 대학원
경기,명지대학교,longest_undergraduate_name_prefix,1,8,특수대학원,명지대학교 산업대학원
경기,서울신학대학교,longest_undergraduate_name_prefix,6,6,전문대학원|특수대학원,서울신학대학교 교회성장대학원|서울신학대학교 설교대학원|서울신학대학교 신학전문대학원|서울신학대학교사회복지대학원|서울신학대학교상담대학원|서울신학대학교신학대학원
경기,서울장신대학교,longest_undergraduate_name_prefix,6,6,특수대학원,서울장신대학교 교회음악대학원|서울장신대학교 사회복지상담대학원|서울장신대학교 신학대학원|서울장신대학교 영성심리치유대학원|서울장신대학교 예배찬양사역대학원|서울장신대학교 자연치유선교대학원
경기,선학유피대학원대학교,standalone_graduate_university,1,3,전문대학원,선학유피대학원대학교
경기,성결대학교,longest_undergraduate_name_prefix,5,11,특수대학원,성결대학교 프라임대학원|성결대학교교육대학원|성결대학교사회복지대학원|성결대학교성결신학대학원|성결대학교신학대학원
경기,성균관대학교,longest_undergraduate_name_prefix,5,7,전문대학원|특수대학원,성균관대학교 글로벌창업대학원|성균관대학교 기술경영전문대학원|성균관대학교 수자원전문대학원|성균관대학교 임상간호대학원|성균관대학교 임상약학대학원
경기,성서침례대학원대학교,standalone_graduate_university,1,1,전문대학원,성서침례대학원대학교
경기,수원대학교,longest_undergraduate_name_prefix,11,23,특수대학원,수원대학교 고용서비스대학원|수원대학교 공공정책대학원|수원대학교 공학대학원|수원대학교 글로벌창업대학원|수원대학교 미술대학원|수원대학교 스포츠과학대학원|수원대학교 음악대학원|수원대학교경영대학원|수원대학교교육대학원|수원대학교사회복지대학원|수원대학교호텔관광대학원
경기,신한대학교,longest_undergraduate_name_prefix,1,5,특수대학원,신한대학교 지식복지대학원
경기,실천신학대학원대학교,standalone_graduate_university,1,1,전문대학원,실천신학대학원대학교
경기,아신대학교,longest_undergraduate_name_prefix,5,8,특수대학원,아신대학교 교육대학원|아신대학교 복지대학원|아신대학교 상담대학원|아신대학교 선교대학원|아신대학교 신학대학원
경기,아주대학교,longest_undergraduate_name_prefix,12,26,전문대학원|특수대학원,아주대학교 IT융합대학원|아주대학교 공학대학원|아주대학교 교통·ITS대학원|아주대학교 글로벌제약임상대학원|아주대학교 법학전문대학원|아주대학교 보건대학원|아주대학교 임상치의학대학원|아주대학교경영대학원|아주대학교공공정책대학원|아주대학교교육대학원|아주대학교국제대학원|아주대학교정보통신대학원
경기,안양대학교,longest_undergraduate_name_prefix,4,10,특수대학원,안양대학교 글로벌대학원|안양대학교경영행정대학원|안양대학교교육대학원|안양대학교신학대학원
경기,에스라성경대학원대학교,standalone_graduate_university,1,1,전문대학원,에스라성경대학원대학교
경기,예원예술대학교,longest_undergraduate_name_prefix,1,10,특수대학원,예원예술대학교 문화예술대학원
경기,온석대학원대학교,standalone_graduate_university,1,6,전문대학원,온석대학원대학교
경기,용인대학교,longest_undergraduate_name_prefix,9,20,특수대학원,용인대학교 문화예술대학원|용인대학교 문화재대학원|용인대학교 스포츠웰니스산업대학원|용인대학교 재활복지대학원|용인대학교 태권도대학원|용인대학교 통일대학원|용인대학교경영대학원|용인대학교교육대학원|용인대학교체육과학대학원
경기,웨스트민스터신학대학원대학교,standalone_graduate_university,1,9,전문대학원,웨스트민스터신학대학원대학교
경기,을지대학교,longest_undergraduate_name_prefix,2,7,특수대학원,을지대학교 보건복지대학원|을지대학교 임상간호대학원
경기,제네바신학대학원대학교,standalone_graduate_university,1,1,전문대학원,제네바신학대학원대학교
경기,중앙대학교,longest_undergraduate_name_prefix,3,10,특수대학원,중앙대학교 국악교육대학원|중앙대학교 산업창업경영대학원|중앙대학교 창업경영대학원
경기,차의과학대학교,longest_undergraduate_name_prefix,8,17,전문대학원|특수대학원,차의과학대학교 경영대학원|차의과학대학교 미술치료대학원|차의과학대학교 보건산업대학원|차의과학대학교 스포츠의학대학원|차의과학대학교 의학전문대학원|차의과학대학교 임상상담심리대학원|차의과학대학교 임상약학대학원|차의과학대학교 통합의학대학원
경기,총신대학교,longest_undergraduate_name_prefix,1,2,특수대학원,총신대학교신학대학원
경기,,unresolved_parent,1,1,특수대학원,칼빈신학대학원
경기,평택대학교,longest_undergraduate_name_prefix,6,9,전문대학원|특수대학원,평택대학교 글로벌비즈니스대학원|평택대학교 물류·정보·경영대학원|평택대학교 사회복지대학원|평택대학교 상담대학원|평택대학교 통번역대학원|평택대학교 피어선신학전문대학원
경기,한경국립대학교,longest_undergraduate_name_prefix,4,10,전문대학원|특수대학원,한경국립대학교 공공정책대학원|한경국립대학교 국제개발협력대학원|한경국립대학교 미래융합기술대학원|한경국립대학교 산업대학원
경기,한국공학대학교,longest_undergraduate_name_prefix,2,22,전문대학원|특수대학원,한국공학대학교 산업기술경영대학원|한국공학대학교 지식기반기술·에너지대학원
경기,한국교통대학교,longest_undergraduate_name_prefix,1,4,전문대학원,한국교통대학교 교통대학원
경기,한국항공대학교,longest_undergraduate_name_prefix,1,8,특수대학원,한국항공대학교 항공·경영대학원
경기,한세대학교,longest_undergraduate_name_prefix,5,13,특수대학원,한세대학교 공학대학원|한세대학교 심리상담대학원|한세대학교 영산신학대학원|한세대학교 예술대학원|한세대학교 휴먼서비스대학원
경기,한신대학교,longest_undergraduate_name_prefix,2,4,특수대학원,한신대학교 정신분석대학원|한신대학교교육대학원
경기,한양대학교,longest_undergraduate_name_prefix,1,8,특수대학원,한양대학교 융합산업대학원
경기,합동신학대학원대학교,standalone_graduate_university,1,4,전문대학원,합동신학대학원대학교
경기,협성대학교,longest_undergraduate_name_prefix,3,6,특수대학원,협성대학교교육대학원|협성대학교사회복지대학원|협성대학교신학대학원
경남,가야대학교,longest_undergraduate_name_prefix,2,4,특수대학원,가야대학교 보건대학원|가야대학교행정대학원
경남,경남과학기술대학교,longest_undergraduate_name_prefix,2,9,특수대학원,경남과학기술대학교 산업복지대학원|경남과학기술대학교 창업대학원
경남,경남대학교,longest_undergraduate_name_prefix,3,23,특수대학원,경남대학교 산업경영대학원|경남대학교교육대학원|경남대학교행정대학원
경남,경상국립대학교,longest_undergraduate_name_prefix,9,50,전문대학원|특수대학원,경상국립대학교 건축도시토목대학원|경상국립대학교 경영대학원|경상국립대학교 교육대학원|경상국립대학교 보건대학원|경상국립대학교 스마트미래농업대학원|경상국립대학교 융합과학기술대학원|경상국립대학교 의학전문대학원|경상국립대학교 항공우주특성화대학원|경상국립대학교 행정대학원
경남,부산대학교,longest_undergraduate_name_prefix,3,8,전문대학원,부산대학교 의학전문대학원|부산대학교 치의학전문대학원|부산대학교 한의학전문대학원
경남,부산장신대학교,longest_undergraduate_name_prefix,4,4,특수대학원,부산장신대학교 강해설교대학원|부산장신대학교 상담및심리치료대학원|부산장신대학교 장애인교육선교대학원|부산장신대학교신학대학원
경남,영산대학교,longest_undergraduate_name_prefix,2,3,특수대학원,영산대학교 공과대학원|영산대학교 기술창업대학원
경남,인제대학교,longest_undergraduate_name_prefix,4,12,특수대학원,인제대학교 경영대학원|인제대학교 교육대학원|인제대학교 사회복지대학원|인제대학교 산업융합대학원
경남,진주교육대학교,longest_undergraduate_name_prefix,1,19,특수대학원,진주교육대학교교육대학원
경남,창신대학교,longest_undergraduate_name_prefix,2,6,특수대학원,창신대학교 복지문화대학원|창신대학교 부동산경영대학원
경남,창원대학교,longest_undergraduate_name_prefix,6,32,특수대학원,창원대학교 경영대학원|창원대학교 교육대학원|창원대학교 보건대학원|창원대학교 사회복지대학원|창원대학교 산업대학원|창원대학교 행정대학원
경북,경북대학교,longest_undergraduate_name_prefix,1,13,특수대학원,경북대학교 과학기술대학원
경북,경안대학원대학교,standalone_graduate_university,1,3,전문대학원,경안대학원대학교
경북,경운대학교,longest_undergraduate_name_prefix,2,7,특수대학원,경운대학교 사회복지대학원|경운대학교 산업정보대학원
경북,경일대학교,longest_undergraduate_name_prefix,2,2,특수대학원,경일대학교 K-글로벌대학원|경일대학교 보건복지대학원
경북,경주대학교,longest_undergraduate_name_prefix,1,3,특수대학원,경주대학교 문화관광복지대학원
경북,금오공과대학교,longest_undergraduate_name_prefix,3,11,특수대학원,금오공과대학교 컨설팅대학원|금오공과대학교교육대학원|금오공과대학교산업대학원
경북,김천대학교,longest_undergraduate_name_prefix,1,4,특수대학원,김천대학교 글로컬휴먼대학원
경북,대구가톨릭대학교,longest_undergraduate_name_prefix,4,22,특수대학원,대구가톨릭대학교 예술대학원|대구가톨릭대학교 유아교육대학원|대구가톨릭대학교 의료보건산업대학원|대구가톨릭대학교교육대학원
경북,대구대학교,longest_undergraduate_name_prefix,3,3,특수대학원,대구대학교 교육대학원|대구대학교 특수교육대학원|대구대학교사회복지대학원
경북,대구사이버대학교,longest_undergraduate_name_prefix,1,1,특수대학원,대구사이버대학교 휴먼케어대학원
경북,대구한의대학교,longest_undergraduate_name_prefix,2,9,특수대학원,대구한의대학교 보건복지대학원|대구한의대학교 한방산업대학원
경북,대신대학교,longest_undergraduate_name_prefix,1,1,특수대학원,대신대학교 신학대학원
경북,동국대학교,longest_undergraduate_name_prefix,4,15,전문대학원|특수대학원,동국대학교 경영대학원|동국대학교 의학전문대학원|동국대학교불교문화대학원|동국대학교사회과학대학원(경)
경북,동양대학교,longest_undergraduate_name_prefix,1,5,특수대학원,동양대학교정보대학원
경북,안동대학교,longest_undergraduate_name_prefix,3,19,전문대학원|특수대학원,안동대학교 한국문화산업전문대학원|안동대학교교육대학원|안동대학교행정경영대학원
경북,영남대학교,longest_undergraduate_name_prefix,4,22,전문대학원|특수대학원,영남대학교 공학대학원|영남대학교 교육대학원|영남대학교 박정희새마을대학원|영남대학교 법학전문대학원
경북,영남신학대학교,longest_undergraduate_name_prefix,5,5,특수대학원,영남신학대학교 상담대학원|영남신학대학교 성서신학대학원|영남신학대학교 통일선교대학원|영남신학대학교사회복지대학원|영남신학대학교신학대학원
경북,위덕대학교,longest_undergraduate_name_prefix,4,6,특수대학원,위덕대학교 경영대학원|위덕대학교 교육대학원|위덕대학교 불교대학원|위덕대학교 사회복지대학원
경북,포항공과대학교,longest_undergraduate_name_prefix,1,1,전문대학원,포항공과대학교 철강·에너지소재대학원
경북,한동대학교,longest_undergraduate_name_prefix,6,10,전문대학원|특수대학원,한동대학교 교육대학원|한동대학교 국제개발협력대학원|한동대학교 국제경영대학원|한동대학교 국제법률대학원|한동대학교 통역번역대학원|한동대학교상담대학원
광주,광신대학교,longest_undergraduate_name_prefix,5,11,특수대학원,광신대학교 국제대학원|광신대학교 사회복지대학원|광신대학교 음악대학원|광신대학교상담치료대학원|광신대학교신학대학원
광주,광주교육대학교,longest_undergraduate_name_prefix,1,23,특수대학원,광주교육대학교교육대학원
광주,광주대학교,longest_undergraduate_name_prefix,2,10,전문대학원|특수대학원,광주대학교 보건상담정책대학원|광주대학교사회복지전문대학원
광주,광주여자대학교,longest_undergraduate_name_prefix,2,10,특수대학원,광주여자대학교 사회개발대학원|광주여자대학교교육대학원
광주,남부대학교,longest_undergraduate_name_prefix,2,13,특수대학원,남부대학교 교육대학원|남부대학교 문화복지대학원
광주,송원대학교,longest_undergraduate_name_prefix,1,9,특수대학원,송원대학교 휴먼산업대학원
광주,전남대학교,longest_undergraduate_name_prefix,8,40,전문대학원|특수대학원,전남대학교 경영전문대학원|전남대학교 문화전문대학원|전남대학교 법학전문대학원|전남대학교 정책대학원|전남대학교 치의학전문대학원|전남대학교교육대학원|전남대학교산업대학원|전남대학교행정대학원
광주,조선대학교,longest_undergraduate_name_prefix,8,25,전문대학원|특수대학원,조선대학교 보건대학원|조선대학교 산업기술창업대학원|조선대학교 의학전문대학원|조선대학교 임상약학대학원|조선대학교경영대학원|조선대학교교육대학원|조선대학교디자인대학원|조선대학교정책대학원
광주,호남대학교,longest_undergraduate_name_prefix,2,22,특수대학원,호남대학교 교육대학원|호남대학교 사회융합대학원
광주,호남신학대학교,longest_undergraduate_name_prefix,4,4,특수대학원,호남신학대학교 사회복지대학원|호남신학대학교 상담대학원|호남신학대학교교회음악대학원|호남신학대학교신학대학원
대구,경북대학교,longest_undergraduate_name_prefix,12,75,전문대학원|특수대학원,경북대학교 경영대학원|경북대학교 교육대학원|경북대학교 국제대학원|경북대학교 농업생명융합대학원|경북대학교 법학전문대학원|경북대학교 보건대학원|경북대학교 산업대학원|경북대학교 수사과학대학원|경북대학교 의학전문대학원|경북대학교 정책정보대학원|경북대학교 치의학전문대학원|경북대학교 행정대학원
대구,계명대학교,longest_undergraduate_name_prefix,8,37,특수대학원,계명대학교 경영대학원|계명대학교 교육대학원|계명대학교 글로벌창업대학원|계명대학교 스포츠산업대학원|계명대학교 연합신학대학원|계명대학교 예술대학원|계명대학교 유아교육대학원|계명대학교 정책대학원
대구,대구가톨릭대학교,longest_undergraduate_name_prefix,5,11,특수대학원,대구가톨릭대학교 사회복지대학원|대구가톨릭대학교 사회적경제경영대학원|대구가톨릭대학교 상담대학원|대구가톨릭대학교 신학대학원|대구가톨릭대학교 유스티노자유대학원
대구,대구교육대학교,longest_undergraduate_name_prefix,1,31,특수대학원,대구교육대학교교육대학원
대구,대구대학교,longest_undergraduate_name_prefix,2,11,특수대학원,대구대학교 디자인·산업행정대학원|대구대학교 재활과학대학원
대구,영남대학교,longest_undergraduate_name_prefix,6,11,특수대학원,영남대학교 경영대학원|영남대학교 경영행정대학원|영남대학교 문화예술디자인대학원|영남대학교 스포츠과학대학원|영남대학교 행정대학원|영남대학교 환경보건대학원
대전,건신대학원대학교,standalone_graduate_university,1,7,전문대학원,건신대학원대학교
대전,건양대학교,longest_undergraduate_name_prefix,5,14,특수대학원,건양대학교 경영사회복지대학원|건양대학교 군사경찰행정대학원|건양대학교 바이오융합대학원|건양대학교 보건복지대학원|건양대학교 상담대학원
대전,과학기술연합대학원대학교,standalone_graduate_university,1,59,전문대학원,과학기술연합대학원대학교
대전,대전대학교,longest_undergraduate_name_prefix,5,10,특수대학원,대전대학교 경영행정·사회복지·상담대학원|대전대학교 교육대학원|대전대학교 보건의료대학원|대전대학교 상담대학원|대전대학교경영행정ㆍ사회복지대학원
대전,대전신학대학교,longest_undergraduate_name_prefix,1,1,특수대학원,대전신학대학교 신학대학원
대전,목원대학교,longest_undergraduate_name_prefix,2,8,특수대학원,목원대학교 산업정보언론대학원|목원대학교신학대학원
대전,배재대학교,longest_undergraduate_name_prefix,3,7,특수대학원,배재대학교 관광축제한류대학원|배재대학교 관광축제호텔대학원|배재대학교 교육대학원
대전,우송대학교,longest_undergraduate_name_prefix,5,10,특수대학원,우송대학교 Culture-Technology융합대학원|우송대학교 경영대학원|우송대학교 글로벌외식조리대학원|우송대학교 보건복지대학원|우송대학교 철도융합대학원
대전,충남대학교,longest_undergraduate_name_prefix,13,29,전문대학원|특수대학원,충남대학교 국가정책대학원|충남대학교 법학전문대학원|충남대학교 분석과학기술대학원|충남대학교 스마트농업대학원|충남대학교 신약전문대학원|충남대학교 에너지과학기술대학원|충남대학교경영대학원|충남대학교교육대학원|충남대학교보건대학원|충남대학교산업대학원|충남대학교특허법무대학원|충남대학교평화안보대학원|충남대학교행정대학원
대전,한국침례신학대학교,longest_undergraduate_name_prefix,6,6,전문대학원|특수대학원,한국침례신학대학교 교회음악대학원|한국침례신학대학교 목회신학대학원|한국침례신학대학교 상담대학원|한국침례신학대학교 상담복지대학원|한국침례신학대학교 성서주해대학원|한국침례신학대학교 신학대학원
대전,한남대학교,longest_undergraduate_name_prefix,4,31,특수대학원,한남대학교 경영·국방전략대학원|한남대학교 사회문화·행정복지대학원|한남대학교교육대학원|한남대학교학제신학대학원
대전,한밭대학교,longest_undergraduate_name_prefix,3,25,전문대학원|특수대학원,한밭대학교 산업대학원|한밭대학교 정보통신전문대학원|한밭대학교 창업경영대학원
부산,경성대학교,longest_undergraduate_name_prefix,4,11,특수대학원,경성대학교 경영대학원|경성대학교 교육대학원|경성대학교 멀티미디어대학원|경성대학교 사회복지대학원
부산,고신대학교,longest_undergraduate_name_prefix,5,16,특수대학원,고신대학교 교회음악대학원|고신대학교 선교목회대학원|고신대학교교육대학원|고신대학교기독교상담대학원|고신대학교보건대학원
부산,동명대학교,longest_undergraduate_name_prefix,1,4,특수대학원,동명대학교 복지산업대학원
부산,동서대학교,longest_undergraduate_name_prefix,3,5,전문대학원|특수대학원,동서대학교 경영대학원|동서대학교 디자인전문대학원|동서대학교 선교복지대학원
부산,동아대학교,longest_undergraduate_name_prefix,7,23,전문대학원|특수대학원,동아대학교 경영대학원|동아대학교 교육대학원|동아대학교 국제전문대학원|동아대학교 법무대학원|동아대학교 법학전문대학원|동아대학교 사회복지대학원|동아대학교 산업정보대학원
부산,동의대학교,longest_undergraduate_name_prefix,5,21,특수대학원,동의대학교 국가안전정책대학원|동의대학교 부동산대학원|동의대학교경영대학원|동의대학교교육대학원|동의대학교산업문화대학원
부산,부경대학교,longest_undergraduate_name_prefix,6,49,전문대학원|특수대학원,부경대학교 경영대학원|부경대학교 교육대학원|부경대학교 글로벌수산대학원|부경대학교 글로벌정책대학원|부경대학교 기술경영전문대학원|부경대학교 산업대학원
부산,부산교육대학교,longest_undergraduate_name_prefix,1,22,특수대학원,부산교육대학교교육대학원
부산,부산대학교,longest_undergraduate_name_prefix,10,65,전문대학원|특수대학원,부산대학교 경영대학원|부산대학교 경제통상대학원|부산대학교 교육대학원|부산대학교 국제전문대학원|부산대학교 금융대학원|부산대학교 기술창업대학원|부산대학교 법학전문대학원|부산대학교 산업대학원|부산대학교 행정대학원|부산대학교 환경대학원
부산,부산디지털대학교,longest_undergraduate_name_prefix,1,2,특수대학원,부산디지털대학교 휴먼서비스대학원
부산,부산외국어대학교,longest_undergraduate_name_prefix,4,16,특수대학원,부산외국어대학교 글로벌골프대학원|부산외국어대학교 산업·경영대학원|부산외국어대학교교육대학원|부산외국어대학교통역번역대학원
부산,신라대학교,longest_undergraduate_name_prefix,5,24,특수대학원,신라대학교 공공안전정책대학원|신라대학교 교육대학원|신라대학교 사회복지대학원|신라대학교 산업융합대학원|신라대학교 상담치료대학원
부산,영산대학교,longest_undergraduate_name_prefix,4,9,특수대학원,영산대학교 관광대학원|영산대학교 미용예술대학원|영산대학교 부동산대학원|영산대학교 사회과학대학원
부산,인제대학교,longest_undergraduate_name_prefix,1,2,특수대학원,인제대학교 보건대학원
부산,한국해양대학교,longest_undergraduate_name_prefix,4,19,전문대학원|특수대학원,한국해양대학교 글로벌물류대학원|한국해양대학교 해양과학기술전문대학원|한국해양대학교 해양금융대학원|한국해양대학교해사산업대학원
서울,가톨릭대학교,longest_undergraduate_name_prefix,10,32,전문대학원|특수대학원,가톨릭대학교 교회음악대학원|가톨릭대학교 보건의료경영대학원|가톨릭대학교 상담심리대학원|가톨릭대학교 생명대학원|가톨릭대학교 의학전문대학원|가톨릭대학교 임상간호대학원|가톨릭대학교 임상치과학대학원|가톨릭대학교문화영성대학원|가톨릭대학교사회복지대학원|가톨릭대학교행정대학원
서울,감리교신학대학교,longest_undergraduate_name_prefix,2,1,특수대학원,감리교신학대학교목회신학대학원|감리교신학대학교신학대학원
서울,강서대학교,longest_undergraduate_name_prefix,3,5,특수대학원,강서대학교 교육대학원|강서대학교 사회복지대학원|강서대학교 신학대학원
서울,개신대학원대학교,standalone_graduate_university,1,9,전문대학원,개신대학원대학교
서울,건국대학교,longest_undergraduate_name_prefix,12,50,전문대학원|특수대학원,건국대학교 경영전문대학원|건국대학교 법학전문대학원|건국대학교 수의방역대학원|건국대학교 예술디자인대학원|건국대학교건축전문대학원|건국대학교교육대학원|건국대학교농축대학원|건국대학교부동산대학원|건국대학교산업대학원|건국대학교언론홍보대학원|건국대학교정보통신대학원|건국대학교행정대학원
서울,경기대학교,longest_undergraduate_name_prefix,6,34,전문대학원|특수대학원,경기대학교 관광전문대학원|경기대학교 서비스경영전문대학원|경기대학교 예술대학원|경기대학교 한류문화대학원|경기대학교대체의학대학원|경기대학교정치전문대학원
서울,경희대학교,longest_undergraduate_name_prefix,8,67,전문대학원|특수대학원,경희대학교 공공대학원|경희대학교 미디어커뮤니케이션대학원|경희대학교 법무대학원|경희대학교 법학전문대학원|경희대학교 의학전문대학원|경희대학교경영대학원|경희대학교관광대학원|경희대학교교육대학원
서울,경희사이버대학교,longest_undergraduate_name_prefix,2,6,특수대학원,경희사이버대학교 문화창조대학원|경희사이버대학교 호텔관광대학원
서울,고려대학교,longest_undergraduate_name_prefix,19,93,전문대학원|특수대학원,고려대학교 KU-KIST융합대학원|고려대학교 경영전문대학원|고려대학교 공학대학원|고려대학교 교육대학원|고려대학교 국제대학원|고려대학교 그린스쿨(에너지환경정책기술대학원)|고려대학교 기술경영전문대학원|고려대학교 노동대학원|고려대학교 미디어대학원|고려대학교 법무대학원|고려대학교 법학전문대학원|고려대학교 보건대학원|고려대학교 생명환경과학대학원|고려대학교 언론대학원|고려대학교 에너지환경대학원(그린스쿨)|고려대학교 임상치의학대학원|고려대학교 정보보호대학원|고려대학교 정책대학원|고려대학교 컴퓨터정보통신대학원
서울,고려사이버대학교,longest_undergraduate_name_prefix,1,1,특수대학원,고려사이버대학교 융합정보대학원
서울,광운대학교,longest_undergraduate_name_prefix,6,29,특수대학원,광운대학교 건설법무대학원|광운대학교 경영대학원|광운대학교 상담복지정책대학원|광운대학교 스마트융합대학원|광운대학교 환경대학원|광운대학교교육대학원
서울,국민대학교,longest_undergraduate_name_prefix,14,77,전문대학원|특수대학원,국민대학교 글로벌창업벤처대학원|국민대학교 소프트웨어융합대학원|국민대학교 자동차산업대학원|국민대학교경영대학원|국민대학교교육대학원|국민대학교디자인대학원|국민대학교법무대학원|국민대학교비즈니스IT전문대학원|국민대학교스포츠산업대학원|국민대학교자동차공학전문대학원|국민대학교정치대학원|국민대학교종합예술대학원|국민대학교테크노디자인전문대학원|국민대학교행정대학원
서울,국제영어대학원대학교,standalone_graduate_university,1,2,전문대학원,국제영어대학원대학교
서울,덕성여자대학교,longest_undergraduate_name_prefix,2,6,특수대학원,덕성여자대학교 교육대학원|덕성여자대학교 상담·산업대학원
서울,동국대학교,longest_undergraduate_name_prefix,12,43,전문대학원|특수대학원,동국대학교 경영대학원|동국대학교 경영전문대학원|동국대학교 경찰사법대학원|동국대학교 교육대학원|동국대학교 교육서비스과학대학원|동국대학교 국제정보보호대학원|동국대학교 문화예술대학원|동국대학교 법무대학원|동국대학교 불교대학원|동국대학교 언론정보대학원|동국대학교 영상대학원(전문)|동국대학교 행정대학원
서울,동덕여자대학교,longest_undergraduate_name_prefix,6,15,전문대학원|특수대학원,동덕여자대학교 공연예술대학원|동덕여자대학교 교육대학원|동덕여자대학교 문화 예술치료대학원|동덕여자대학교 미래전략융합대학원|동덕여자대학교 보건과학대학원|동덕여자대학교 패션전문대학원
서울,동방문화대학원대학교,standalone_graduate_university,1,5,전문대학원,동방문화대학원대학교
서울,명지대학교,longest_undergraduate_name_prefix,8,35,전문대학원|특수대학원,명지대학교 경영대학원|명지대학교 교육대학원|명지대학교 기록정보과학전문대학원|명지대학교 문화예술대학원|명지대학교 부동산대학원|명지대학교 사회교육대학원|명지대학교 사회복지대학원|명지대학교 통합치료대학원
서울,백석대학교,longest_undergraduate_name_prefix,7,36,전문대학원|특수대학원,백석대학교 교육대학원|백석대학교 기독교전문대학원|백석대학교 문화예술대학원|백석대학교 보건복지대학원|백석대학교 상담대학원|백석대학교 신학대학원|백석대학교 실천신학대학원
서울,베뢰아국제대학원대학교,standalone_graduate_university,1,1,전문대학원,베뢰아국제대학원대학교
서울,북한대학원대학교,standalone_graduate_university,1,1,전문대학원,북한대학원대학교
서울,사이버한국외국어대학교,longest_undergraduate_name_prefix,1,1,특수대학원,사이버한국외국어대학교 TESOL 대학원
서울,삼육대학교,longest_undergraduate_name_prefix,3,3,특수대학원,삼육대학교 신학대학원|삼육대학교 임상간호대학원|삼육대학교경영대학원
서울,상명대학교,longest_undergraduate_name_prefix,6,18,특수대학원,상명대학교 경영대학원|상명대학교 교육대학원|상명대학교 문화기술대학원|상명대학교 복지상담대학원|상명대학교 상담대학원|상명대학교 예술디자인대학원
서울,서강대학교,longest_undergraduate_name_prefix,11,58,전문대학원|특수대학원,서강대학교 경영전문대학원|서강대학교 경제대학원|서강대학교 공공정책대학원|서강대학교 기술경영전문대학원|서강대학교 법학전문대학원|서강대학교 신학대학원|서강대학교교육대학원|서강대학교국제대학원|서강대학교언론대학원|서강대학교영상대학원|서강대학교정보통신대학원
서울,서경대학교,longest_undergraduate_name_prefix,3,5,특수대학원,서경대학교 경영문화대학원|서경대학교 미용예술대학원|서경대학교 실용음악대학원
서울,서울과학기술대학교,longest_undergraduate_name_prefix,6,36,전문대학원|특수대학원,서울과학기술대학교 IT정책전문대학원|서울과학기술대학교 나노IT디자인융합대학원|서울과학기술대학교 산업대학원|서울과학기술대학교 융합과학대학원|서울과학기술대학교 주택도시대학원|서울과학기술대학교 철도전문대학원
서울,서울과학종합대학원대학교,standalone_graduate_university,1,1,전문대학원,서울과학종합대학원대학교
서울,서울교육대학교,longest_undergraduate_name_prefix,2,39,전문대학원|특수대학원,서울교육대학교 교육대학원|서울교육대학교 교육전문대학원
서울,서울기독대학교,longest_undergraduate_name_prefix,4,4,특수대학원,서울기독대학교 문화산업경영대학원|서울기독대학교 연합신학대학원|서울기독대학교사회복지대학원|서울기독대학교치유상담대학원
서울,서울대학교,longest_undergraduate_name_prefix,11,25,전문대학원,서울대학교 경영전문대학원|서울대학교 공학전문대학원|서울대학교 국제대학원|서울대학교 데이터사이언스대학원|서울대학교 법학전문대학원|서울대학교 보건대학원|서울대학교 융합과학기술대학원|서울대학교 의학대학원|서울대학교 치의학대학원|서울대학교 행정대학원|서울대학교 환경대학원
서울,서울미디어대학원대학교,standalone_graduate_university,1,5,특수대학원,서울미디어대학원대학교
서울,서울벤처대학원대학교,standalone_graduate_university,1,3,전문대학원,서울벤처대학원대학교
서울,서울불교대학원대학교,standalone_graduate_university,1,3,전문대학원,서울불교대학원대학교
서울,서울사이버대학교,longest_undergraduate_name_prefix,2,2,특수대학원,서울사이버대학교 상담심리대학원|서울사이버대학교 휴먼서비스대학원
서울,서울사회복지대학원대학교,standalone_graduate_university,1,1,특수대학원,서울사회복지대학원대학교
서울,서울상담심리대학원대학교,standalone_graduate_university,1,1,전문대학원,서울상담심리대학원대학교
서울,서울성경신학대학원대학교,standalone_graduate_university,1,3,전문대학원,서울성경신학대학원대학교
서울,서울시립대학교,longest_undergraduate_name_prefix,9,39,전문대학원|특수대학원,서울시립대학교 경영대학원|서울시립대학교 과학기술대학원|서울시립대학교 교육대학원|서울시립대학교 국제도시과학대학원|서울시립대학교 도시과학대학원|서울시립대학교 도시보건대학원|서울시립대학교 디자인전문대학원|서울시립대학교 법학전문대학원|서울시립대학교 세무전문대학원
서울,서울여자대학교,longest_undergraduate_name_prefix,4,7,전문대학원|특수대학원,서울여자대학교 교육대학원|서울여자대학교 사회복지·기독교대학원|서울여자대학교 특수치료전문대학원|서울여자대학교 휴먼서비스대학원
서울,서울외국어대학원대학교,standalone_graduate_university,1,3,전문대학원,서울외국어대학원대학교
서울,서울한영대학교,longest_undergraduate_name_prefix,2,7,특수대학원,서울한영대학교 국제신학선교대학원|서울한영대학교 상담복지대학원
서울,성공회대학교,longest_undergraduate_name_prefix,7,17,특수대학원,성공회대학교 사회적경제대학원|성공회대학교 시민평화대학원|성공회대학교 신학대학원|성공회대학교NGO대학원|성공회대학교교육대학원|성공회대학교문화대학원|성공회대학교시민사회복지대학원
서울,성균관대학교,longest_undergraduate_name_prefix,19,51,전문대학원|특수대학원,성균관대학교 경영(전문)대학원|성균관대학교 경영대학원|성균관대학교 경영대학원(iMBA)|성균관대학교 교육대학원|성균관대학교 국가전략대학원|성균관대학교 국정관리대학원|성균관대학교 국정전문대학원|성균관대학교 글로벌보험연금대학원|성균관대학교 디자인대학원|성균관대학교 문화융합대학원|성균관대학교 미디어문화융합대학원|성균관대학교 번역·테솔(TESOL)대학원|성균관대학교 법학전문대학원|성균관대학교 사회복지대학원|성균관대학교 생활과학대학원|성균관대학교 언론정보대학원|성균관대학교 유학대학원|성균관대학교 정보통신대학원|성균관대학교 중국대학원
서울,성신여자대학교,longest_undergraduate_name_prefix,5,7,특수대학원,성신여자대학교 AI세무·회계대학원|성신여자대학교 문화산업예술대학원|성신여자대학교 뷰티융합대학원|성신여자대학교 생애복지대학원|성신여자대학교교육대학원
서울,세종대학교,longest_undergraduate_name_prefix,7,32,전문대학원|특수대학원,세종대학교 공공정책대학원|세종대학교 산업대학원|세종대학교 융합예술대학원|세종대학교경영전문대학원|세종대학교공연예술대학원|세종대학교관광대학원|세종대학교교육대학원
서울,세종사이버대학교,longest_undergraduate_name_prefix,2,2,특수대학원,세종사이버대학교  경영대학원|세종사이버대학교  정보보호대학원
서울,수도국제대학원대학교,standalone_graduate_university,1,6,전문대학원,수도국제대학원대학교
서울,숙명여자대학교,longest_undergraduate_name_prefix,11,43,전문대학원|특수대학원,숙명여자대학교 TESOL·국제학대학원|숙명여자대학교 경영전문대학원|숙명여자대학교 교육대학원|숙명여자대학교 국제관계대학원|숙명여자대학교 문화예술대학원|숙명여자대학교 사회교육대학원|숙명여자대학교 심리치료대학원|숙명여자대학교 원격대학원|숙명여자대학교 음악치료대학원|숙명여자대학교 인적자원개발대학원|숙명여자대학교 정책대학원
서울,순복음대학원대학교,standalone_graduate_university,1,4,전문대학원,순복음대학원대학교
서울,숭실대학교,longest_undergraduate_name_prefix,7,40,특수대학원,숭실대학교 경영대학원|숭실대학교 교육대학원|숭실대학교 기독교학대학원|숭실대학교 사회복지대학원|숭실대학교 안전융합대학원|숭실대학교 정보과학대학원|숭실대학교 중소기업대학원
서울,연세대학교,longest_undergraduate_name_prefix,16,64,전문대학원|특수대학원,연세대학교 간호대학원|연세대학교 경영전문대학원|연세대학교 경제대학원|연세대학교 공학대학원|연세대학교 교육대학원|연세대학교 국제학대학원|연세대학교 법무대학원|연세대학교 법학전문대학원|연세대학교 보건대학원|연세대학교 사회복지대학원|연세대학교 생활환경대학원|연세대학교 언론홍보대학원|연세대학교 연합신학대학원|연세대학교 정보대학원|연세대학교 커뮤니케이션대학원|연세대학교 행정대학원
서울,예명대학원대학교,standalone_graduate_university,1,2,전문대학원,예명대학원대학교
서울,이화여자대학교,longest_undergraduate_name_prefix,14,23,전문대학원|특수대학원,이화여자대학교 경영전문대학원|이화여자대학교 공연예술대학원|이화여자대학교 교육대학원|이화여자대학교 국제대학원|이화여자대학교 디자인대학원|이화여자대학교 법학전문대학원|이화여자대학교 사회복지대학원|이화여자대학교 신학대학원|이화여자대학교 외국어교육특수대학원|이화여자대학교 임상바이오헬스대학원|이화여자대학교 임상보건융합대학원|이화여자대학교 임상치의학대학원|이화여자대학교 정책과학대학원|이화여자대학교 통역번역대학원
서울,장로회신학대학교,longest_undergraduate_name_prefix,5,8,전문대학원|특수대학원,장로회신학대학교 교육대학원|장로회신학대학교 교회음악대학원|장로회신학대학교 기독교와사회대학원|장로회신학대학교 목회전문대학원|장로회신학대학교 신학대학원
서울,중앙대학교,longest_undergraduate_name_prefix,16,41,전문대학원|특수대학원,중앙대학교 건강간호대학원|중앙대학교 건설대학원|중앙대학교 경영전문대학원|중앙대학교 교육대학원|중앙대학교 국제대학원|중앙대학교 글로벌대학원|중앙대학교 글로벌인적자원개발대학원|중앙대학교 법학전문대학원|중앙대학교 보안대학원|중앙대학교 사회복지대학원|중앙대학교 신문방송대학원|중앙대학교 심리서비스대학원|중앙대학교 예술대학원|중앙대학교 첨단영상대학원|중앙대학교 커뮤니케이션대학원|중앙대학교 행정대학원
서울,총신대학교,longest_undergraduate_name_prefix,6,8,전문대학원|특수대학원,총신대학교교육대학원|총신대학교교회음악대학원|총신대학교목회신학대학원|총신대학교사회복지대학원|총신대학교상담대학원|총신대학교선교대학원
서울,추계예술대학교,longest_undergraduate_name_prefix,2,5,특수대학원,추계예술대학교 교육대학원|추계예술대학교 문화예술경영대학원
서울,치유상담대학원대학교,standalone_graduate_university,1,3,전문대학원,치유상담대학원대학교
서울,한국방송통신대학교,longest_undergraduate_name_prefix,2,27,특수대학원,한국방송통신대학교 경영대학원|한국방송통신대학교 대학원
서울,한국상담대학원대학교,standalone_graduate_university,1,1,전문대학원,한국상담대학원대학교
서울,한국성서대학교,longest_undergraduate_name_prefix,3,3,특수대학원,한국성서대학교보육대학원|한국성서대학교사회복지대학원|한국성서대학교신학대학원
서울,한국외국어대학교,longest_undergraduate_name_prefix,8,50,전문대학원|특수대학원,한국외국어대학교 KFL대학원|한국외국어대학교 TESOL 대학원|한국외국어대학교 경영대학원|한국외국어대학교 교육대학원|한국외국어대학교 국제지역대학원|한국외국어대학교 법학전문대학원|한국외국어대학교 정치행정언론대학원|한국외국어대학교 통번역대학원
서울,한국체육대학교,longest_undergraduate_name_prefix,2,14,특수대학원,한국체육대학교 교육대학원|한국체육대학교 사회체육대학원
서울,한림국제대학원대학교,standalone_graduate_university,1,5,특수대학원,한림국제대학원대학교
서울,한반도국제대학원대학교,standalone_graduate_university,1,2,특수대학원,한반도국제대학원대학교
서울,한성대학교,longest_undergraduate_name_prefix,7,19,특수대학원,한성대학교 국방과학대학원|한성대학교 지식서비스&컨설팅대학원|한성대학교경영대학원|한성대학교교육대학원|한성대학교부동산대학원|한성대학교예술대학원|한성대학교행정대학원
서울,한신대학교,longest_undergraduate_name_prefix,2,2,특수대학원,한신대학교 사회혁신경영대학원|한신대학교신학대학원
서울,한양대학교,longest_undergraduate_name_prefix,17,60,전문대학원|특수대학원,한양대학교 경영전문대학원|한양대학교 공공정책대학원|한양대학교 기술경영전문대학원|한양대학교 법학전문대학원|한양대학교 보건대학원|한양대학교 부동산융합대학원|한양대학교 상담심리대학원|한양대학교 의생명공학전문대학원|한양대학교 인공지능융합대학원|한양대학교 임상간호대학원|한양대학교 임상간호정보대학원|한양대학교공학대학원|한양대학교교육대학원|한양대학교국제관광대학원|한양대학교국제학대학원|한양대학교도시대학원|한양대학교언론정보대학원
서울,한양사이버대학교,longest_undergraduate_name_prefix,6,13,특수대학원,한양사이버대학교 경영대학원|한양사이버대학교 교육정보대학원|한양사이버대학교 디자인대학원|한양사이버대학교 미래융합공학대학원|한양사이버대학교 부동산대학원|한양사이버대학교 휴먼서비스대학원
서울,호서대학교,longest_undergraduate_name_prefix,2,8,전문대학원|특수대학원,호서대학교 글로벌창업대학원|호서대학교 벤처대학원
서울,홍익대학교,longest_undergraduate_name_prefix,13,49,전문대학원|특수대학원,홍익대학교 건축도시대학원|홍익대학교 경영대학원|홍익대학교 공연예술대학원|홍익대학교 광고홍보대학원|홍익대학교 교육대학원|홍익대학교 국제디자인전문대학원|홍익대학교 디자인콘텐츠대학원|홍익대학교 문화예술경영대학원|홍익대학교 미술대학원|홍익대학교 산업미술대학원|홍익대학교 영상·커뮤니케이션대학원|홍익대학교 영상대학원|홍익대학교 패션대학원
서울,횃불트리니티신학대학원대학교,standalone_graduate_university,1,6,전문대학원,횃불트리니티신학대학원대학교
세종,고려대학교,longest_undergraduate_name_prefix,1,4,특수대학원,고려대학교 문화스포츠대학원
세종,고려대학교 세종캠퍼스,longest_undergraduate_name_prefix,4,13,전문대학원|특수대학원,고려대학교 세종캠퍼스 경영정보대학원|고려대학교 세종캠퍼스 의용과학대학원|고려대학교 세종캠퍼스 행정대학원|고려대학교 세종캠퍼스 행정전문대학원
세종,한국개발연구원국제정책대학원대학교,standalone_graduate_university,1,6,전문대학원,한국개발연구원국제정책대학원대학교
세종,홍익대학교,longest_undergraduate_name_prefix,1,3,특수대학원,홍익대학교 문화정보정책대학원
울산,울산과학기술원,longest_undergraduate_name_prefix,3,4,전문대학원|특수대학원,울산과학기술원 기술경영전문대학원|울산과학기술원 디자인-공학 융합전문대학원|울산과학기술원 융합경영대학원
울산,울산대학교,longest_undergraduate_name_prefix,4,23,특수대학원,울산대학교 경영대학원|울산대학교 교육대학원|울산대학교 산업대학원|울산대학교 정책대학원
울산,한국전력국제원자력대학원대학교,standalone_graduate_university,1,2,전문대학원,한국전력국제원자력대학원대학교
인천,가천대학교,longest_undergraduate_name_prefix,2,2,특수대학원,가천대학교 간호대학원|가천대학교 보건대학원
인천,경인교육대학교,longest_undergraduate_name_prefix,1,28,전문대학원,경인교육대학교 교육전문대학원
인천,성산효대학원대학교,standalone_graduate_university,1,11,전문대학원,성산효대학원대학교
인천,안양대학교,longest_undergraduate_name_prefix,1,1,특수대학원,안양대학교 경영행정대학원
인천,인천대학교,longest_undergraduate_name_prefix,7,42,전문대학원|특수대학원,인천대학교 경영대학원|인천대학교 공학대학원|인천대학교 문화대학원|인천대학교 정보기술대학원|인천대학교 정책대학원|인천대학교교육대학원|인천대학교동북아물류대학원
인천,인하대학교,longest_undergraduate_name_prefix,9,33,전문대학원|특수대학원,인하대학교 경영대학원|인하대학교 공학대학원|인하대학교 물류전문대학원|인하대학교 법학전문대학원|인하대학교 보건대학원|인하대학교 상담심리대학원|인하대학교 제조혁신전문대학원|인하대학교교육대학원|인하대학교정책대학원
인천,주안대학원대학교,standalone_graduate_university,1,1,전문대학원,주안대학원대학교
전남,동신대학교,longest_undergraduate_name_prefix,2,15,특수대학원,동신대학교교육대학원|동신대학교사회개발대학원
전남,목포대학교,longest_undergraduate_name_prefix,3,29,특수대학원,목포대학교 교육대학원|목포대학교경영행정대학원|목포대학교산업기술대학원
전남,목포해양대학교,longest_undergraduate_name_prefix,1,2,특수대학원,목포해양대학교해양산업대학원
전남,순천대학교,longest_undergraduate_name_prefix,4,20,특수대학원,순천대학교 사회문화예술대학원|순천대학교경영행정대학원|순천대학교교육대학원|순천대학교산업대학원
전남,전남대학교,longest_undergraduate_name_prefix,2,3,특수대학원,전남대학교 산학협력대학원|전남대학교 수산해양대학원
전남,초당대학교,longest_undergraduate_name_prefix,1,6,특수대학원,초당대학교 산업대학원
전북,군산대학교,longest_undergraduate_name_prefix,3,25,특수대학원,군산대학교경영행정대학원|군산대학교교육대학원|군산대학교산업대학원
전북,예원예술대학교,longest_undergraduate_name_prefix,2,4,특수대학원,예원예술대학교 문화예술대학원|예원예술대학교 사회복지대학원
전북,우석대학교,longest_undergraduate_name_prefix,3,23,특수대학원,우석대학교 경영문화대학원|우석대학교 교육대학원|우석대학교 국방정책대학원
전북,원광대학교,longest_undergraduate_name_prefix,7,27,전문대학원|특수대학원,원광대학교 경영대학원|원광대학교 교육대학원|원광대학교 동양학대학원|원광대학교 법학전문대학원|원광대학교 보건·보완의학대학원|원광대학교 한의학전문대학원|원광대학교 행정대학원
전북,원광디지털대학교,longest_undergraduate_name_prefix,1,1,특수대학원,원광디지털대학교 웰빙문화대학원
전북,원불교대학원대학교,standalone_graduate_university,1,1,전문대학원,원불교대학원대학교
전북,전북대학교,longest_undergraduate_name_prefix,13,61,전문대학원|특수대학원,전북대학교 경영대학원|전북대학교 교육대학원|전북대학교 법무대학원|전북대학교 법학전문대학원|전북대학교 보건대학원|전북대학교 산업기술대학원|전북대학교 생명자원과학대학원|전북대학교 유연인쇄전자전문대학원|전북대학교 의학전문대학원|전북대학교 정보과학대학원|전북대학교 치의학전문대학원|전북대학교 행정대학원|전북대학교 환경대학원
전북,전주교육대학교,longest_undergraduate_name_prefix,1,15,특수대학원,전주교육대학교교육대학원
전북,전주대학교,longest_undergraduate_name_prefix,6,34,특수대학원,전주대학교 경영행정대학원|전주대학교 교육대학원|전주대학교 문화산업대학원|전주대학교 보건복지대학원|전주대학교 상담심리대학원|전주대학교 선교신학대학원
전북,한일장신대학교,longest_undergraduate_name_prefix,3,3,특수대학원,한일장신대학교 사회복지대학원|한일장신대학교 심리치료대학원|한일장신대학교신학대학원
제주,제주국제대학교,longest_undergraduate_name_prefix,3,8,특수대학원,제주국제대학교 교육대학원|제주국제대학교 사회복지임상치료대학원|제주국제대학교 산업대학원
제주,제주대학교,longest_undergraduate_name_prefix,9,49,전문대학원|특수대학원,제주대학교 법학전문대학원|제주대학교 보건복지대학원|제주대학교 사회교육대학원|제주대학교 의학전문대학원|제주대학교 통역번역대학원|제주대학교경영대학원|제주대학교교육대학원|제주대학교산업대학원|제주대학교행정대학원
충남,고신대학교,longest_undergraduate_name_prefix,1,2,특수대학원,고신대학교신학대학원
충남,공주교육대학교,longest_undergraduate_name_prefix,1,30,특수대학원,공주교육대학교교육대학원
충남,공주대학교,longest_undergraduate_name_prefix,8,60,전문대학원|특수대학원,공주대학교 경영대학원|공주대학교 국가사회안전대학원|공주대학교 문화유산대학원|공주대학교 정책융합전문대학원|공주대학교 테크노융합대학원|공주대학교교육대학원|공주대학교산업과학대학원|공주대학교특수교육대학원
충남,국제뇌교육종합대학원대학교,standalone_graduate_university,1,6,전문대학원,국제뇌교육종합대학원대학교
충남,나사렛대학교,longest_undergraduate_name_prefix,4,13,특수대학원,나사렛대학교 사회복지대학원|나사렛대학교교육대학원|나사렛대학교신학대학원|나사렛대학교재활복지대학원
충남,남서울대학교,longest_undergraduate_name_prefix,2,18,특수대학원,남서울대학교 국제대학원|남서울대학교 특수대학원
충남,단국대학교,longest_undergraduate_name_prefix,4,19,특수대학원,단국대학교 교육대학원|단국대학교 보건복지대학원|단국대학교 스포츠과학대학원|단국대학교 정책경영대학원
충남,선문대학교,longest_undergraduate_name_prefix,4,9,전문대학원|특수대학원,선문대학교 글로컬통합대학원|선문대학교 신학대학원|선문대학교교육대학원|선문대학교신학전문대학원
충남,순천향대학교,longest_undergraduate_name_prefix,4,20,특수대학원,순천향대학교 건강과학대학원|순천향대학교 미래융합대학원|순천향대학교 법과학대학원|순천향대학교교육대학원
충남,중부대학교,longest_undergraduate_name_prefix,3,29,특수대학원,중부대학교 휴먼텍대학원|중부대학교교육대학원|중부대학교원격대학원
충남,청운대학교,longest_undergraduate_name_prefix,1,18,특수대학원,청운대학교 대학원
충남,한국기술교육대학교,longest_undergraduate_name_prefix,2,12,전문대학원|특수대학원,한국기술교육대학교 IT융합과학경영산업대학원|한국기술교육대학교테크노인력개발전문대학원
충남,한국전통문화대학교,longest_undergraduate_name_prefix,1,2,전문대학원,한국전통문화대학교 문화유산전문대학원
충남,한서대학교,longest_undergraduate_name_prefix,6,21,전문대학원|특수대학원,한서대학교 국제디자인융합전문대학원|한서대학교 국제예술디자인대학원|한서대학교 항공융합대학원|한서대학교 항공정보산업대학원|한서대학교건강증진대학원|한서대학교교육대학원
충남,호서대학교,longest_undergraduate_name_prefix,7,22,전문대학원|특수대학원,호서대학교 경영대학원|호서대학교 교육대학원|호서대학교 기술경영전문대학원|호서대학교 문화복지상담대학원|호서대학교 산학융합대학원|호서대학교 스포츠과학대학원|호서대학교 연합신학전문대학원
충북,가톨릭꽃동네대학교,longest_undergraduate_name_prefix,1,4,특수대학원,가톨릭꽃동네대학교 사회복지카리타스대학원
충북,건국대학교,longest_undergraduate_name_prefix,3,5,전문대학원|특수대학원,건국대학교 교육대학원|건국대학교 의학전문대학원|건국대학교 창의융합대학원
충북,극동대학교,longest_undergraduate_name_prefix,4,10,특수대학원,극동대학교 글로벌대학원|극동대학교 보건과학대학원|극동대학교 산업기술보안대학원|극동대학교교육대학원
충북,서원대학교,longest_undergraduate_name_prefix,2,10,특수대학원,서원대학교교육대학원|서원대학교산업대학원
충북,세명대학교,longest_undergraduate_name_prefix,3,4,특수대학원,세명대학교 경영행정복지대학원|세명대학교 저널리즘대학원|세명대학교 저널리즘스쿨대학원
충북,유원대학교,longest_undergraduate_name_prefix,1,5,특수대학원,유원대학교산업정보대학원
충북,중원대학교,longest_undergraduate_name_prefix,2,9,특수대학원,중원대학교 사회문화대학원|중원대학교 평생학습대학원
충북,청주교육대학교,longest_undergraduate_name_prefix,1,22,특수대학원,청주교육대학교교육대학원
충북,청주대학교,longest_undergraduate_name_prefix,5,18,특수대학원,청주대학교 보건의료대학원|청주대학교 사회복지·공공정책대학원|청주대학교 사회복지행정대학원|청주대학교 융합신기술대학원|청주대학교산업경영대학원
충북,충북대학교,longest_undergraduate_name_prefix,7,23,전문대학원|특수대학원,충북대학교 교육대학원|충북대학교 법무대학원|충북대학교 법학전문대학원|충북대학교 북방농업대학원|충북대학교 산업대학원|충북대학교 세종 국가정책대학원|충북대학교경영대학원
충북,한국교원대학교,longest_undergraduate_name_prefix,2,57,전문대학원|특수대학원,한국교원대학교 교육정책전문대학원|한국교원대학교교육대학원
충북,한국교통대학교,longest_undergraduate_name_prefix,2,17,특수대학원,한국교통대학교 교육대학원|한국교통대학교 글로벌융합대학원
