attribute,stratum,employment_cohort_year,employment_source_panel_year,employment_reference_date,employment_reference_date_basis,comparison_interval,previous_comparable_cohort_year,all_available_school_count,stratum_balanced_school_count,stratum_balanced_school_coverage_share,all_available_source_record_count,stratum_balanced_source_record_count,all_available_reported_graduate_count,stratum_balanced_reported_graduate_count,stratum_balanced_graduate_coverage_share,all_available_reported_employed_count,stratum_balanced_reported_employed_count,all_available_reported_employed_share_of_graduates,stratum_balanced_reported_employed_share_of_graduates,balanced_minus_all_reported_employed_share_pp,all_available_share_change_pp_from_previous_comparable_cohort,stratum_balanced_share_change_pp_from_previous_comparable_cohort,balanced_minus_all_yoy_change_pp
province,강원,2010,2010,2010-06-01,june_1,june_1_2010_2013,,24,24,1.0,18467,18467,18467,18467,1.0,9163,9163,0.496182379,0.496182379,0.0,,,
province,강원,2011,2011,2011-06-01,june_1,june_1_2010_2013,2010,26,24,0.923076923,19419,19245,19419,19245,0.991039703,10077,9956,0.518924764,0.517329176,-0.159559,2.274238,2.11468,-0.159558
province,강원,2012,2012,2012-06-01,june_1,june_1_2010_2013,2011,26,24,0.923076923,20147,19961,20147,19961,0.990767856,10616,10483,0.526927086,0.525174089,-0.1753,0.800232,0.784491,-0.015741
province,강원,2013,2013,2013-06-01,june_1,june_1_2010_2013,2012,26,24,0.923076923,19915,19718,19915,19718,0.990107959,10382,10249,0.521315591,0.519778882,-0.153671,-0.56115,-0.539521,0.021629
province,강원,2014,2015,2014-12-31,december_31,december_31_2014_2020,,26,23,0.884615385,20185,18855,20185,18855,0.934109487,11179,10326,0.553827099,0.547653142,-0.617396,,,
province,강원,2015,2016,2015-12-31,december_31,december_31_2014_2020,2014,26,23,0.884615385,20727,19780,20727,19780,0.954310802,11427,10843,0.551309886,0.54817998,-0.312991,-0.251721,0.052684,0.304405
province,강원,2016,2017,2016-12-31,december_31,december_31_2014_2020,2015,26,23,0.884615385,20812,20373,20812,20373,0.9789064,11421,11158,0.54876994,0.547685662,-0.108428,-0.253995,-0.049432,0.204563
province,강원,2017,2018,2017-12-31,december_31,december_31_2014_2020,2016,27,23,0.851851852,20282,19925,20282,19925,0.982398186,10746,10532,0.529829405,0.528582183,-0.124722,-1.894054,-1.910348,-0.016294
province,강원,2018,2019,2018-12-31,december_31,december_31_2014_2020,2017,25,23,0.92,19082,19050,19082,19050,0.998323027,10251,10235,0.53720784,0.537270341,0.00625,0.737844,0.868816,0.130972
province,강원,2019,2020,2019-12-31,december_31,december_31_2014_2020,2018,25,23,0.92,18425,18402,18425,18402,0.998751696,9607,9597,0.521411126,0.5215194,0.010827,-1.579671,-1.575094,0.004577
province,강원,2020,2021,2020-12-31,december_31,december_31_2014_2020,2019,24,23,0.958333333,18505,18485,18505,18485,0.998919211,9537,9525,0.515374223,0.515282662,-0.009156,-0.60369,-0.623674,-0.019984
province,경기,2010,2010,2010-06-01,june_1,june_1_2010_2013,,82,81,0.987804878,73276,73271,73276,73271,0.999931765,36385,36384,0.496547301,0.496567537,0.002024,,,
province,경기,2011,2011,2011-06-01,june_1,june_1_2010_2013,2010,86,81,0.941860465,77679,76606,77679,76606,0.986186743,41060,40458,0.528585589,0.528130956,-0.045463,3.203829,3.156342,-0.047487
province,경기,2012,2012,2012-06-01,june_1,june_1_2010_2013,2011,85,81,0.952941176,79420,78439,79420,78439,0.987647948,42137,41575,0.530559053,0.530029705,-0.052935,0.197346,0.189875,-0.007471
province,경기,2013,2013,2013-06-01,june_1,june_1_2010_2013,2012,85,81,0.952941176,79780,78721,79780,78721,0.986725996,41935,41331,0.525632991,0.52503144,-0.060155,-0.492606,-0.499827,-0.007221
province,경기,2014,2015,2014-12-31,december_31,december_31_2014_2020,,87,78,0.896551724,82479,75876,82479,75876,0.919943258,45055,41260,0.54626026,0.54378196,-0.24783,,,
province,경기,2015,2016,2015-12-31,december_31,december_31_2014_2020,2014,88,78,0.886363636,83846,77670,83846,77670,0.926341149,46539,42913,0.555053312,0.552504184,-0.254913,0.879305,0.872222,-0.007083
province,경기,2016,2017,2016-12-31,december_31,december_31_2014_2020,2015,88,78,0.886363636,82217,77722,82217,77722,0.945327609,46289,43414,0.563010083,0.558580582,-0.44295,0.795677,0.60764,-0.188037
province,경기,2017,2018,2017-12-31,december_31,december_31_2014_2020,2016,86,78,0.906976744,80078,76319,80078,76319,0.953058268,44024,41712,0.54976398,0.546548042,-0.321594,-1.32461,-1.203254,0.121356
province,경기,2018,2019,2018-12-31,december_31,december_31_2014_2020,2017,86,78,0.906976744,79429,74873,79429,74873,0.942640597,43892,41015,0.552594141,0.547794265,-0.479988,0.283016,0.124622,-0.158394
province,경기,2019,2020,2019-12-31,december_31,december_31_2014_2020,2018,83,78,0.939759036,78821,73964,78821,73964,0.938379366,42524,39567,0.539500894,0.534949435,-0.455146,-1.309325,-1.284483,0.024842
province,경기,2020,2021,2020-12-31,december_31,december_31_2014_2020,2019,84,78,0.928571429,80486,75650,80486,75650,0.939915016,41441,38613,0.514884576,0.510416391,-0.446819,-2.461632,-2.453304,0.008328
province,경남,2010,2010,2010-06-01,june_1,june_1_2010_2013,,23,22,0.956521739,21350,21348,21350,21348,0.999906323,11242,11242,0.526557377,0.526606708,0.004933,,,
province,경남,2011,2011,2011-06-01,june_1,june_1_2010_2013,2010,24,22,0.916666667,21322,20576,21322,20576,0.965012663,12145,11523,0.569599475,0.560021384,-0.957809,4.30421,3.341468,-0.962742
province,경남,2012,2012,2012-06-01,june_1,june_1_2010_2013,2011,26,22,0.846153846,21957,21120,21957,21120,0.961880038,12378,11688,0.563738216,0.553409091,-1.032912,-0.586126,-0.661229,-0.075103
province,경남,2013,2013,2013-06-01,june_1,june_1_2010_2013,2012,27,22,0.814814815,21488,20646,21488,20646,0.960815339,12009,11295,0.558870067,0.547079337,-1.179073,-0.486815,-0.632975,-0.14616
province,경남,2014,2015,2014-12-31,december_31,december_31_2014_2020,,28,25,0.892857143,21198,18801,21198,18801,0.886923295,12409,11118,0.585385414,0.591351524,0.596611,,,
province,경남,2015,2016,2015-12-31,december_31,december_31_2014_2020,2014,28,25,0.892857143,21214,20283,21214,20283,0.956113887,12567,12024,0.592391817,0.592811714,0.04199,0.70064,0.146019,-0.554621
province,경남,2016,2017,2016-12-31,december_31,december_31_2014_2020,2015,29,25,0.862068966,21382,20650,21382,20650,0.965765597,12438,12064,0.581704237,0.584213075,0.250884,-1.068758,-0.859864,0.208894
province,경남,2017,2018,2017-12-31,december_31,december_31_2014_2020,2016,30,25,0.833333333,21203,20528,21203,20528,0.968164882,11739,11359,0.553648069,0.553341777,-0.030629,-2.805617,-3.08713,-0.281513
province,경남,2018,2019,2018-12-31,december_31,december_31_2014_2020,2017,29,25,0.862068966,20259,19928,20259,19928,0.983661583,11580,11358,0.571597808,0.569951827,-0.164598,1.794974,1.661005,-0.133969
province,경남,2019,2020,2019-12-31,december_31,december_31_2014_2020,2018,28,25,0.892857143,19931,19572,19931,19572,0.981987858,10988,10778,0.551301992,0.550684652,-0.061734,-2.029582,-1.926717,0.102865
province,경남,2020,2021,2020-12-31,december_31,december_31_2014_2020,2019,28,25,0.892857143,20070,19614,20070,19614,0.977279522,10743,10464,0.535276532,0.533496482,-0.178005,-1.602546,-1.718817,-0.116271
province,경북,2010,2010,2010-06-01,june_1,june_1_2010_2013,,50,47,0.94,32218,32066,32218,32066,0.99528214,16659,16578,0.517071202,0.516996195,-0.007501,,,
province,경북,2011,2011,2011-06-01,june_1,june_1_2010_2013,2010,52,47,0.903846154,39247,32355,39247,32355,0.824394221,21031,17383,0.535862614,0.537258538,0.139592,1.879141,2.026234,0.147093
province,경북,2012,2012,2012-06-01,june_1,june_1_2010_2013,2011,52,47,0.903846154,39045,31892,39045,31892,0.816801127,20851,17168,0.534024843,0.538316819,0.429198,-0.183777,0.105828,0.289605
province,경북,2013,2013,2013-06-01,june_1,june_1_2010_2013,2012,50,47,0.94,36755,30015,36755,30015,0.816623589,19377,15915,0.527193579,0.530234883,0.30413,-0.683126,-0.808194,-0.125068
province,경북,2014,2015,2014-12-31,december_31,december_31_2014_2020,,52,47,0.903846154,37590,35465,37590,35465,0.943469008,20929,19760,0.556770418,0.55716904,0.039862,,,
province,경북,2015,2016,2015-12-31,december_31,december_31_2014_2020,2014,52,47,0.903846154,38870,36975,38870,36975,0.951247749,21573,20571,0.555003859,0.556348884,0.134502,-0.176656,-0.082016,0.09464
province,경북,2016,2017,2016-12-31,december_31,december_31_2014_2020,2015,52,47,0.903846154,39924,38022,39924,38022,0.952359483,22189,21079,0.555780984,0.554389564,-0.139142,0.077712,-0.195932,-0.273644
province,경북,2017,2018,2017-12-31,december_31,december_31_2014_2020,2016,52,47,0.903846154,39333,37753,39333,37753,0.959830168,20872,19948,0.530648565,0.52838185,-0.226671,-2.513242,-2.600771,-0.087529
province,경북,2018,2019,2018-12-31,december_31,december_31_2014_2020,2017,50,47,0.94,37118,35957,37118,35957,0.968721375,19959,19178,0.537717549,0.53335929,-0.435826,0.706898,0.497744,-0.209154
province,경북,2019,2020,2019-12-31,december_31,december_31_2014_2020,2018,49,47,0.959183673,36722,35671,36722,35671,0.971379554,19335,18693,0.52652361,0.524039135,-0.248448,-1.119394,-0.932016,0.187378
province,경북,2020,2021,2020-12-31,december_31,december_31_2014_2020,2019,49,47,0.959183673,36145,35119,36145,35119,0.971614331,18723,18087,0.517996957,0.515020359,-0.29766,-0.852665,-0.901878,-0.049213
province,광주,2010,2010,2010-06-01,june_1,june_1_2010_2013,,25,25,1.0,19781,19781,19781,19781,1.0,9407,9407,0.475557353,0.475557353,0.0,,,
province,광주,2011,2011,2011-06-01,june_1,june_1_2010_2013,2010,26,25,0.961538462,20511,20241,20511,20241,0.986836332,10761,10540,0.524645312,0.520725261,-0.392005,4.908796,4.516791,-0.392005
province,광주,2012,2012,2012-06-01,june_1,june_1_2010_2013,2011,26,25,0.961538462,20247,19967,20247,19967,0.986170791,10775,10540,0.532177607,0.527870987,-0.430662,0.75323,0.714573,-0.038657
province,광주,2013,2013,2013-06-01,june_1,june_1_2010_2013,2012,26,25,0.961538462,19640,19336,19640,19336,0.984521385,9888,9631,0.503462322,0.498086471,-0.537585,-2.871529,-2.978452,-0.106923
province,광주,2014,2015,2014-12-31,december_31,december_31_2014_2020,,27,25,0.925925926,18412,17936,18412,17936,0.974147295,9909,9646,0.538181621,0.53780107,-0.038055,,,
province,광주,2015,2016,2015-12-31,december_31,december_31_2014_2020,2014,26,25,0.961538462,19389,19146,19389,19146,0.987467121,10763,10666,0.555108567,0.557087642,0.197908,1.692695,1.928657,0.235962
province,광주,2016,2017,2016-12-31,december_31,december_31_2014_2020,2015,27,25,0.925925926,19519,19070,19519,19070,0.976996772,11049,10758,0.566063835,0.564132145,-0.193169,1.095527,0.70445,-0.391077
province,광주,2017,2018,2017-12-31,december_31,december_31_2014_2020,2016,27,25,0.925925926,19392,18962,19392,18962,0.977825908,10605,10340,0.546875,0.545301129,-0.157387,-1.918884,-1.883102,0.035782
province,광주,2018,2019,2018-12-31,december_31,december_31_2014_2020,2017,26,25,0.961538462,19268,18764,19268,18764,0.973842641,10553,10263,0.547695661,0.546951609,-0.074405,0.082066,0.165048,0.082982
province,광주,2019,2020,2019-12-31,december_31,december_31_2014_2020,2018,26,25,0.961538462,19397,18810,19397,18810,0.969737588,10407,10046,0.536526267,0.534077618,-0.244865,-1.116939,-1.287399,-0.17046
province,광주,2020,2021,2020-12-31,december_31,december_31_2014_2020,2019,26,25,0.961538462,19019,18440,19019,18440,0.969556759,9940,9617,0.522635259,0.521529284,-0.110597,-1.389101,-1.254833,0.134268
province,대구,2010,2010,2010-06-01,june_1,june_1_2010_2013,,12,11,0.916666667,20729,19486,20729,19486,0.940035699,10431,9674,0.503208066,0.496458996,-0.674907,,,
province,대구,2011,2011,2011-06-01,june_1,june_1_2010_2013,2010,13,11,0.846153846,20986,20357,20986,20357,0.970027637,12136,11660,0.578290289,0.572775949,-0.551434,7.508222,7.631695,0.123473
province,대구,2012,2012,2012-06-01,june_1,june_1_2010_2013,2011,13,11,0.846153846,21384,20817,21384,20817,0.973484848,11794,11385,0.551533857,0.546908776,-0.462508,-2.675643,-2.586717,0.088926
province,대구,2013,2013,2013-06-01,june_1,june_1_2010_2013,2012,14,11,0.785714286,20957,20410,20957,20410,0.973898936,11335,10907,0.540869399,0.534394904,-0.647449,-1.066446,-1.251387,-0.184941
province,대구,2014,2015,2014-12-31,december_31,december_31_2014_2020,,15,14,0.933333333,26701,26259,26701,26259,0.983446313,14541,14272,0.544586345,0.543508892,-0.107745,,,
province,대구,2015,2016,2015-12-31,december_31,december_31_2014_2020,2014,15,14,0.933333333,27412,26951,27412,26951,0.983182548,15361,15017,0.560375018,0.557196393,-0.317862,1.578867,1.36875,-0.210117
province,대구,2016,2017,2016-12-31,december_31,december_31_2014_2020,2015,14,14,1.0,27147,27147,27147,27147,1.0,15021,15021,0.553320809,0.553320809,0.0,-0.705421,-0.387558,0.317863
province,대구,2017,2018,2017-12-31,december_31,december_31_2014_2020,2016,15,14,0.933333333,27145,26697,27145,26697,0.98349604,14773,14454,0.544225456,0.541409147,-0.281631,-0.909535,-1.191166,-0.281631
province,대구,2018,2019,2018-12-31,december_31,december_31_2014_2020,2017,16,14,0.875,26626,26057,26626,26057,0.978629911,14460,14136,0.543078194,0.542502974,-0.057522,-0.114726,0.109383,0.224109
province,대구,2019,2020,2019-12-31,december_31,december_31_2014_2020,2018,16,14,0.875,26445,25837,26445,25837,0.977008886,14034,13736,0.53068633,0.53164067,0.095434,-1.239186,-1.08623,0.152956
province,대구,2020,2021,2020-12-31,december_31,december_31_2014_2020,2019,16,14,0.875,26353,25787,26353,25787,0.978522369,13340,13088,0.506204227,0.50754256,0.133833,-2.44821,-2.409811,0.038399
province,대전,2010,2010,2010-06-01,june_1,june_1_2010_2013,,23,22,0.956521739,27982,27196,27982,27196,0.971910514,13314,12968,0.475805875,0.476834829,0.102895,,,
province,대전,2011,2011,2011-06-01,june_1,june_1_2010_2013,2010,26,22,0.846153846,28471,28024,28471,28024,0.984299814,14218,13874,0.499385339,0.495075649,-0.430969,2.357946,1.824082,-0.533864
province,대전,2012,2012,2012-06-01,june_1,june_1_2010_2013,2011,26,22,0.846153846,28985,28570,28985,28570,0.985682249,14856,14538,0.512540969,0.508855443,-0.368553,1.315563,1.377979,0.062416
province,대전,2013,2013,2013-06-01,june_1,june_1_2010_2013,2012,26,22,0.846153846,27829,26035,27829,26035,0.935534874,14654,13458,0.526572999,0.516919531,-0.965347,1.403203,0.806409,-0.596794
province,대전,2014,2015,2014-12-31,december_31,december_31_2014_2020,,29,25,0.862068966,28194,26389,28194,26389,0.935979286,15144,14073,0.537135561,0.533290386,-0.384518,,,
province,대전,2015,2016,2015-12-31,december_31,december_31_2014_2020,2014,28,25,0.892857143,29345,27514,29345,27514,0.937604362,15525,14468,0.529050946,0.52584139,-0.320956,-0.808462,-0.7449,0.063562
province,대전,2016,2017,2016-12-31,december_31,december_31_2014_2020,2015,28,25,0.892857143,29410,28247,29410,28247,0.960455627,15932,15341,0.541720503,0.543101922,0.138142,1.266956,1.726053,0.459097
province,대전,2017,2018,2017-12-31,december_31,december_31_2014_2020,2016,28,25,0.892857143,29676,28708,29676,28708,0.967381049,15498,14978,0.522240194,0.521736101,-0.050409,-1.948031,-2.136582,-0.188551
province,대전,2018,2019,2018-12-31,december_31,december_31_2014_2020,2017,28,25,0.892857143,28779,28244,28779,28244,0.981410056,15332,14995,0.532749574,0.53090922,-0.184035,1.050938,0.917312,-0.133626
province,대전,2019,2020,2019-12-31,december_31,december_31_2014_2020,2018,27,25,0.925925926,28393,28325,28393,28325,0.997605043,15023,14972,0.529109288,0.528578994,-0.053029,-0.364029,-0.233023,0.131006
province,대전,2020,2021,2020-12-31,december_31,december_31_2014_2020,2019,27,25,0.925925926,28820,28721,28820,28721,0.996564885,15012,14936,0.520888272,0.520037603,-0.085067,-0.822102,-0.854139,-0.032037
province,복수시도,2010,2010,2010-06-01,june_1,june_1_2010_2013,,32,29,0.90625,85708,73697,85708,73697,0.85986139,41725,35488,0.486827367,0.481539276,-0.528809,,,
province,복수시도,2011,2011,2011-06-01,june_1,june_1_2010_2013,2010,32,29,0.90625,84661,77554,84661,77554,0.916053437,42121,38516,0.497525425,0.496634603,-0.089082,1.069806,1.509533,0.439727
province,복수시도,2012,2012,2012-06-01,june_1,june_1_2010_2013,2011,33,29,0.878787879,86127,78843,86127,78843,0.915427218,42131,38608,0.489172966,0.489682026,0.050906,-0.835246,-0.695258,0.139988
province,복수시도,2013,2013,2013-06-01,june_1,june_1_2010_2013,2012,35,29,0.828571429,80843,77710,80843,77710,0.961245872,38620,37001,0.477716067,0.476142067,-0.1574,-1.14569,-1.353996,-0.208306
province,복수시도,2014,2015,2014-12-31,december_31,december_31_2014_2020,,37,31,0.837837838,77124,72108,77124,72108,0.93496188,40139,37514,0.520447591,0.520247407,-0.020018,,,
province,복수시도,2015,2016,2015-12-31,december_31,december_31_2014_2020,2014,37,31,0.837837838,82457,75764,82457,75764,0.918830421,43851,40242,0.531804456,0.531149359,-0.06551,1.135686,1.090195,-0.045491
province,복수시도,2016,2017,2016-12-31,december_31,december_31_2014_2020,2015,36,31,0.861111111,80288,78651,80288,78651,0.979610901,42765,41876,0.532644978,0.532428068,-0.021691,0.084052,0.127871,0.043819
province,복수시도,2017,2018,2017-12-31,december_31,december_31_2014_2020,2016,34,31,0.911764706,80475,78724,80475,78724,0.97824169,41900,40981,0.52065859,0.52056552,-0.009307,-1.198639,-1.186255,0.012384
province,복수시도,2018,2019,2018-12-31,december_31,december_31_2014_2020,2017,33,31,0.939393939,76955,75745,76955,75745,0.984276525,40810,40191,0.530309921,0.530609281,0.029936,0.965133,1.004376,0.039243
province,복수시도,2019,2020,2019-12-31,december_31,december_31_2014_2020,2018,34,31,0.911764706,78724,75392,78724,75392,0.957674915,41623,39652,0.528720593,0.525944397,-0.27762,-0.158933,-0.466488,-0.307555
province,복수시도,2020,2021,2020-12-31,december_31,december_31_2014_2020,2019,33,31,0.939393939,78315,75498,78315,75498,0.964029879,40145,38514,0.512609334,0.510132719,-0.247661,-1.611126,-1.581168,0.029958
province,부산,2010,2010,2010-06-01,june_1,june_1_2010_2013,,35,35,1.0,44559,44559,44559,44559,1.0,21683,21683,0.486613254,0.486613254,0.0,,,
province,부산,2011,2011,2011-06-01,june_1,june_1_2010_2013,2010,36,35,0.972222222,46228,45940,46228,45940,0.99377001,23642,23408,0.511421649,0.509534175,-0.188747,2.480839,2.292092,-0.188747
province,부산,2012,2012,2012-06-01,june_1,june_1_2010_2013,2011,36,35,0.972222222,47683,47365,47683,47365,0.993330957,24482,24231,0.51343246,0.511580281,-0.185218,0.201081,0.204611,0.00353
province,부산,2013,2013,2013-06-01,june_1,june_1_2010_2013,2012,36,35,0.972222222,46642,46310,46642,46310,0.992881952,23679,23408,0.507675486,0.505463183,-0.22123,-0.575697,-0.61171,-0.036013
province,부산,2014,2015,2014-12-31,december_31,december_31_2014_2020,,36,35,0.972222222,46216,46068,46216,46068,0.996797646,25539,25457,0.552600831,0.552596162,-0.000467,,,
province,부산,2015,2016,2015-12-31,december_31,december_31_2014_2020,2014,36,35,0.972222222,48915,48865,48915,48865,0.998977819,27047,27009,0.552938771,0.552726901,-0.021187,0.033794,0.013074,-0.02072
province,부산,2016,2017,2016-12-31,december_31,december_31_2014_2020,2015,35,35,1.0,48645,48645,48645,48645,1.0,26245,26245,0.53952102,0.53952102,0.0,-1.341775,-1.320588,0.021187
province,부산,2017,2018,2017-12-31,december_31,december_31_2014_2020,2016,35,35,1.0,47519,47519,47519,47519,1.0,24805,24805,0.522001726,0.522001726,0.0,-1.751929,-1.751929,0.0
province,부산,2018,2019,2018-12-31,december_31,december_31_2014_2020,2017,35,35,1.0,45603,45603,45603,45603,1.0,23997,23997,0.526215381,0.526215381,0.0,0.421365,0.421365,0.0
province,부산,2019,2020,2019-12-31,december_31,december_31_2014_2020,2018,35,35,1.0,45380,45380,45380,45380,1.0,23025,23025,0.507382107,0.507382107,0.0,-1.883327,-1.883327,0.0
province,부산,2020,2021,2020-12-31,december_31,december_31_2014_2020,2019,35,35,1.0,45337,45337,45337,45337,1.0,21910,21910,0.483269736,0.483269736,0.0,-2.411237,-2.411237,0.0
province,서울,2010,2010,2010-06-01,june_1,june_1_2010_2013,,76,71,0.934210526,75328,73455,75328,73455,0.975135408,36941,35974,0.490401975,0.489742019,-0.065996,,,
province,서울,2011,2011,2011-06-01,june_1,june_1_2010_2013,2010,78,71,0.91025641,78435,75806,78435,75806,0.9664818,40142,38738,0.51178683,0.511014959,-0.077187,2.138486,2.127294,-0.011192
province,서울,2012,2012,2012-06-01,june_1,june_1_2010_2013,2011,76,71,0.934210526,78749,76360,78749,76360,0.969663107,39773,38549,0.505060382,0.504832373,-0.022801,-0.672645,-0.618259,0.054386
province,서울,2013,2013,2013-06-01,june_1,june_1_2010_2013,2012,75,71,0.946666667,82466,75760,82466,75760,0.918681638,40563,37657,0.49187544,0.497056494,0.518105,-1.318494,-0.777588,0.540906
province,서울,2014,2015,2014-12-31,december_31,december_31_2014_2020,,76,72,0.947368421,80829,75677,80829,75677,0.936260501,41136,37896,0.508926252,0.500759808,-0.816644,,,
province,서울,2015,2016,2015-12-31,december_31,december_31_2014_2020,2014,77,72,0.935064935,82921,78004,82921,78004,0.940702596,42535,39671,0.512958117,0.508576483,-0.438163,0.403187,0.781668,0.378481
province,서울,2016,2017,2016-12-31,december_31,december_31_2014_2020,2015,77,72,0.935064935,87695,79532,87695,79532,0.906916016,45554,40997,0.51945949,0.515478047,-0.398144,0.650137,0.690156,0.040019
province,서울,2017,2018,2017-12-31,december_31,december_31_2014_2020,2016,76,72,0.947368421,86834,78958,86834,78958,0.909298201,43659,39452,0.502786927,0.499658046,-0.312888,-1.667256,-1.582,0.085256
province,서울,2018,2019,2018-12-31,december_31,december_31_2014_2020,2017,76,72,0.947368421,83253,76007,83253,76007,0.912964097,42690,38625,0.512774314,0.508176878,-0.459744,0.998739,0.851883,-0.146856
province,서울,2019,2020,2019-12-31,december_31,december_31_2014_2020,2018,74,72,0.972972973,80590,76677,80590,76677,0.951445589,40137,38154,0.498039459,0.497593803,-0.044566,-1.473485,-1.058307,0.415178
province,서울,2020,2021,2020-12-31,december_31,december_31_2014_2020,2019,74,72,0.972972973,82123,78139,82123,78139,0.951487403,39806,37886,0.484711956,0.484853914,0.014196,-1.33275,-1.273989,0.058761
province,세종,2013,2013,2013-06-01,june_1,june_1_2010_2013,,3,0,0.0,1379,0,1379,0,0.0,600,0,0.435097897,,,,,
province,세종,2014,2015,2014-12-31,december_31,december_31_2014_2020,,3,3,1.0,1001,1001,1001,1001,1.0,463,463,0.462537463,0.462537463,0.0,,,
province,세종,2015,2016,2015-12-31,december_31,december_31_2014_2020,2014,3,3,1.0,1358,1358,1358,1358,1.0,577,577,0.424889543,0.424889543,0.0,-3.764792,-3.764792,0.0
province,세종,2016,2017,2016-12-31,december_31,december_31_2014_2020,2015,3,3,1.0,1268,1268,1268,1268,1.0,521,521,0.410883281,0.410883281,0.0,-1.400626,-1.400626,0.0
province,세종,2017,2018,2017-12-31,december_31,december_31_2014_2020,2016,3,3,1.0,1269,1269,1269,1269,1.0,526,526,0.414499606,0.414499606,0.0,0.361633,0.361633,0.0
province,세종,2018,2019,2018-12-31,december_31,december_31_2014_2020,2017,3,3,1.0,1176,1176,1176,1176,1.0,440,440,0.37414966,0.37414966,0.0,-4.034995,-4.034995,0.0
province,세종,2019,2020,2019-12-31,december_31,december_31_2014_2020,2018,3,3,1.0,1301,1301,1301,1301,1.0,536,536,0.411990776,0.411990776,0.0,3.784112,3.784112,0.0
province,세종,2020,2021,2020-12-31,december_31,december_31_2014_2020,2019,3,3,1.0,1262,1262,1262,1262,1.0,493,493,0.390649762,0.390649762,0.0,-2.134101,-2.134101,0.0
province,속성없음,2012,2012,2012-06-01,june_1,june_1_2010_2013,,3,0,0.0,1441,0,1441,0,0.0,710,0,0.492713393,,,,,
province,울산,2010,2010,2010-06-01,june_1,june_1_2010_2013,,4,4,1.0,5973,5973,5973,5973,1.0,3543,3543,0.593169262,0.593169262,0.0,,,
province,울산,2011,2011,2011-06-01,june_1,june_1_2010_2013,2010,6,4,0.666666667,6432,6144,6432,6144,0.955223881,3947,3719,0.613650498,0.60530599,-0.834451,2.048124,1.213673,-0.834451
province,울산,2012,2012,2012-06-01,june_1,june_1_2010_2013,2011,7,4,0.571428571,6395,6090,6395,6090,0.952306489,3766,3522,0.588897576,0.578325123,-1.057245,-2.475292,-2.698087,-0.222795
province,울산,2013,2013,2013-06-01,june_1,june_1_2010_2013,2012,7,4,0.571428571,6620,6102,6620,6102,0.921752266,3872,3580,0.58489426,0.586692888,0.179863,-0.400332,0.836776,1.237108
province,울산,2014,2015,2014-12-31,december_31,december_31_2014_2020,,7,7,1.0,7113,7113,7113,7113,1.0,4531,4531,0.637002671,0.637002671,0.0,,,
province,울산,2015,2016,2015-12-31,december_31,december_31_2014_2020,2014,7,7,1.0,7011,7011,7011,7011,1.0,4388,4388,0.625873627,0.625873627,0.0,-1.112904,-1.112904,0.0
province,울산,2016,2017,2016-12-31,december_31,december_31_2014_2020,2015,7,7,1.0,7060,7060,7060,7060,1.0,4200,4200,0.59490085,0.59490085,0.0,-3.097278,-3.097278,0.0
province,울산,2017,2018,2017-12-31,december_31,december_31_2014_2020,2016,7,7,1.0,7223,7223,7223,7223,1.0,4052,4052,0.56098574,0.56098574,0.0,-3.391511,-3.391511,0.0
province,울산,2018,2019,2018-12-31,december_31,december_31_2014_2020,2017,7,7,1.0,7106,7106,7106,7106,1.0,4063,4063,0.571770335,0.571770335,0.0,1.078459,1.078459,0.0
province,울산,2019,2020,2019-12-31,december_31,december_31_2014_2020,2018,7,7,1.0,6978,6978,6978,6978,1.0,3997,3997,0.572800229,0.572800229,0.0,0.102989,0.102989,0.0
province,울산,2020,2021,2020-12-31,december_31,december_31_2014_2020,2019,7,7,1.0,7114,7114,7114,7114,1.0,3965,3965,0.557351701,0.557351701,0.0,-1.544853,-1.544853,0.0
province,인천,2010,2010,2010-06-01,june_1,june_1_2010_2013,,13,9,0.692307692,14848,11638,14848,11638,0.783809267,7818,6047,0.52653556,0.519590995,-0.694456,,,
province,인천,2011,2011,2011-06-01,june_1,june_1_2010_2013,2010,15,9,0.6,15135,12080,15135,12080,0.798149983,8918,6968,0.589230261,0.576821192,-1.240907,6.26947,5.72302,-0.54645
province,인천,2012,2012,2012-06-01,june_1,june_1_2010_2013,2011,13,9,0.692307692,14316,12505,14316,12505,0.873498184,8256,7112,0.576697402,0.568732507,-0.796489,-1.253286,-0.808869,0.444417
province,인천,2013,2013,2013-06-01,june_1,june_1_2010_2013,2012,10,9,0.9,13113,12348,13113,12348,0.941660947,7363,6751,0.561503851,0.546728215,-1.477564,-1.519355,-2.200429,-0.681074
province,인천,2014,2015,2014-12-31,december_31,december_31_2014_2020,,10,10,1.0,14993,14993,14993,14993,1.0,8884,8884,0.592543187,0.592543187,0.0,,,
province,인천,2015,2016,2015-12-31,december_31,december_31_2014_2020,2014,10,10,1.0,15080,15080,15080,15080,1.0,9002,9002,0.596949602,0.596949602,0.0,0.440642,0.440642,0.0
province,인천,2016,2017,2016-12-31,december_31,december_31_2014_2020,2015,10,10,1.0,15278,15278,15278,15278,1.0,9081,9081,0.594384082,0.594384082,0.0,-0.256552,-0.256552,0.0
province,인천,2017,2018,2017-12-31,december_31,december_31_2014_2020,2016,10,10,1.0,15418,15418,15418,15418,1.0,8968,8968,0.581657803,0.581657803,0.0,-1.272628,-1.272628,0.0
province,인천,2018,2019,2018-12-31,december_31,december_31_2014_2020,2017,10,10,1.0,14858,14858,14858,14858,1.0,8804,8804,0.592542738,0.592542738,0.0,1.088493,1.088493,0.0
province,인천,2019,2020,2019-12-31,december_31,december_31_2014_2020,2018,10,10,1.0,14739,14739,14739,14739,1.0,8508,8508,0.577244046,0.577244046,0.0,-1.529869,-1.529869,0.0
province,인천,2020,2021,2020-12-31,december_31,december_31_2014_2020,2019,10,10,1.0,15452,15452,15452,15452,1.0,8386,8386,0.542712917,0.542712917,0.0,-3.453113,-3.453113,0.0
province,전남,2010,2010,2010-06-01,june_1,june_1_2010_2013,,28,25,0.892857143,19434,17515,19434,17515,0.901255532,10160,9194,0.522795101,0.524921496,0.21264,,,
province,전남,2011,2011,2011-06-01,june_1,june_1_2010_2013,2010,29,25,0.862068966,19103,17433,19103,17433,0.912579176,10367,9458,0.54268963,0.542534274,-0.015536,1.989453,1.761278,-0.228175
province,전남,2012,2012,2012-06-01,june_1,june_1_2010_2013,2011,26,25,0.961538462,17351,17222,17351,17222,0.99256527,9297,9212,0.535819261,0.534897224,-0.092204,-0.687037,-0.763705,-0.076668
province,전남,2013,2013,2013-06-01,june_1,june_1_2010_2013,2012,26,25,0.961538462,16330,16220,16330,16220,0.993263931,8622,8547,0.527985303,0.526942047,-0.104326,-0.783396,-0.795518,-0.012122
province,전남,2014,2015,2014-12-31,december_31,december_31_2014_2020,,27,25,0.925925926,15151,14333,15151,14333,0.946010164,8474,7950,0.559303016,0.554664062,-0.463895,,,
province,전남,2015,2016,2015-12-31,december_31,december_31_2014_2020,2014,28,25,0.892857143,15378,14435,15378,14435,0.938678632,8855,8246,0.575822604,0.571250433,-0.457217,1.651959,1.658637,0.006678
province,전남,2016,2017,2016-12-31,december_31,december_31_2014_2020,2015,28,25,0.892857143,14849,14447,14849,14447,0.97292747,8451,8183,0.569129234,0.566415173,-0.271406,-0.669337,-0.483526,0.185811
province,전남,2017,2018,2017-12-31,december_31,december_31_2014_2020,2016,28,25,0.892857143,14561,14208,14561,14208,0.97575716,8003,7777,0.549618845,0.54736768,-0.225116,-1.951039,-1.904749,0.04629
province,전남,2018,2019,2018-12-31,december_31,december_31_2014_2020,2017,27,25,0.925925926,14126,13943,14126,13943,0.987045165,8124,8007,0.575109727,0.574266657,-0.084307,2.549088,2.689898,0.14081
province,전남,2019,2020,2019-12-31,december_31,december_31_2014_2020,2018,28,25,0.892857143,13873,13708,13873,13708,0.988106394,7898,7794,0.569307288,0.568573096,-0.073419,-0.580244,-0.569356,0.010888
province,전남,2020,2021,2020-12-31,december_31,december_31_2014_2020,2019,29,25,0.862068966,14630,13769,14630,13769,0.941148325,8231,7746,0.562611073,0.562568088,-0.004298,-0.669621,-0.600501,0.06912
province,전북,2010,2010,2010-06-01,june_1,june_1_2010_2013,,27,26,0.962962963,24387,24171,24387,24171,0.991142822,11602,11513,0.475745274,0.476314592,0.056932,,,
province,전북,2011,2011,2011-06-01,june_1,june_1_2010_2013,2010,29,26,0.896551724,24588,24260,24588,24260,0.986660159,11891,11634,0.483609891,0.479554823,-0.405507,0.786462,0.324023,-0.462439
province,전북,2012,2012,2012-06-01,june_1,june_1_2010_2013,2011,28,26,0.928571429,23655,23339,23655,23339,0.986641302,12224,11989,0.516761784,0.513689533,-0.307225,3.315189,3.413471,0.098282
province,전북,2013,2013,2013-06-01,june_1,june_1_2010_2013,2012,28,26,0.928571429,23934,23637,23934,23637,0.987590875,11929,11708,0.4984123,0.495325126,-0.308717,-1.834948,-1.836441,-0.001493
province,전북,2014,2015,2014-12-31,december_31,december_31_2014_2020,,27,25,0.925925926,22576,22532,22576,22532,0.998051028,11863,11831,0.525469525,0.525075448,-0.039408,,,
province,전북,2015,2016,2015-12-31,december_31,december_31_2014_2020,2014,27,25,0.925925926,24031,23599,24031,23599,0.98202322,12566,12494,0.522907911,0.529429213,0.65213,-0.256161,0.435377,0.691538
province,전북,2016,2017,2016-12-31,december_31,december_31_2014_2020,2015,29,25,0.862068966,24954,24061,24954,24061,0.964214154,12794,12366,0.512703374,0.513943726,0.124035,-1.020454,-1.548549,-0.528095
province,전북,2017,2018,2017-12-31,december_31,december_31_2014_2020,2016,28,25,0.892857143,24226,23811,24226,23811,0.982869644,11955,11890,0.493478081,0.49934904,0.587096,-1.922529,-1.459469,0.46306
province,전북,2018,2019,2018-12-31,december_31,december_31_2014_2020,2017,26,25,0.961538462,23752,23293,23752,23293,0.980675312,12262,12188,0.516251263,0.523247328,0.699606,2.277318,2.389829,0.112511
province,전북,2019,2020,2019-12-31,december_31,december_31_2014_2020,2018,26,25,0.961538462,23064,22590,23064,22590,0.979448491,11671,11583,0.506026708,0.512749004,0.67223,-1.022455,-1.049832,-0.027377
province,전북,2020,2021,2020-12-31,december_31,december_31_2014_2020,2019,27,25,0.925925926,23181,22628,23181,22628,0.976144256,11596,11503,0.500237263,0.508352484,0.811522,-0.578945,-0.439652,0.139293
province,제주,2010,2010,2010-06-01,june_1,june_1_2010_2013,,7,6,0.857142857,5462,5297,5462,5297,0.969791285,2843,2772,0.520505309,0.523315084,0.280978,,,
province,제주,2011,2011,2011-06-01,june_1,june_1_2010_2013,2010,7,6,0.857142857,5340,5197,5340,5197,0.973220974,2865,2799,0.536516854,0.53857995,0.20631,1.601155,1.526487,-0.074668
province,제주,2012,2012,2012-06-01,june_1,june_1_2010_2013,2011,7,6,0.857142857,5484,5345,5484,5345,0.974653538,2739,2651,0.499452954,0.495977549,-0.34754,-3.70639,-4.26024,-0.55385
province,제주,2013,2013,2013-06-01,june_1,june_1_2010_2013,2012,6,6,1.0,5052,5052,5052,5052,1.0,2639,2639,0.522367379,0.522367379,0.0,2.291442,2.638983,0.347541
province,제주,2014,2015,2014-12-31,december_31,december_31_2014_2020,,6,4,0.666666667,4997,4800,4997,4800,0.960576346,2686,2593,0.537522514,0.540208333,0.268582,,,
province,제주,2015,2016,2015-12-31,december_31,december_31_2014_2020,2014,6,4,0.666666667,5256,5113,5256,5113,0.972792998,2839,2768,0.540144597,0.541365148,0.122055,0.262208,0.115681,-0.146527
province,제주,2016,2017,2016-12-31,december_31,december_31_2014_2020,2015,7,4,0.571428571,5199,4999,5199,4999,0.961531064,2835,2720,0.545297173,0.544108822,-0.118835,0.515258,0.274367,-0.240891
province,제주,2017,2018,2017-12-31,december_31,december_31_2014_2020,2016,6,4,0.666666667,4959,4654,4959,4654,0.938495664,2688,2503,0.542044767,0.537816932,-0.422784,-0.325241,-0.629189,-0.303948
province,제주,2018,2019,2018-12-31,december_31,december_31_2014_2020,2017,7,4,0.571428571,4732,4471,4732,4471,0.944843618,2533,2395,0.535291631,0.535674346,0.038271,-0.675314,-0.214259,0.461055
province,제주,2019,2020,2019-12-31,december_31,december_31_2014_2020,2018,7,4,0.571428571,4870,4614,4870,4614,0.947433265,2586,2428,0.53100616,0.526224534,-0.478163,-0.428547,-0.944981,-0.516434
province,제주,2020,2021,2020-12-31,december_31,december_31_2014_2020,2019,6,4,0.666666667,5048,4736,5048,4736,0.938193344,2489,2320,0.493066561,0.489864865,-0.32017,-3.79396,-3.635967,0.157993
province,충남,2010,2010,2010-06-01,june_1,june_1_2010_2013,,32,27,0.84375,28766,27247,28766,27247,0.947194605,14169,13429,0.492560662,0.492861599,0.030094,,,
province,충남,2011,2011,2011-06-01,june_1,june_1_2010_2013,2010,37,27,0.72972973,30236,28241,30236,28241,0.93401905,15783,14679,0.52199365,0.519776212,-0.221744,2.943299,2.691461,-0.251838
province,충남,2012,2012,2012-06-01,june_1,june_1_2010_2013,2011,38,27,0.710526316,32037,30037,32037,30037,0.937572182,16476,15401,0.514280363,0.512734294,-0.154607,-0.771329,-0.704192,0.067137
province,충남,2013,2013,2013-06-01,june_1,june_1_2010_2013,2012,33,27,0.818181818,30764,30220,30764,30220,0.982316994,16073,15667,0.522461318,0.518431502,-0.402982,0.818095,0.569721,-0.248374
province,충남,2014,2015,2014-12-31,december_31,december_31_2014_2020,,33,31,0.939393939,30585,26585,30585,26585,0.869216936,17362,15043,0.567663888,0.565845402,-0.181849,,,
province,충남,2015,2016,2015-12-31,december_31,december_31_2014_2020,2014,34,31,0.911764706,30382,27843,30382,27843,0.916430781,17495,15971,0.575834376,0.573609166,-0.222521,0.817049,0.776376,-0.040673
province,충남,2016,2017,2016-12-31,december_31,december_31_2014_2020,2015,35,31,0.885714286,32098,28173,32098,28173,0.877718238,18661,16342,0.581375787,0.580058922,-0.131687,0.554141,0.644976,0.090835
province,충남,2017,2018,2017-12-31,december_31,december_31_2014_2020,2016,35,31,0.885714286,31697,27740,31697,27740,0.875161687,18128,15855,0.571915323,0.571557318,-0.035801,-0.946046,-0.85016,0.095886
province,충남,2018,2019,2018-12-31,december_31,december_31_2014_2020,2017,35,31,0.885714286,31084,27092,31084,27092,0.8715738,17560,15295,0.56492086,0.564557803,-0.036306,-0.699446,-0.699951,-0.000505
province,충남,2019,2020,2019-12-31,december_31,december_31_2014_2020,2018,34,31,0.911764706,30619,26647,30619,26647,0.870276626,17166,14907,0.560632287,0.559425076,-0.120721,-0.428857,-0.513273,-0.084416
province,충남,2020,2021,2020-12-31,december_31,december_31_2014_2020,2019,34,31,0.911764706,30155,26411,30155,26411,0.875841486,16338,14304,0.541800696,0.541592518,-0.020818,-1.883159,-1.783256,0.099903
province,충북,2010,2010,2010-06-01,june_1,june_1_2010_2013,,20,20,1.0,20803,20803,20803,20803,1.0,9918,9918,0.47675816,0.47675816,0.0,,,
province,충북,2011,2011,2011-06-01,june_1,june_1_2010_2013,2010,21,20,0.952380952,21207,20968,21207,20968,0.988730136,10924,10715,0.515112934,0.511016787,-0.409615,3.835477,3.425863,-0.409614
province,충북,2012,2012,2012-06-01,june_1,june_1_2010_2013,2011,22,20,0.909090909,21951,21602,21951,21602,0.984100952,11623,11340,0.529497517,0.524951393,-0.454612,1.438458,1.393461,-0.044997
province,충북,2013,2013,2013-06-01,june_1,june_1_2010_2013,2012,24,20,0.833333333,21634,21207,21634,21207,0.98026255,11120,10816,0.514005732,0.510020276,-0.398546,-1.549179,-1.493112,0.056067
province,충북,2014,2015,2014-12-31,december_31,december_31_2014_2020,,26,25,0.961538462,21890,21049,21890,21049,0.96158063,12037,11584,0.549885793,0.550334933,0.044914,,,
province,충북,2015,2016,2015-12-31,december_31,december_31_2014_2020,2014,26,25,0.961538462,22431,21682,22431,21682,0.966608711,12502,12088,0.557353662,0.557513145,0.015948,0.746787,0.717821,-0.028966
province,충북,2016,2017,2016-12-31,december_31,december_31_2014_2020,2015,26,25,0.961538462,22950,22495,22950,22495,0.980174292,12992,12751,0.566100218,0.566837075,0.073686,0.874656,0.932393,0.057737
province,충북,2017,2018,2017-12-31,december_31,december_31_2014_2020,2016,25,25,1.0,22719,22719,22719,22719,1.0,12322,12322,0.542365421,0.542365421,0.0,-2.37348,-2.447165,-0.073685
province,충북,2018,2019,2018-12-31,december_31,december_31_2014_2020,2017,25,25,1.0,22602,22602,22602,22602,1.0,12573,12573,0.556278205,0.556278205,0.0,1.391278,1.391278,0.0
province,충북,2019,2020,2019-12-31,december_31,december_31_2014_2020,2018,25,25,1.0,22082,22082,22082,22082,1.0,12145,12145,0.549995471,0.549995471,0.0,-0.628273,-0.628273,0.0
province,충북,2020,2021,2020-12-31,december_31,december_31_2014_2020,2019,25,25,1.0,21506,21506,21506,21506,1.0,11599,11599,0.539337859,0.539337859,0.0,-1.065761,-1.065761,0.0
school_type,대학,2010,2010,2010-06-01,june_1,june_1_2010_2013,,205,198,0.965853659,308391,307137,308391,307137,0.995933733,145227,144554,0.470918412,0.470649905,-0.026851,,,
school_type,대학,2011,2011,2011-06-01,june_1,june_1_2010_2013,2010,208,198,0.951923077,321712,319759,321712,319759,0.993929353,156280,155385,0.485776098,0.485944102,0.0168,1.485769,1.52942,0.043651
school_type,대학,2012,2012,2012-06-01,june_1,june_1_2010_2013,2011,207,198,0.956521739,325584,323828,325584,323828,0.994606615,159704,158948,0.490515504,0.490840817,0.032531,0.473941,0.489671,0.01573
school_type,대학,2013,2013,2013-06-01,june_1,june_1_2010_2013,2012,204,198,0.970588235,319749,317505,319749,317505,0.992981995,154099,153004,0.481937395,0.481894773,-0.004262,-0.857811,-0.894604,-0.036793
school_type,대학,2014,2015,2014-12-31,december_31,december_31_2014_2020,,210,190,0.904761905,322509,307695,322509,307695,0.954066398,167763,158666,0.520180832,0.515659988,-0.452084,,,
school_type,대학,2015,2016,2015-12-31,december_31,december_31_2014_2020,2014,212,190,0.896226415,342306,328276,342306,328276,0.959013281,179326,170918,0.523876298,0.520653353,-0.322294,0.369547,0.499337,0.12979
school_type,대학,2016,2017,2016-12-31,december_31,december_31_2014_2020,2015,215,190,0.88372093,349973,337523,349973,337523,0.964425827,183020,175547,0.522954628,0.520103815,-0.285081,-0.092167,-0.054954,0.037213
school_type,대학,2017,2018,2017-12-31,december_31,december_31_2014_2020,2016,211,190,0.900473934,349350,337217,349350,337217,0.965269787,176783,169513,0.506034063,0.502682249,-0.335181,-1.692057,-1.742157,-0.0501
school_type,대학,2018,2019,2018-12-31,december_31,december_31_2014_2020,2017,208,190,0.913461538,334647,323514,334647,323514,0.966732109,172547,165718,0.515608985,0.512243674,-0.336531,0.957492,0.956143,-0.001349
school_type,대학,2019,2020,2019-12-31,december_31,december_31_2014_2020,2018,201,190,0.945273632,331137,321756,331137,321756,0.971670336,167226,161630,0.505005481,0.502337175,-0.266831,-1.06035,-0.99065,0.0697
school_type,대학,2020,2021,2020-12-31,december_31,december_31_2014_2020,2019,201,190,0.945273632,331042,321751,331042,321751,0.971934075,161862,156564,0.488947022,0.486599886,-0.234714,-1.605846,-1.573729,0.032117
school_type,대학원,2010,2010,2010-06-01,june_1,june_1_2010_2013,,154,151,0.980519481,40829,40752,40829,40752,0.998114086,24042,23984,0.588846163,0.588535532,-0.031063,,,
school_type,대학원,2011,2011,2011-06-01,june_1,june_1_2010_2013,2010,156,151,0.967948718,42641,42554,42641,42554,0.99795971,25136,25079,0.589479609,0.589345302,-0.013431,0.063345,0.080977,0.017632
school_type,대학원,2012,2012,2012-06-01,june_1,june_1_2010_2013,2011,158,151,0.955696203,44428,44240,44428,44240,0.995768434,24930,24807,0.561132619,0.56073689,-0.039573,-2.834699,-2.860841,-0.026142
school_type,대학원,2013,2013,2013-06-01,june_1,june_1_2010_2013,2012,160,151,0.94375,44163,43929,44163,43929,0.994701447,24049,23915,0.544550868,0.544401193,-0.014967,-1.658175,-1.63357,0.024605
school_type,대학원,2014,2015,2014-12-31,december_31,december_31_2014_2020,,169,164,0.970414201,44573,44495,44573,44495,0.998250062,25323,25271,0.568124201,0.567951455,-0.017275,,,
school_type,대학원,2015,2016,2015-12-31,december_31,december_31_2014_2020,2014,169,164,0.970414201,43889,43838,43889,43838,0.998837978,25178,25143,0.573674497,0.573543501,-0.0131,0.55503,0.559205,0.004175
school_type,대학원,2016,2017,2016-12-31,december_31,december_31_2014_2020,2015,170,164,0.964705882,44677,44637,44677,44637,0.999104685,26003,25970,0.58202207,0.581804333,-0.021774,0.834757,0.826083,-0.008674
school_type,대학원,2017,2018,2017-12-31,december_31,december_31_2014_2020,2016,171,164,0.959064327,46003,45949,46003,45949,0.998826164,26397,26364,0.573810404,0.573766567,-0.004384,-0.821167,-0.803777,0.01739
school_type,대학원,2018,2019,2018-12-31,december_31,december_31_2014_2020,2017,168,164,0.976190476,44931,44906,44931,44906,0.999443591,25769,25753,0.573523848,0.573486839,-0.003701,-0.028656,-0.027973,0.000683
school_type,대학원,2019,2020,2019-12-31,december_31,december_31_2014_2020,2018,169,164,0.970414201,45521,45484,45521,45484,0.999187188,25759,25737,0.565870697,0.565847331,-0.002337,-0.765315,-0.763951,0.001364
school_type,대학원,2020,2021,2020-12-31,december_31,december_31_2014_2020,2019,170,164,0.964705882,46901,46864,46901,46864,0.999211104,26348,26323,0.561779067,0.561689143,-0.008992,-0.409163,-0.415819,-0.006656
school_type,대학원대학,2010,2010,2010-06-01,june_1,june_1_2010_2013,,1,1,1.0,51,51,51,51,1.0,12,12,0.235294118,0.235294118,0.0,,,
school_type,대학원대학,2011,2011,2011-06-01,june_1,june_1_2010_2013,2010,1,1,1.0,74,74,74,74,1.0,24,24,0.324324324,0.324324324,0.0,8.903021,8.903021,0.0
school_type,대학원대학,2012,2012,2012-06-01,june_1,june_1_2010_2013,2011,1,1,1.0,61,61,61,61,1.0,12,12,0.196721311,0.196721311,0.0,-12.760301,-12.760301,0.0
school_type,대학원대학,2013,2013,2013-06-01,june_1,june_1_2010_2013,2012,1,1,1.0,72,72,72,72,1.0,20,20,0.277777778,0.277777778,0.0,8.105647,8.105647,0.0
school_type,대학원대학,2014,2015,2014-12-31,december_31,december_31_2014_2020,,1,1,1.0,78,78,78,78,1.0,14,14,0.179487179,0.179487179,0.0,,,
school_type,대학원대학,2015,2016,2015-12-31,december_31,december_31_2014_2020,2014,1,1,1.0,63,63,63,63,1.0,17,17,0.26984127,0.26984127,0.0,9.035409,9.035409,0.0
school_type,대학원대학,2016,2017,2016-12-31,december_31,december_31_2014_2020,2015,1,1,1.0,74,74,74,74,1.0,15,15,0.202702703,0.202702703,0.0,-6.713857,-6.713857,0.0
school_type,대학원대학,2017,2018,2017-12-31,december_31,december_31_2014_2020,2016,1,1,1.0,74,74,74,74,1.0,17,17,0.22972973,0.22972973,0.0,2.702703,2.702703,0.0
school_type,대학원대학,2018,2019,2018-12-31,december_31,december_31_2014_2020,2017,1,1,1.0,71,71,71,71,1.0,21,21,0.295774648,0.295774648,0.0,6.604492,6.604492,0.0
school_type,대학원대학,2019,2020,2019-12-31,december_31,december_31_2014_2020,2018,1,1,1.0,87,87,87,87,1.0,21,21,0.24137931,0.24137931,0.0,-5.439534,-5.439534,0.0
school_type,대학원대학,2020,2021,2020-12-31,december_31,december_31_2014_2020,2019,1,1,1.0,74,74,74,74,1.0,12,12,0.162162162,0.162162162,0.0,-7.921715,-7.921715,0.0
school_type,속성없음,2012,2012,2012-06-01,june_1,june_1_2010_2013,,3,0,0.0,1441,0,1441,0,0.0,710,0,0.492713393,,,,,
school_type,전문대학,2010,2010,2010-06-01,june_1,june_1_2010_2013,,153,146,0.954248366,189800,184473,189800,184473,0.971933614,97722,95050,0.514868282,0.515251554,0.038327,,,
school_type,전문대학,2011,2011,2011-06-01,june_1,june_1_2010_2013,2010,178,146,0.820224719,194573,185093,194573,185093,0.951277927,110588,103945,0.568362517,0.561582556,-0.677996,5.349423,4.6331,-0.716323
school_type,전문대학,2012,2012,2012-06-01,june_1,june_1_2010_2013,2011,174,146,0.83908046,194860,188082,194860,188082,0.965216053,109528,104506,0.5620856,0.555640625,-0.644497,-0.627692,-0.594193,0.033499
school_type,전문대학,2013,2013,2013-06-01,june_1,june_1_2010_2013,2012,172,146,0.848837209,191157,184480,191157,184480,0.965070596,106492,101415,0.557091815,0.549734389,-0.735743,-0.499378,-0.590624,-0.091246
school_type,전문대학,2014,2015,2014-12-31,december_31,december_31_2014_2020,,172,160,0.930232558,190074,183019,190074,183019,0.962882877,109180,105264,0.574407862,0.575153399,0.074554,,,
school_type,전문대학,2015,2016,2015-12-31,december_31,december_31_2014_2020,2014,172,160,0.930232558,189765,184791,189765,184791,0.973788633,110891,108207,0.584359603,0.585564232,0.120463,0.995174,1.041083,0.045909
school_type,전문대학,2016,2017,2016-12-31,december_31,december_31_2014_2020,2015,171,160,0.935672515,185971,183745,185971,183745,0.988030392,109400,108109,0.588263762,0.588364309,0.010055,0.390416,0.280008,-0.110408
school_type,전문대학,2017,2018,2017-12-31,december_31,december_31_2014_2020,2016,169,160,0.946745562,178582,177884,178582,177884,0.996091431,102066,101694,0.571535765,0.571687167,0.01514,-1.6728,-1.667714,0.005086
school_type,전문대학,2018,2019,2018-12-31,december_31,december_31_2014_2020,2017,167,160,0.958083832,176159,175942,176159,175942,0.998768158,101546,101411,0.576445143,0.57638881,-0.005633,0.490938,0.470164,-0.020774
school_type,전문대학,2019,2020,2019-12-31,december_31,december_31_2014_2020,2018,166,160,0.963855422,173609,173334,173609,173334,0.998415981,98204,98026,0.565661918,0.56553244,-0.012948,-1.078323,-1.085637,-0.007314
school_type,전문대학,2020,2021,2020-12-31,december_31,december_31_2014_2020,2019,165,160,0.96969697,175504,175164,175504,175164,0.998062722,95472,95251,0.543987601,0.543781827,-0.020577,-2.167432,-2.175061,-0.007629
