source,catalog_code,dataset,field_position,original_field_name,korean_meaning,storage_type,observed_value_type,unit,missing_value_definition,observed_missing_tokens,first_year,last_year,identifier_role
고등교육통계,0101,고등교육학교개황,1,조사년도,조사년도,string,integer-like,공식 정의 미확인,원본 공란·기호의 의미는 공식 설명서 확인 필요,[],2009,2025,candidate
고등교육통계,0101,고등교육학교개황,2,학교구분명,학교구분명,string,string,공식 정의 미확인,원본 공란·기호의 의미는 공식 설명서 확인 필요,[],2009,2025,candidate
고등교육통계,0101,고등교육학교개황,3,개방ID,개방ID,string,integer-like,공식 정의 미확인,원본 공란·기호의 의미는 공식 설명서 확인 필요,[],2009,2025,candidate
고등교육통계,0101,고등교육학교개황,4,시도명,시도명,string,string,공식 정의 미확인,원본 공란·기호의 의미는 공식 설명서 확인 필요,[],2009,2025,candidate
고등교육통계,0101,고등교육학교개황,5,지역명,지역명,string,string,공식 정의 미확인,원본 공란·기호의 의미는 공식 설명서 확인 필요,[],2009,2025,candidate
고등교육통계,0101,고등교육학교개황,6,본분교명,본분교명,string,string,공식 정의 미확인,원본 공란·기호의 의미는 공식 설명서 확인 필요,[],2009,2025,candidate
고등교육통계,0101,고등교육학교개황,7,학제유형명,학제유형명,string,string,공식 정의 미확인,원본 공란·기호의 의미는 공식 설명서 확인 필요,[],2009,2025,
고등교육통계,0101,고등교육학교개황,8,학사심화과정2학년재적학생수,학사심화과정2학년재적학생수,string,integer-like,공식 정의 미확인,원본 공란·기호의 의미는 공식 설명서 확인 필요,[],2009,2025,
고등교육통계,0101,고등교육학교개황,9,학사심화과정1학년재적여학생수,학사심화과정1학년재적여학생수,string,integer-like,공식 정의 미확인,원본 공란·기호의 의미는 공식 설명서 확인 필요,[],2009,2025,
고등교육통계,0101,고등교육학교개황,10,학사심화과정1학년재적학생수,학사심화과정1학년재적학생수,string,integer-like,공식 정의 미확인,원본 공란·기호의 의미는 공식 설명서 확인 필요,[],2009,2025,
고등교육통계,0101,고등교육학교개황,11,학사심화과정재적여학생수,학사심화과정재적여학생수,string,integer-like,공식 정의 미확인,원본 공란·기호의 의미는 공식 설명서 확인 필요,[],2009,2025,
고등교육통계,0101,고등교육학교개황,12,학사심화과정재적학생수,학사심화과정재적학생수,string,integer-like,공식 정의 미확인,원본 공란·기호의 의미는 공식 설명서 확인 필요,[],2009,2025,
고등교육통계,0101,고등교육학교개황,13,6학년재적여학생수,6학년재적여학생수,string,integer-like,공식 정의 미확인,원본 공란·기호의 의미는 공식 설명서 확인 필요,[],2009,2025,
고등교육통계,0101,고등교육학교개황,14,6학년재적학생수,6학년재적학생수,string,integer-like,공식 정의 미확인,원본 공란·기호의 의미는 공식 설명서 확인 필요,[],2009,2025,
고등교육통계,0101,고등교육학교개황,15,5학년재적여학생수,5학년재적여학생수,string,integer-like,공식 정의 미확인,원본 공란·기호의 의미는 공식 설명서 확인 필요,[],2009,2025,
고등교육통계,0101,고등교육학교개황,16,5학년재적학생수,5학년재적학생수,string,integer-like,공식 정의 미확인,원본 공란·기호의 의미는 공식 설명서 확인 필요,[],2009,2025,
고등교육통계,0101,고등교육학교개황,17,4학년재적여학생수,4학년재적여학생수,string,integer-like,공식 정의 미확인,원본 공란·기호의 의미는 공식 설명서 확인 필요,[],2009,2025,
고등교육통계,0101,고등교육학교개황,18,4학년재적학생수,4학년재적학생수,string,integer-like,공식 정의 미확인,원본 공란·기호의 의미는 공식 설명서 확인 필요,[],2009,2025,
고등교육통계,0101,고등교육학교개황,19,3학년재적여학생수,3학년재적여학생수,string,integer-like,공식 정의 미확인,원본 공란·기호의 의미는 공식 설명서 확인 필요,[],2009,2025,
고등교육통계,0101,고등교육학교개황,20,3학년재적학생수,3학년재적학생수,string,integer-like,공식 정의 미확인,원본 공란·기호의 의미는 공식 설명서 확인 필요,[],2009,2025,
고등교육통계,0101,고등교육학교개황,21,2학년재적여학생수,2학년재적여학생수,string,integer-like,공식 정의 미확인,원본 공란·기호의 의미는 공식 설명서 확인 필요,[],2009,2025,
고등교육통계,0101,고등교육학교개황,22,학사심화과정2학년재적여학생수,학사심화과정2학년재적여학생수,string,integer-like,공식 정의 미확인,원본 공란·기호의 의미는 공식 설명서 확인 필요,[],2009,2025,
고등교육통계,0101,고등교육학교개황,23,학사심화과정3학년재적학생수,학사심화과정3학년재적학생수,string,integer-like,공식 정의 미확인,원본 공란·기호의 의미는 공식 설명서 확인 필요,[],2009,2025,
고등교육통계,0101,고등교육학교개황,24,학사심화과정3학년재적여학생수,학사심화과정3학년재적여학생수,string,integer-like,공식 정의 미확인,원본 공란·기호의 의미는 공식 설명서 확인 필요,[],2009,2025,
고등교육통계,0101,고등교육학교개황,25,학사심화과정4학년재적학생수,학사심화과정4학년재적학생수,string,integer-like,공식 정의 미확인,원본 공란·기호의 의미는 공식 설명서 확인 필요,[],2009,2025,
고등교육통계,0101,고등교육학교개황,26,학사심화과정4학년재적여학생수,학사심화과정4학년재적여학생수,string,integer-like,공식 정의 미확인,원본 공란·기호의 의미는 공식 설명서 확인 필요,[],2009,2025,
고등교육통계,0101,고등교육학교개황,27,고등교육학교_입학생수,고등교육학교_입학생수,string,integer-like,공식 정의 미확인,원본 공란·기호의 의미는 공식 설명서 확인 필요,[],2009,2025,
고등교육통계,0101,고등교육학교개황,28,고등교육학교_학사심화과정입학생수,고등교육학교_학사심화과정입학생수,string,integer-like,공식 정의 미확인,원본 공란·기호의 의미는 공식 설명서 확인 필요,[],2009,2025,
고등교육통계,0101,고등교육학교개황,29,고등교육학교_여자입학생수,고등교육학교_여자입학생수,string,integer-like,공식 정의 미확인,원본 공란·기호의 의미는 공식 설명서 확인 필요,[],2009,2025,
고등교육통계,0101,고등교육학교개황,30,고등교육학교_학사심화과정여자입학생수,고등교육학교_학사심화과정여자입학생수,string,integer-like,공식 정의 미확인,원본 공란·기호의 의미는 공식 설명서 확인 필요,[],2009,2025,
고등교육통계,0101,고등교육학교개황,31,고등교육학교_졸업생수,고등교육학교_졸업생수,string,integer-like,공식 정의 미확인,원본 공란·기호의 의미는 공식 설명서 확인 필요,[],2009,2025,
고등교육통계,0101,고등교육학교개황,32,고등교육학교_여자졸업생수,고등교육학교_여자졸업생수,string,integer-like,공식 정의 미확인,원본 공란·기호의 의미는 공식 설명서 확인 필요,[],2009,2025,
고등교육통계,0101,고등교육학교개황,33,고등교육학교_교원수,고등교육학교_교원수,string,integer-like,공식 정의 미확인,원본 공란·기호의 의미는 공식 설명서 확인 필요,[],2009,2025,
고등교육통계,0101,고등교육학교개황,34,고등교육학교_여자교원수,고등교육학교_여자교원수,string,integer-like,공식 정의 미확인,원본 공란·기호의 의미는 공식 설명서 확인 필요,[],2009,2025,
고등교육통계,0101,고등교육학교개황,35,고등교육학교_사무직원수,고등교육학교_사무직원수,string,integer-like,공식 정의 미확인,원본 공란·기호의 의미는 공식 설명서 확인 필요,[],2009,2025,
고등교육통계,0101,고등교육학교개황,36,고등교육학교_여자사무직원수,고등교육학교_여자사무직원수,string,integer-like,공식 정의 미확인,원본 공란·기호의 의미는 공식 설명서 확인 필요,[],2009,2025,
고등교육통계,0101,고등교육학교개황,37,고등교육학교_건물면적,고등교육학교_건물면적,string,decimal-like,공식 정의 미확인,원본 공란·기호의 의미는 공식 설명서 확인 필요,[],2009,2025,
고등교육통계,0101,고등교육학교개황,38,2학년재적학생수,2학년재적학생수,string,integer-like,공식 정의 미확인,원본 공란·기호의 의미는 공식 설명서 확인 필요,[],2009,2025,
고등교육통계,0101,고등교육학교개황,39,1학년재적여학생수,1학년재적여학생수,string,integer-like,공식 정의 미확인,원본 공란·기호의 의미는 공식 설명서 확인 필요,[],2009,2025,
고등교육통계,0101,고등교육학교개황,40,고등교육학교_학교수,고등교육학교_학교수,string,integer-like,공식 정의 미확인,원본 공란·기호의 의미는 공식 설명서 확인 필요,[],2009,2025,
고등교육통계,0101,고등교육학교개황,41,주간학교수,주간학교수,string,integer-like,공식 정의 미확인,원본 공란·기호의 의미는 공식 설명서 확인 필요,[],2009,2025,
고등교육통계,0101,고등교육학교개황,42,야간학교수,야간학교수,string,integer-like,공식 정의 미확인,원본 공란·기호의 의미는 공식 설명서 확인 필요,[],2009,2025,
고등교육통계,0101,고등교육학교개황,43,주야간학교수,주야간학교수,string,integer-like,공식 정의 미확인,원본 공란·기호의 의미는 공식 설명서 확인 필요,[],2009,2025,
고등교육통계,0101,고등교육학교개황,44,남자학교수,남자학교수,string,integer-like,공식 정의 미확인,원본 공란·기호의 의미는 공식 설명서 확인 필요,[],2009,2025,
고등교육통계,0101,고등교육학교개황,45,여자학교수,여자학교수,string,integer-like,공식 정의 미확인,원본 공란·기호의 의미는 공식 설명서 확인 필요,[],2009,2025,
고등교육통계,0101,고등교육학교개황,46,공학학교수,공학학교수,string,integer-like,공식 정의 미확인,원본 공란·기호의 의미는 공식 설명서 확인 필요,[],2009,2025,
고등교육통계,0101,고등교육학교개황,47,고등교육학교_분교학교수,고등교육학교_분교학교수,string,integer-like,공식 정의 미확인,원본 공란·기호의 의미는 공식 설명서 확인 필요,[],2009,2025,
고등교육통계,0101,고등교육학교개황,48,주간분교학교수,주간분교학교수,string,integer-like,공식 정의 미확인,원본 공란·기호의 의미는 공식 설명서 확인 필요,[],2009,2025,
고등교육통계,0101,고등교육학교개황,49,야간분교학교수,야간분교학교수,string,integer-like,공식 정의 미확인,원본 공란·기호의 의미는 공식 설명서 확인 필요,[],2009,2025,
고등교육통계,0101,고등교육학교개황,50,주야간분교학교수,주야간분교학교수,string,integer-like,공식 정의 미확인,원본 공란·기호의 의미는 공식 설명서 확인 필요,[],2009,2025,
고등교육통계,0101,고등교육학교개황,51,남자분교학교수,남자분교학교수,string,integer-like,공식 정의 미확인,원본 공란·기호의 의미는 공식 설명서 확인 필요,[],2009,2025,
고등교육통계,0101,고등교육학교개황,52,여자분교학교수,여자분교학교수,string,integer-like,공식 정의 미확인,원본 공란·기호의 의미는 공식 설명서 확인 필요,[],2009,2025,
고등교육통계,0101,고등교육학교개황,53,1학년재적학생수,1학년재적학생수,string,integer-like,공식 정의 미확인,원본 공란·기호의 의미는 공식 설명서 확인 필요,[],2009,2025,
고등교육통계,0101,고등교육학교개황,54,고등교육학교_재적여학생수,고등교육학교_재적여학생수,string,integer-like,공식 정의 미확인,원본 공란·기호의 의미는 공식 설명서 확인 필요,[],2009,2025,
고등교육통계,0101,고등교육학교개황,55,고등교육학교_재적학생수,고등교육학교_재적학생수,string,integer-like,공식 정의 미확인,원본 공란·기호의 의미는 공식 설명서 확인 필요,[],2009,2025,
고등교육통계,0101,고등교육학교개황,56,고등교육학교_박사과정학과수,고등교육학교_박사과정학과수,string,integer-like,공식 정의 미확인,원본 공란·기호의 의미는 공식 설명서 확인 필요,[],2009,2025,
고등교육통계,0101,고등교육학교개황,57,고등교육학교_심화과정학과수,고등교육학교_심화과정학과수,string,integer-like,공식 정의 미확인,원본 공란·기호의 의미는 공식 설명서 확인 필요,[],2009,2025,
고등교육통계,0101,고등교육학교개황,58,고등교육학교_학과수,고등교육학교_학과수,string,integer-like,공식 정의 미확인,원본 공란·기호의 의미는 공식 설명서 확인 필요,[],2009,2025,
고등교육통계,0101,고등교육학교개황,59,공학대학원대학교수,공학대학원대학교수,string,integer-like,공식 정의 미확인,원본 공란·기호의 의미는 공식 설명서 확인 필요,[],2009,2025,
고등교육통계,0101,고등교육학교개황,60,여자대학원대학교수,여자대학원대학교수,string,integer-like,공식 정의 미확인,원본 공란·기호의 의미는 공식 설명서 확인 필요,[],2009,2025,
고등교육통계,0101,고등교육학교개황,61,남자대학원대학교수,남자대학원대학교수,string,integer-like,공식 정의 미확인,원본 공란·기호의 의미는 공식 설명서 확인 필요,[],2009,2025,
고등교육통계,0101,고등교육학교개황,62,주야간대학원대학교수,주야간대학원대학교수,string,integer-like,공식 정의 미확인,원본 공란·기호의 의미는 공식 설명서 확인 필요,[],2009,2025,
고등교육통계,0101,고등교육학교개황,63,야간대학원대학교수,야간대학원대학교수,string,integer-like,공식 정의 미확인,원본 공란·기호의 의미는 공식 설명서 확인 필요,[],2009,2025,
고등교육통계,0101,고등교육학교개황,64,주간대학원대학교수,주간대학원대학교수,string,integer-like,공식 정의 미확인,원본 공란·기호의 의미는 공식 설명서 확인 필요,[],2009,2025,
고등교육통계,0101,고등교육학교개황,65,대학원대학교수,대학원대학교수,string,integer-like,공식 정의 미확인,원본 공란·기호의 의미는 공식 설명서 확인 필요,[],2009,2025,
고등교육통계,0101,고등교육학교개황,66,공학분교학교수,공학분교학교수,string,integer-like,공식 정의 미확인,원본 공란·기호의 의미는 공식 설명서 확인 필요,[],2009,2025,
고등교육통계,0103,대학교학생개황,1,조사년도,조사년도,string,integer-like,공식 정의 미확인,원본 공란·기호의 의미는 공식 설명서 확인 필요,[],2009,2025,candidate
고등교육통계,0103,대학교학생개황,2,학교구분명,학교구분명,string,string,공식 정의 미확인,원본 공란·기호의 의미는 공식 설명서 확인 필요,[],2009,2025,candidate
고등교육통계,0103,대학교학생개황,3,개방ID,개방ID,string,integer-like,공식 정의 미확인,원본 공란·기호의 의미는 공식 설명서 확인 필요,[],2009,2025,candidate
고등교육통계,0103,대학교학생개황,4,학과계열구분명,학과계열구분명,string,string,공식 정의 미확인,원본 공란·기호의 의미는 공식 설명서 확인 필요,[],2009,2025,
고등교육통계,0103,대학교학생개황,5,학제유형명,학제유형명,string,string,공식 정의 미확인,원본 공란·기호의 의미는 공식 설명서 확인 필요,[],2009,2025,
고등교육통계,0103,대학교학생개황,6,학제유형그룹명,학제유형그룹명,string,string,공식 정의 미확인,원본 공란·기호의 의미는 공식 설명서 확인 필요,[],2009,2025,
고등교육통계,0103,대학교학생개황,7,단과대학명,단과대학명,string,string,공식 정의 미확인,원본 공란·기호의 의미는 공식 설명서 확인 필요,"[""""]",2009,2025,
고등교육통계,0103,대학교학생개황,8,학과명,학과명,string,string,공식 정의 미확인,원본 공란·기호의 의미는 공식 설명서 확인 필요,[],2009,2025,candidate
고등교육통계,0103,대학교학생개황,9,수업형태명,수업형태명,string,string,공식 정의 미확인,원본 공란·기호의 의미는 공식 설명서 확인 필요,"[""""]",2009,2025,
고등교육통계,0103,대학교학생개황,10,학과특성명,학과특성명,string,string,공식 정의 미확인,원본 공란·기호의 의미는 공식 설명서 확인 필요,"[""""]",2009,2025,
고등교육통계,0103,대학교학생개황,11,대학교학생_야간6학년재적학생수,대학교학생_야간6학년재적학생수,string,integer-like,공식 정의 미확인,원본 공란·기호의 의미는 공식 설명서 확인 필요,[],2009,2025,
고등교육통계,0103,대학교학생개황,12,대학교학생_야간5학년재적여학생수,대학교학생_야간5학년재적여학생수,string,integer-like,공식 정의 미확인,원본 공란·기호의 의미는 공식 설명서 확인 필요,[],2009,2025,
고등교육통계,0103,대학교학생개황,13,대학교학생_야간5학년재적학생수,대학교학생_야간5학년재적학생수,string,integer-like,공식 정의 미확인,원본 공란·기호의 의미는 공식 설명서 확인 필요,[],2009,2025,
고등교육통계,0103,대학교학생개황,14,대학교학생_야간4학년재적여학생수,대학교학생_야간4학년재적여학생수,string,integer-like,공식 정의 미확인,원본 공란·기호의 의미는 공식 설명서 확인 필요,[],2009,2025,
고등교육통계,0103,대학교학생개황,15,대학교학생_야간4학년재적학생수,대학교학생_야간4학년재적학생수,string,integer-like,공식 정의 미확인,원본 공란·기호의 의미는 공식 설명서 확인 필요,[],2009,2025,
고등교육통계,0103,대학교학생개황,16,대학교학생_야간3학년재적여학생수,대학교학생_야간3학년재적여학생수,string,integer-like,공식 정의 미확인,원본 공란·기호의 의미는 공식 설명서 확인 필요,[],2009,2025,
고등교육통계,0103,대학교학생개황,17,대학교학생_야간3학년재적학생수,대학교학생_야간3학년재적학생수,string,integer-like,공식 정의 미확인,원본 공란·기호의 의미는 공식 설명서 확인 필요,[],2009,2025,
고등교육통계,0103,대학교학생개황,18,대학교학생_야간2학년재적여학생수,대학교학생_야간2학년재적여학생수,string,integer-like,공식 정의 미확인,원본 공란·기호의 의미는 공식 설명서 확인 필요,[],2009,2025,
고등교육통계,0103,대학교학생개황,19,대학교학생_야간2학년재적학생수,대학교학생_야간2학년재적학생수,string,integer-like,공식 정의 미확인,원본 공란·기호의 의미는 공식 설명서 확인 필요,[],2009,2025,
고등교육통계,0103,대학교학생개황,20,대학교학생_야간1학년재적여학생수,대학교학생_야간1학년재적여학생수,string,integer-like,공식 정의 미확인,원본 공란·기호의 의미는 공식 설명서 확인 필요,[],2009,2025,
고등교육통계,0103,대학교학생개황,21,대학교학생_야간1학년재적학생수,대학교학생_야간1학년재적학생수,string,integer-like,공식 정의 미확인,원본 공란·기호의 의미는 공식 설명서 확인 필요,[],2009,2025,
고등교육통계,0103,대학교학생개황,22,대학교학생_야간여자휴학생수,대학교학생_야간여자휴학생수,string,integer-like,공식 정의 미확인,원본 공란·기호의 의미는 공식 설명서 확인 필요,[],2009,2025,
고등교육통계,0103,대학교학생개황,23,대학교학생_야간휴학생수,대학교학생_야간휴학생수,string,integer-like,공식 정의 미확인,원본 공란·기호의 의미는 공식 설명서 확인 필요,[],2009,2025,
고등교육통계,0103,대학교학생개황,24,대학교학생_야간여자재학생수,대학교학생_야간여자재학생수,string,integer-like,공식 정의 미확인,원본 공란·기호의 의미는 공식 설명서 확인 필요,[],2009,2025,
고등교육통계,0103,대학교학생개황,25,대학교학생_야간재학생수,대학교학생_야간재학생수,string,integer-like,공식 정의 미확인,원본 공란·기호의 의미는 공식 설명서 확인 필요,[],2009,2025,
고등교육통계,0103,대학교학생개황,26,대학교학생_야간6학년재적여학생수,대학교학생_야간6학년재적여학생수,string,integer-like,공식 정의 미확인,원본 공란·기호의 의미는 공식 설명서 확인 필요,[],2009,2025,
고등교육통계,0103,대학교학생개황,27,대학교학생_입학지원자수,대학교학생_입학지원자수,string,integer-like,공식 정의 미확인,원본 공란·기호의 의미는 공식 설명서 확인 필요,[],2009,2025,
고등교육통계,0103,대학교학생개황,28,대학교학생_여자국가기술자격취득자수,대학교학생_여자국가기술자격취득자수,string,integer-like,공식 정의 미확인,원본 공란·기호의 의미는 공식 설명서 확인 필요,[],2009,2025,
고등교육통계,0103,대학교학생개황,29,대학교학생_국가기술자격취득자수,대학교학생_국가기술자격취득자수,string,integer-like,공식 정의 미확인,원본 공란·기호의 의미는 공식 설명서 확인 필요,[],2009,2025,
고등교육통계,0103,대학교학생개황,30,대학교학생_입대학생수,대학교학생_입대학생수,string,integer-like,공식 정의 미확인,원본 공란·기호의 의미는 공식 설명서 확인 필요,[],2009,2025,
고등교육통계,0103,대학교학생개황,31,대학교학생_여자취업불가능자수,대학교학생_여자취업불가능자수,string,integer-like,공식 정의 미확인,원본 공란·기호의 의미는 공식 설명서 확인 필요,[],2009,2025,
고등교육통계,0103,대학교학생개황,32,대학교학생_취업불가능수,대학교학생_취업불가능수,string,integer-like,공식 정의 미확인,원본 공란·기호의 의미는 공식 설명서 확인 필요,[],2009,2025,
고등교육통계,0103,대학교학생개황,33,대학교학생_여자외국인유학생수,대학교학생_여자외국인유학생수,string,integer-like,공식 정의 미확인,원본 공란·기호의 의미는 공식 설명서 확인 필요,[],2009,2025,
고등교육통계,0103,대학교학생개황,34,대학교학생_외국인유학생수,대학교학생_외국인유학생수,string,integer-like,공식 정의 미확인,원본 공란·기호의 의미는 공식 설명서 확인 필요,[],2009,2025,
고등교육통계,0103,대학교학생개황,35,대학교학생개황_여자취업자수,대학교학생개황_여자취업자수,string,integer-like,공식 정의 미확인,원본 공란·기호의 의미는 공식 설명서 확인 필요,[],2009,2025,
고등교육통계,0103,대학교학생개황,36,대학교학생개황_취업자수,대학교학생개황_취업자수,string,integer-like,공식 정의 미확인,원본 공란·기호의 의미는 공식 설명서 확인 필요,[],2009,2025,
고등교육통계,0103,대학교학생개황,37,대학교학생_여자졸업생수,대학교학생_여자졸업생수,string,integer-like,공식 정의 미확인,원본 공란·기호의 의미는 공식 설명서 확인 필요,[],2009,2025,
고등교육통계,0103,대학교학생개황,38,대학교학생_졸업생수,대학교학생_졸업생수,string,integer-like,공식 정의 미확인,원본 공란·기호의 의미는 공식 설명서 확인 필요,[],2009,2025,
고등교육통계,0103,대학교학생개황,39,대학교학생_여자입학생수,대학교학생_여자입학생수,string,integer-like,공식 정의 미확인,원본 공란·기호의 의미는 공식 설명서 확인 필요,[],2009,2025,
고등교육통계,0103,대학교학생개황,40,대학교학생_입학생수,대학교학생_입학생수,string,integer-like,공식 정의 미확인,원본 공란·기호의 의미는 공식 설명서 확인 필요,[],2009,2025,
고등교육통계,0103,대학교학생개황,41,대학교학생_여자입학지원자수,대학교학생_여자입학지원자수,string,integer-like,공식 정의 미확인,원본 공란·기호의 의미는 공식 설명서 확인 필요,[],2009,2025,
고등교육통계,0103,대학교학생개황,42,대학교학생_주간6학년재적여학생수,대학교학생_주간6학년재적여학생수,string,integer-like,공식 정의 미확인,원본 공란·기호의 의미는 공식 설명서 확인 필요,[],2009,2025,
고등교육통계,0103,대학교학생개황,43,대학교학생_주간6학년재적학생수,대학교학생_주간6학년재적학생수,string,integer-like,공식 정의 미확인,원본 공란·기호의 의미는 공식 설명서 확인 필요,[],2009,2025,
고등교육통계,0103,대학교학생개황,44,대학교학생_주간5학년재적여학생수,대학교학생_주간5학년재적여학생수,string,integer-like,공식 정의 미확인,원본 공란·기호의 의미는 공식 설명서 확인 필요,[],2009,2025,
고등교육통계,0103,대학교학생개황,45,대학교학생_재적여학생수,대학교학생_재적여학생수,string,integer-like,공식 정의 미확인,원본 공란·기호의 의미는 공식 설명서 확인 필요,[],2009,2025,
고등교육통계,0103,대학교학생개황,46,대학교학생_재적학생수,대학교학생_재적학생수,string,integer-like,공식 정의 미확인,원본 공란·기호의 의미는 공식 설명서 확인 필요,[],2009,2025,
고등교육통계,0103,대학교학생개황,47,대학교학생_야간입학정원수,대학교학생_야간입학정원수,string,integer-like,공식 정의 미확인,원본 공란·기호의 의미는 공식 설명서 확인 필요,[],2009,2025,
고등교육통계,0103,대학교학생개황,48,대학교학생_주간입학정원수,대학교학생_주간입학정원수,string,integer-like,공식 정의 미확인,원본 공란·기호의 의미는 공식 설명서 확인 필요,[],2009,2025,
고등교육통계,0103,대학교학생개황,49,대학교학생_입학정원수,대학교학생_입학정원수,string,integer-like,공식 정의 미확인,원본 공란·기호의 의미는 공식 설명서 확인 필요,[],2009,2025,
고등교육통계,0103,대학교학생개황,50,대학교학생_학과수,대학교학생_학과수,string,integer-like,공식 정의 미확인,원본 공란·기호의 의미는 공식 설명서 확인 필요,[],2009,2025,
고등교육통계,0103,대학교학생개황,51,대학교학생_재학생수,대학교학생_재학생수,string,integer-like,공식 정의 미확인,원본 공란·기호의 의미는 공식 설명서 확인 필요,[],2009,2025,
고등교육통계,0103,대학교학생개황,52,대학교학생_여자재학생수,대학교학생_여자재학생수,string,decimal-like,공식 정의 미확인,원본 공란·기호의 의미는 공식 설명서 확인 필요,[],2009,2025,
고등교육통계,0103,대학교학생개황,53,대학교학생_주간5학년재적학생수,대학교학생_주간5학년재적학생수,string,integer-like,공식 정의 미확인,원본 공란·기호의 의미는 공식 설명서 확인 필요,[],2009,2025,
고등교육통계,0103,대학교학생개황,54,대학교학생_주간4학년재적여학생수,대학교학생_주간4학년재적여학생수,string,integer-like,공식 정의 미확인,원본 공란·기호의 의미는 공식 설명서 확인 필요,[],2009,2025,
고등교육통계,0103,대학교학생개황,55,대학교학생_주간4학년재적학생수,대학교학생_주간4학년재적학생수,string,integer-like,공식 정의 미확인,원본 공란·기호의 의미는 공식 설명서 확인 필요,[],2009,2025,
고등교육통계,0103,대학교학생개황,56,대학교학생_주간3학년재적여학생수,대학교학생_주간3학년재적여학생수,string,integer-like,공식 정의 미확인,원본 공란·기호의 의미는 공식 설명서 확인 필요,[],2009,2025,
고등교육통계,0103,대학교학생개황,57,대학교학생_주간3학년재적학생수,대학교학생_주간3학년재적학생수,string,integer-like,공식 정의 미확인,원본 공란·기호의 의미는 공식 설명서 확인 필요,[],2009,2025,
고등교육통계,0103,대학교학생개황,58,대학교학생_주간2학년재적여학생수,대학교학생_주간2학년재적여학생수,string,integer-like,공식 정의 미확인,원본 공란·기호의 의미는 공식 설명서 확인 필요,[],2009,2025,
고등교육통계,0103,대학교학생개황,59,대학교학생_주간2학년재적학생수,대학교학생_주간2학년재적학생수,string,integer-like,공식 정의 미확인,원본 공란·기호의 의미는 공식 설명서 확인 필요,[],2009,2025,
고등교육통계,0103,대학교학생개황,60,대학교학생_주간1학년재적여학생수,대학교학생_주간1학년재적여학생수,string,integer-like,공식 정의 미확인,원본 공란·기호의 의미는 공식 설명서 확인 필요,[],2009,2025,
고등교육통계,0103,대학교학생개황,61,대학교학생_주간1학년재적학생수,대학교학생_주간1학년재적학생수,string,integer-like,공식 정의 미확인,원본 공란·기호의 의미는 공식 설명서 확인 필요,[],2009,2025,
고등교육통계,0103,대학교학생개황,62,대학교학생_주간여자휴학생수,대학교학생_주간여자휴학생수,string,integer-like,공식 정의 미확인,원본 공란·기호의 의미는 공식 설명서 확인 필요,[],2009,2025,
고등교육통계,0103,대학교학생개황,63,대학교학생_주간휴학생수,대학교학생_주간휴학생수,string,integer-like,공식 정의 미확인,원본 공란·기호의 의미는 공식 설명서 확인 필요,[],2009,2025,
고등교육통계,0103,대학교학생개황,64,대학교학생_주간여자재학생수,대학교학생_주간여자재학생수,string,integer-like,공식 정의 미확인,원본 공란·기호의 의미는 공식 설명서 확인 필요,[],2009,2025,
고등교육통계,0103,대학교학생개황,65,대학교학생_주간재학생수,대학교학생_주간재학생수,string,integer-like,공식 정의 미확인,원본 공란·기호의 의미는 공식 설명서 확인 필요,[],2009,2025,
고등교육통계,0103,대학교학생개황,66,대학교학생_여자휴학생수,대학교학생_여자휴학생수,string,integer-like,공식 정의 미확인,원본 공란·기호의 의미는 공식 설명서 확인 필요,[],2009,2025,
고등교육통계,0103,대학교학생개황,67,대학교학생_휴학생수,대학교학생_휴학생수,string,integer-like,공식 정의 미확인,원본 공란·기호의 의미는 공식 설명서 확인 필요,[],2009,2025,
고등교육통계,0105,대학원학생개황,1,조사년도,조사년도,string,integer-like,공식 정의 미확인,원본 공란·기호의 의미는 공식 설명서 확인 필요,[],2009,2025,candidate
고등교육통계,0105,대학원학생개황,2,학교구분명,학교구분명,string,string,공식 정의 미확인,원본 공란·기호의 의미는 공식 설명서 확인 필요,[],2009,2025,candidate
고등교육통계,0105,대학원학생개황,3,개방ID,개방ID,string,integer-like,공식 정의 미확인,원본 공란·기호의 의미는 공식 설명서 확인 필요,[],2009,2025,candidate
고등교육통계,0105,대학원학생개황,4,학과계열구분명,학과계열구분명,string,string,공식 정의 미확인,원본 공란·기호의 의미는 공식 설명서 확인 필요,[],2009,2025,
고등교육통계,0105,대학원학생개황,5,야간박사과정남자입학생수,야간박사과정남자입학생수,string,integer-like,공식 정의 미확인,원본 공란·기호의 의미는 공식 설명서 확인 필요,[],2009,2025,
고등교육통계,0105,대학원학생개황,6,야간박사과정여자입학생수,야간박사과정여자입학생수,string,integer-like,공식 정의 미확인,원본 공란·기호의 의미는 공식 설명서 확인 필요,[],2009,2025,
고등교육통계,0105,대학원학생개황,7,주야간박사과정입학생수,주야간박사과정입학생수,string,integer-like,공식 정의 미확인,원본 공란·기호의 의미는 공식 설명서 확인 필요,[],2009,2025,
고등교육통계,0105,대학원학생개황,8,주야간박사과정남자입학생수,주야간박사과정남자입학생수,string,integer-like,공식 정의 미확인,원본 공란·기호의 의미는 공식 설명서 확인 필요,[],2009,2025,
고등교육통계,0105,대학원학생개황,9,주야간박사과정여자입학생수,주야간박사과정여자입학생수,string,integer-like,공식 정의 미확인,원본 공란·기호의 의미는 공식 설명서 확인 필요,[],2009,2025,
고등교육통계,0105,대학원학생개황,10,대학원학생_재적학생수,대학원학생_재적학생수,string,integer-like,공식 정의 미확인,원본 공란·기호의 의미는 공식 설명서 확인 필요,[],2009,2025,
고등교육통계,0105,대학원학생개황,11,재적남학생수,재적남학생수,string,integer-like,공식 정의 미확인,원본 공란·기호의 의미는 공식 설명서 확인 필요,[],2009,2025,
고등교육통계,0105,대학원학생개황,12,야간석사과정남자재학생수,야간석사과정남자재학생수,string,integer-like,공식 정의 미확인,원본 공란·기호의 의미는 공식 설명서 확인 필요,[],2009,2025,
고등교육통계,0105,대학원학생개황,13,대학원_야간석사과정여자재학생수,대학원_야간석사과정여자재학생수,string,integer-like,공식 정의 미확인,원본 공란·기호의 의미는 공식 설명서 확인 필요,[],2009,2025,
고등교육통계,0105,대학원학생개황,14,대학원_주간박사과정재학생수,대학원_주간박사과정재학생수,string,integer-like,공식 정의 미확인,원본 공란·기호의 의미는 공식 설명서 확인 필요,[],2009,2025,
고등교육통계,0105,대학원학생개황,15,주간박사과정남자재학생수,주간박사과정남자재학생수,string,integer-like,공식 정의 미확인,원본 공란·기호의 의미는 공식 설명서 확인 필요,[],2009,2025,
고등교육통계,0105,대학원학생개황,16,대학원_주간박사과정여자재학생수,대학원_주간박사과정여자재학생수,string,integer-like,공식 정의 미확인,원본 공란·기호의 의미는 공식 설명서 확인 필요,[],2009,2025,
고등교육통계,0105,대학원학생개황,17,대학원_야간박사과정재학생수,대학원_야간박사과정재학생수,string,integer-like,공식 정의 미확인,원본 공란·기호의 의미는 공식 설명서 확인 필요,[],2009,2025,
고등교육통계,0105,대학원학생개황,18,야간박사과정남자재학생수,야간박사과정남자재학생수,string,integer-like,공식 정의 미확인,원본 공란·기호의 의미는 공식 설명서 확인 필요,[],2009,2025,
고등교육통계,0105,대학원학생개황,19,대학원_야간박사과정여자재학생수,대학원_야간박사과정여자재학생수,string,integer-like,공식 정의 미확인,원본 공란·기호의 의미는 공식 설명서 확인 필요,[],2009,2025,
고등교육통계,0105,대학원학생개황,20,대학원학생_휴학생수,대학원학생_휴학생수,string,integer-like,공식 정의 미확인,원본 공란·기호의 의미는 공식 설명서 확인 필요,[],2009,2025,
고등교육통계,0105,대학원학생개황,21,남자휴학생수,남자휴학생수,string,integer-like,공식 정의 미확인,원본 공란·기호의 의미는 공식 설명서 확인 필요,[],2009,2025,
고등교육통계,0105,대학원학생개황,22,대학원학생_여자휴학생수,대학원학생_여자휴학생수,string,integer-like,공식 정의 미확인,원본 공란·기호의 의미는 공식 설명서 확인 필요,[],2009,2025,
고등교육통계,0105,대학원학생개황,23,석사과정휴학생수,석사과정휴학생수,string,integer-like,공식 정의 미확인,원본 공란·기호의 의미는 공식 설명서 확인 필요,[],2009,2025,
고등교육통계,0105,대학원학생개황,24,대학원_야간석사과정재학생수,대학원_야간석사과정재학생수,string,integer-like,공식 정의 미확인,원본 공란·기호의 의미는 공식 설명서 확인 필요,[],2009,2025,
고등교육통계,0105,대학원학생개황,25,대학원_주간석사과정여자재학생수,대학원_주간석사과정여자재학생수,string,integer-like,공식 정의 미확인,원본 공란·기호의 의미는 공식 설명서 확인 필요,[],2009,2025,
고등교육통계,0105,대학원학생개황,26,주간석사과정남자재학생수,주간석사과정남자재학생수,string,integer-like,공식 정의 미확인,원본 공란·기호의 의미는 공식 설명서 확인 필요,[],2009,2025,
고등교육통계,0105,대학원학생개황,27,대학원_주간석사과정재학생수,대학원_주간석사과정재학생수,string,integer-like,공식 정의 미확인,원본 공란·기호의 의미는 공식 설명서 확인 필요,[],2009,2025,
고등교육통계,0105,대학원학생개황,28,박사과정여자재학생수,박사과정여자재학생수,string,integer-like,공식 정의 미확인,원본 공란·기호의 의미는 공식 설명서 확인 필요,[],2009,2025,
고등교육통계,0105,대학원학생개황,29,박사과정남자재학생수,박사과정남자재학생수,string,integer-like,공식 정의 미확인,원본 공란·기호의 의미는 공식 설명서 확인 필요,[],2009,2025,
고등교육통계,0105,대학원학생개황,30,박사과정재학생수,박사과정재학생수,string,integer-like,공식 정의 미확인,원본 공란·기호의 의미는 공식 설명서 확인 필요,[],2009,2025,
고등교육통계,0105,대학원학생개황,31,석사과정여자재학생수,석사과정여자재학생수,string,integer-like,공식 정의 미확인,원본 공란·기호의 의미는 공식 설명서 확인 필요,[],2009,2025,
고등교육통계,0105,대학원학생개황,32,석사과정남자재학생수,석사과정남자재학생수,string,integer-like,공식 정의 미확인,원본 공란·기호의 의미는 공식 설명서 확인 필요,[],2009,2025,
고등교육통계,0105,대학원학생개황,33,석사과정재학생수,석사과정재학생수,string,integer-like,공식 정의 미확인,원본 공란·기호의 의미는 공식 설명서 확인 필요,[],2009,2025,
고등교육통계,0105,대학원학생개황,34,대학원_여자재학생수,대학원_여자재학생수,string,decimal-like,공식 정의 미확인,원본 공란·기호의 의미는 공식 설명서 확인 필요,[],2009,2025,
고등교육통계,0105,대학원학생개황,35,남자재학생수,남자재학생수,string,decimal-like,공식 정의 미확인,원본 공란·기호의 의미는 공식 설명서 확인 필요,[],2009,2025,
고등교육통계,0105,대학원학생개황,36,대학원_재학생수,대학원_재학생수,string,integer-like,공식 정의 미확인,원본 공란·기호의 의미는 공식 설명서 확인 필요,[],2009,2025,
고등교육통계,0105,대학원학생개황,37,대학원학생_야간박사과정재적여학생수,대학원학생_야간박사과정재적여학생수,string,integer-like,공식 정의 미확인,원본 공란·기호의 의미는 공식 설명서 확인 필요,[],2009,2025,
고등교육통계,0105,대학원학생개황,38,야간박사과정재적남학생수,야간박사과정재적남학생수,string,integer-like,공식 정의 미확인,원본 공란·기호의 의미는 공식 설명서 확인 필요,[],2009,2025,
고등교육통계,0105,대학원학생개황,39,석사과정남자휴학생수,석사과정남자휴학생수,string,integer-like,공식 정의 미확인,원본 공란·기호의 의미는 공식 설명서 확인 필요,[],2009,2025,
고등교육통계,0105,대학원학생개황,40,석사과정여자휴학생수,석사과정여자휴학생수,string,integer-like,공식 정의 미확인,원본 공란·기호의 의미는 공식 설명서 확인 필요,[],2009,2025,
고등교육통계,0105,대학원학생개황,41,박사과정휴학생수,박사과정휴학생수,string,integer-like,공식 정의 미확인,원본 공란·기호의 의미는 공식 설명서 확인 필요,[],2009,2025,
고등교육통계,0105,대학원학생개황,42,대학원학생_박사과정학과수,대학원학생_박사과정학과수,string,integer-like,공식 정의 미확인,원본 공란·기호의 의미는 공식 설명서 확인 필요,[],2009,2025,
고등교육통계,0105,대학원학생개황,43,석사과정학과수,석사과정학과수,string,integer-like,공식 정의 미확인,원본 공란·기호의 의미는 공식 설명서 확인 필요,[],2009,2025,
고등교육통계,0105,대학원학생개황,44,대학원학생_학과수,대학원학생_학과수,string,integer-like,공식 정의 미확인,원본 공란·기호의 의미는 공식 설명서 확인 필요,[],2009,2025,
고등교육통계,0105,대학원학생개황,45,대학원학생_박사과정여자졸업생수,대학원학생_박사과정여자졸업생수,string,integer-like,공식 정의 미확인,원본 공란·기호의 의미는 공식 설명서 확인 필요,[],2009,2025,
고등교육통계,0105,대학원학생개황,46,박사과정남자졸업생수,박사과정남자졸업생수,string,integer-like,공식 정의 미확인,원본 공란·기호의 의미는 공식 설명서 확인 필요,[],2009,2025,
고등교육통계,0105,대학원학생개황,47,대학원학생_박사과정졸업생수,대학원학생_박사과정졸업생수,string,integer-like,공식 정의 미확인,원본 공란·기호의 의미는 공식 설명서 확인 필요,[],2009,2025,
고등교육통계,0105,대학원학생개황,48,대학원학생_석사과정여자졸업생수,대학원학생_석사과정여자졸업생수,string,integer-like,공식 정의 미확인,원본 공란·기호의 의미는 공식 설명서 확인 필요,[],2009,2025,
고등교육통계,0105,대학원학생개황,49,석사과정남자졸업생수,석사과정남자졸업생수,string,integer-like,공식 정의 미확인,원본 공란·기호의 의미는 공식 설명서 확인 필요,[],2009,2025,
고등교육통계,0105,대학원학생개황,50,대학원학생_석사과정졸업생수,대학원학생_석사과정졸업생수,string,integer-like,공식 정의 미확인,원본 공란·기호의 의미는 공식 설명서 확인 필요,[],2009,2025,
고등교육통계,0105,대학원학생개황,51,대학원학생_여자졸업생수,대학원학생_여자졸업생수,string,integer-like,공식 정의 미확인,원본 공란·기호의 의미는 공식 설명서 확인 필요,[],2009,2025,
고등교육통계,0105,대학원학생개황,52,남자졸업생수,남자졸업생수,string,integer-like,공식 정의 미확인,원본 공란·기호의 의미는 공식 설명서 확인 필요,[],2009,2025,
고등교육통계,0105,대학원학생개황,53,대학원학생_졸업생수,대학원학생_졸업생수,string,integer-like,공식 정의 미확인,원본 공란·기호의 의미는 공식 설명서 확인 필요,[],2009,2025,
고등교육통계,0105,대학원학생개황,54,대학원학생_야간박사과정여자휴학생수,대학원학생_야간박사과정여자휴학생수,string,integer-like,공식 정의 미확인,원본 공란·기호의 의미는 공식 설명서 확인 필요,[],2009,2025,
고등교육통계,0105,대학원학생개황,55,대학원_야간박사과정남자휴학생수,대학원_야간박사과정남자휴학생수,string,integer-like,공식 정의 미확인,원본 공란·기호의 의미는 공식 설명서 확인 필요,[],2009,2025,
고등교육통계,0105,대학원학생개황,56,대학원학생_야간박사과정휴학생수,대학원학생_야간박사과정휴학생수,string,integer-like,공식 정의 미확인,원본 공란·기호의 의미는 공식 설명서 확인 필요,[],2009,2025,
고등교육통계,0105,대학원학생개황,57,대학원학생_주간박사과정여자휴학생수,대학원학생_주간박사과정여자휴학생수,string,integer-like,공식 정의 미확인,원본 공란·기호의 의미는 공식 설명서 확인 필요,[],2009,2025,
고등교육통계,0105,대학원학생개황,58,주간박사과정남자휴학생수,주간박사과정남자휴학생수,string,integer-like,공식 정의 미확인,원본 공란·기호의 의미는 공식 설명서 확인 필요,[],2009,2025,
고등교육통계,0105,대학원학생개황,59,대학원학생_주간박사과정휴학생수,대학원학생_주간박사과정휴학생수,string,integer-like,공식 정의 미확인,원본 공란·기호의 의미는 공식 설명서 확인 필요,[],2009,2025,
고등교육통계,0105,대학원학생개황,60,대학원학생_야간석사과정여자휴학생수,대학원학생_야간석사과정여자휴학생수,string,integer-like,공식 정의 미확인,원본 공란·기호의 의미는 공식 설명서 확인 필요,[],2009,2025,
고등교육통계,0105,대학원학생개황,61,야간석사과정남자휴학생수,야간석사과정남자휴학생수,string,integer-like,공식 정의 미확인,원본 공란·기호의 의미는 공식 설명서 확인 필요,[],2009,2025,
고등교육통계,0105,대학원학생개황,62,대학원학생_야간석사과정휴학생수,대학원학생_야간석사과정휴학생수,string,integer-like,공식 정의 미확인,원본 공란·기호의 의미는 공식 설명서 확인 필요,[],2009,2025,
고등교육통계,0105,대학원학생개황,63,대학원학생_주간석사과정여자휴학생수,대학원학생_주간석사과정여자휴학생수,string,integer-like,공식 정의 미확인,원본 공란·기호의 의미는 공식 설명서 확인 필요,[],2009,2025,
고등교육통계,0105,대학원학생개황,64,주간석사과정남자휴학생수,주간석사과정남자휴학생수,string,integer-like,공식 정의 미확인,원본 공란·기호의 의미는 공식 설명서 확인 필요,[],2009,2025,
고등교육통계,0105,대학원학생개황,65,대학원학생_주간석사과정휴학생수,대학원학생_주간석사과정휴학생수,string,integer-like,공식 정의 미확인,원본 공란·기호의 의미는 공식 설명서 확인 필요,[],2009,2025,
고등교육통계,0105,대학원학생개황,66,박사과정여자휴학생수,박사과정여자휴학생수,string,integer-like,공식 정의 미확인,원본 공란·기호의 의미는 공식 설명서 확인 필요,[],2009,2025,
고등교육통계,0105,대학원학생개황,67,박사과정남자휴학생수,박사과정남자휴학생수,string,integer-like,공식 정의 미확인,원본 공란·기호의 의미는 공식 설명서 확인 필요,[],2009,2025,
고등교육통계,0105,대학원학생개황,68,대학원학생_야간박사과정재적학생수,대학원학생_야간박사과정재적학생수,string,integer-like,공식 정의 미확인,원본 공란·기호의 의미는 공식 설명서 확인 필요,[],2009,2025,
고등교육통계,0105,대학원학생개황,69,대학원학생_주간박사과정재적여학생수,대학원학생_주간박사과정재적여학생수,string,integer-like,공식 정의 미확인,원본 공란·기호의 의미는 공식 설명서 확인 필요,[],2009,2025,
고등교육통계,0105,대학원학생개황,70,야간석사과정남자입학생수,야간석사과정남자입학생수,string,integer-like,공식 정의 미확인,원본 공란·기호의 의미는 공식 설명서 확인 필요,[],2009,2025,
고등교육통계,0105,대학원학생개황,71,야간석사과정입학생수,야간석사과정입학생수,string,integer-like,공식 정의 미확인,원본 공란·기호의 의미는 공식 설명서 확인 필요,[],2009,2025,
고등교육통계,0105,대학원학생개황,72,주간석사과정여자입학생수,주간석사과정여자입학생수,string,integer-like,공식 정의 미확인,원본 공란·기호의 의미는 공식 설명서 확인 필요,[],2009,2025,
고등교육통계,0105,대학원학생개황,73,주간석사과정남자입학생수,주간석사과정남자입학생수,string,integer-like,공식 정의 미확인,원본 공란·기호의 의미는 공식 설명서 확인 필요,[],2009,2025,
고등교육통계,0105,대학원학생개황,74,주간석사과정입학생수,주간석사과정입학생수,string,integer-like,공식 정의 미확인,원본 공란·기호의 의미는 공식 설명서 확인 필요,[],2009,2025,
고등교육통계,0105,대학원학생개황,75,박사과정여자입학생수,박사과정여자입학생수,string,integer-like,공식 정의 미확인,원본 공란·기호의 의미는 공식 설명서 확인 필요,[],2009,2025,
고등교육통계,0105,대학원학생개황,76,박사과정남자입학생수,박사과정남자입학생수,string,integer-like,공식 정의 미확인,원본 공란·기호의 의미는 공식 설명서 확인 필요,[],2009,2025,
고등교육통계,0105,대학원학생개황,77,박사과정입학생수,박사과정입학생수,string,integer-like,공식 정의 미확인,원본 공란·기호의 의미는 공식 설명서 확인 필요,[],2009,2025,
고등교육통계,0105,대학원학생개황,78,석사과정여자입학생수,석사과정여자입학생수,string,integer-like,공식 정의 미확인,원본 공란·기호의 의미는 공식 설명서 확인 필요,[],2009,2025,
고등교육통계,0105,대학원학생개황,79,석사과정남자입학생수,석사과정남자입학생수,string,integer-like,공식 정의 미확인,원본 공란·기호의 의미는 공식 설명서 확인 필요,[],2009,2025,
고등교육통계,0105,대학원학생개황,80,석사과정입학생수,석사과정입학생수,string,integer-like,공식 정의 미확인,원본 공란·기호의 의미는 공식 설명서 확인 필요,[],2009,2025,
고등교육통계,0105,대학원학생개황,81,대학원학생_여자입학생수,대학원학생_여자입학생수,string,integer-like,공식 정의 미확인,원본 공란·기호의 의미는 공식 설명서 확인 필요,[],2009,2025,
고등교육통계,0105,대학원학생개황,82,남자입학생수,남자입학생수,string,integer-like,공식 정의 미확인,원본 공란·기호의 의미는 공식 설명서 확인 필요,[],2009,2025,
고등교육통계,0105,대학원학생개황,83,대학원학생_입학생수,대학원학생_입학생수,string,integer-like,공식 정의 미확인,원본 공란·기호의 의미는 공식 설명서 확인 필요,[],2009,2025,
고등교육통계,0105,대학원학생개황,84,주야간박사과정입학정원수,주야간박사과정입학정원수,string,integer-like,공식 정의 미확인,원본 공란·기호의 의미는 공식 설명서 확인 필요,[],2009,2025,
고등교육통계,0105,대학원학생개황,85,대학원학생_야간박사과정입학정원수,대학원학생_야간박사과정입학정원수,string,integer-like,공식 정의 미확인,원본 공란·기호의 의미는 공식 설명서 확인 필요,[],2009,2025,
고등교육통계,0105,대학원학생개황,86,대학원학생_주야간석사과정입학정원수,대학원학생_주야간석사과정입학정원수,string,integer-like,공식 정의 미확인,원본 공란·기호의 의미는 공식 설명서 확인 필요,[],2009,2025,
고등교육통계,0105,대학원학생개황,87,대학원학생_야간석사과정입학정원수,대학원학생_야간석사과정입학정원수,string,integer-like,공식 정의 미확인,원본 공란·기호의 의미는 공식 설명서 확인 필요,[],2009,2025,
고등교육통계,0105,대학원학생개황,88,대학원학생_주간석사과정입학정원수,대학원학생_주간석사과정입학정원수,string,integer-like,공식 정의 미확인,원본 공란·기호의 의미는 공식 설명서 확인 필요,[],2009,2025,
고등교육통계,0105,대학원학생개황,89,대학원학생_박사과정입학정원수,대학원학생_박사과정입학정원수,string,integer-like,공식 정의 미확인,원본 공란·기호의 의미는 공식 설명서 확인 필요,[],2009,2025,
고등교육통계,0105,대학원학생개황,90,대학원학생_석사과정입학정원수,대학원학생_석사과정입학정원수,string,integer-like,공식 정의 미확인,원본 공란·기호의 의미는 공식 설명서 확인 필요,[],2009,2025,
고등교육통계,0105,대학원학생개황,91,대학원학생_입학정원수,대학원학생_입학정원수,string,integer-like,공식 정의 미확인,원본 공란·기호의 의미는 공식 설명서 확인 필요,[],2009,2025,
고등교육통계,0105,대학원학생개황,92,야간석사과정여자입학생수,야간석사과정여자입학생수,string,integer-like,공식 정의 미확인,원본 공란·기호의 의미는 공식 설명서 확인 필요,[],2009,2025,
고등교육통계,0105,대학원학생개황,93,주야간석사과정입학생수,주야간석사과정입학생수,string,integer-like,공식 정의 미확인,원본 공란·기호의 의미는 공식 설명서 확인 필요,[],2009,2025,
고등교육통계,0105,대학원학생개황,94,주야간석사과정남자입학생수,주야간석사과정남자입학생수,string,integer-like,공식 정의 미확인,원본 공란·기호의 의미는 공식 설명서 확인 필요,[],2009,2025,
고등교육통계,0105,대학원학생개황,95,주간박사과정재적남학생수,주간박사과정재적남학생수,string,integer-like,공식 정의 미확인,원본 공란·기호의 의미는 공식 설명서 확인 필요,[],2009,2025,
고등교육통계,0105,대학원학생개황,96,대학원학생_주간박사과정재적학생수,대학원학생_주간박사과정재적학생수,string,integer-like,공식 정의 미확인,원본 공란·기호의 의미는 공식 설명서 확인 필요,[],2009,2025,
고등교육통계,0105,대학원학생개황,97,대학원학생_야간석사과정재적여학생수,대학원학생_야간석사과정재적여학생수,string,integer-like,공식 정의 미확인,원본 공란·기호의 의미는 공식 설명서 확인 필요,[],2009,2025,
고등교육통계,0105,대학원학생개황,98,야간석사과정재적남학생수,야간석사과정재적남학생수,string,integer-like,공식 정의 미확인,원본 공란·기호의 의미는 공식 설명서 확인 필요,[],2009,2025,
고등교육통계,0105,대학원학생개황,99,대학원학생_야간석사과정재적학생수,대학원학생_야간석사과정재적학생수,string,integer-like,공식 정의 미확인,원본 공란·기호의 의미는 공식 설명서 확인 필요,[],2009,2025,
고등교육통계,0105,대학원학생개황,100,대학원학생_주간석사과정재적여학생수,대학원학생_주간석사과정재적여학생수,string,integer-like,공식 정의 미확인,원본 공란·기호의 의미는 공식 설명서 확인 필요,[],2009,2025,
고등교육통계,0105,대학원학생개황,101,주간석사과정재적남학생수,주간석사과정재적남학생수,string,integer-like,공식 정의 미확인,원본 공란·기호의 의미는 공식 설명서 확인 필요,[],2009,2025,
고등교육통계,0105,대학원학생개황,102,대학원학생_주간석사과정재적학생수,대학원학생_주간석사과정재적학생수,string,integer-like,공식 정의 미확인,원본 공란·기호의 의미는 공식 설명서 확인 필요,[],2009,2025,
고등교육통계,0105,대학원학생개황,103,박사과정재적여학생수,박사과정재적여학생수,string,integer-like,공식 정의 미확인,원본 공란·기호의 의미는 공식 설명서 확인 필요,[],2009,2025,
고등교육통계,0105,대학원학생개황,104,박사과정재적남학생수,박사과정재적남학생수,string,integer-like,공식 정의 미확인,원본 공란·기호의 의미는 공식 설명서 확인 필요,[],2009,2025,
고등교육통계,0105,대학원학생개황,105,박사과정재적학생수,박사과정재적학생수,string,integer-like,공식 정의 미확인,원본 공란·기호의 의미는 공식 설명서 확인 필요,[],2009,2025,
고등교육통계,0105,대학원학생개황,106,석사과정재적여학생수,석사과정재적여학생수,string,integer-like,공식 정의 미확인,원본 공란·기호의 의미는 공식 설명서 확인 필요,[],2009,2025,
고등교육통계,0105,대학원학생개황,107,석사과정재적남학생수,석사과정재적남학생수,string,integer-like,공식 정의 미확인,원본 공란·기호의 의미는 공식 설명서 확인 필요,[],2009,2025,
고등교육통계,0105,대학원학생개황,108,석사과정재적학생수,석사과정재적학생수,string,integer-like,공식 정의 미확인,원본 공란·기호의 의미는 공식 설명서 확인 필요,[],2009,2025,
고등교육통계,0105,대학원학생개황,109,대학원학생_재적여학생수,대학원학생_재적여학생수,string,integer-like,공식 정의 미확인,원본 공란·기호의 의미는 공식 설명서 확인 필요,[],2009,2025,
고등교육통계,0105,대학원학생개황,110,주야간석사과정여자입학생수,주야간석사과정여자입학생수,string,integer-like,공식 정의 미확인,원본 공란·기호의 의미는 공식 설명서 확인 필요,[],2009,2025,
고등교육통계,0105,대학원학생개황,111,주간박사과정입학생수,주간박사과정입학생수,string,integer-like,공식 정의 미확인,원본 공란·기호의 의미는 공식 설명서 확인 필요,[],2009,2025,
고등교육통계,0105,대학원학생개황,112,주간박사과정남자입학생수,주간박사과정남자입학생수,string,integer-like,공식 정의 미확인,원본 공란·기호의 의미는 공식 설명서 확인 필요,[],2009,2025,
고등교육통계,0105,대학원학생개황,113,주간박사과정여자입학생수,주간박사과정여자입학생수,string,integer-like,공식 정의 미확인,원본 공란·기호의 의미는 공식 설명서 확인 필요,[],2009,2025,
고등교육통계,0105,대학원학생개황,114,야간박사과정입학생수,야간박사과정입학생수,string,integer-like,공식 정의 미확인,원본 공란·기호의 의미는 공식 설명서 확인 필요,[],2009,2025,
고등교육통계,0105,대학원학생개황,115,대학원학생_주간박사과정입학정원수,대학원학생_주간박사과정입학정원수,string,integer-like,공식 정의 미확인,원본 공란·기호의 의미는 공식 설명서 확인 필요,[],2009,2025,
대학정보공시,0305,신입생충원현황,1,조사년도,조사년도,string,integer-like,공식 정의 미확인,원본 공란·기호의 의미는 공식 설명서 확인 필요,[],2009,2025,candidate
대학정보공시,0305,신입생충원현황,2,학교구분명,학교구분명,string,string,공식 정의 미확인,원본 공란·기호의 의미는 공식 설명서 확인 필요,[],2009,2025,candidate
대학정보공시,0305,신입생충원현황,3,개방ID,개방ID,string,integer-like,공식 정의 미확인,원본 공란·기호의 의미는 공식 설명서 확인 필요,[],2009,2025,candidate
대학정보공시,0305,신입생충원현황,4,주야간계절구분명,주야간계절구분명,string,string,공식 정의 미확인,원본 공란·기호의 의미는 공식 설명서 확인 필요,[],2009,2025,
대학정보공시,0305,신입생충원현황,5,학과명,학과명,string,string,공식 정의 미확인,원본 공란·기호의 의미는 공식 설명서 확인 필요,[],2009,2025,candidate
대학정보공시,0305,신입생충원현황,6,학과상태명,학과상태명,string,string,공식 정의 미확인,원본 공란·기호의 의미는 공식 설명서 확인 필요,[],2009,2025,
대학정보공시,0305,신입생충원현황,7,학과특성명,학과특성명,string,string,공식 정의 미확인,원본 공란·기호의 의미는 공식 설명서 확인 필요,[],2009,2025,
대학정보공시,0305,신입생충원현황,8,단과대학명,단과대학명,string,string,공식 정의 미확인,원본 공란·기호의 의미는 공식 설명서 확인 필요,[],2009,2025,
대학정보공시,0305,신입생충원현황,9,적용년도,적용년도,string,integer-like,공식 정의 미확인,원본 공란·기호의 의미는 공식 설명서 확인 필요,[],2009,2025,candidate
대학정보공시,0305,신입생충원현황,10,학과구분불가정원외지원자수,학과구분불가정원외지원자수,string,integer-like,공식 정의 미확인,원본 공란·기호의 의미는 공식 설명서 확인 필요,[],2009,2025,
대학정보공시,0305,신입생충원현황,11,학과구분불가정원외모집인원수,학과구분불가정원외모집인원수,string,integer-like,공식 정의 미확인,원본 공란·기호의 의미는 공식 설명서 확인 필요,[],2009,2025,
대학정보공시,0305,신입생충원현황,12,총지원자수,총지원자수,string,integer-like,공식 정의 미확인,원본 공란·기호의 의미는 공식 설명서 확인 필요,[],2009,2025,
대학정보공시,0305,신입생충원현황,13,신입생충원_정원외여자입학생수,신입생충원_정원외여자입학생수,string,integer-like,공식 정의 미확인,원본 공란·기호의 의미는 공식 설명서 확인 필요,[],2009,2025,
대학정보공시,0305,신입생충원현황,14,신입생충원_정원외남자입학생수,신입생충원_정원외남자입학생수,string,integer-like,공식 정의 미확인,원본 공란·기호의 의미는 공식 설명서 확인 필요,[],2009,2025,
대학정보공시,0305,신입생충원현황,15,신입생충원_정원내여자입학생수,신입생충원_정원내여자입학생수,string,integer-like,공식 정의 미확인,원본 공란·기호의 의미는 공식 설명서 확인 필요,[],2009,2025,
대학정보공시,0305,신입생충원현황,16,신입생충원_정원내남자입학생수,신입생충원_정원내남자입학생수,string,integer-like,공식 정의 미확인,원본 공란·기호의 의미는 공식 설명서 확인 필요,[],2009,2025,
대학정보공시,0305,신입생충원현황,17,정원외지원자수,정원외지원자수,string,integer-like,공식 정의 미확인,원본 공란·기호의 의미는 공식 설명서 확인 필요,[],2009,2025,
대학정보공시,0305,신입생충원현황,18,정원내지원자수,정원내지원자수,string,integer-like,공식 정의 미확인,원본 공란·기호의 의미는 공식 설명서 확인 필요,[],2009,2025,
대학정보공시,0305,신입생충원현황,19,정원외모집인원수,정원외모집인원수,string,integer-like,공식 정의 미확인,원본 공란·기호의 의미는 공식 설명서 확인 필요,[],2009,2025,
대학정보공시,0305,신입생충원현황,20,정원내모집인원수,정원내모집인원수,string,integer-like,공식 정의 미확인,원본 공란·기호의 의미는 공식 설명서 확인 필요,[],2009,2025,
대학정보공시,0305,신입생충원현황,21,신입생충원_입학정원수,신입생충원_입학정원수,string,integer-like,공식 정의 미확인,원본 공란·기호의 의미는 공식 설명서 확인 필요,[],2009,2025,
대학정보공시,0310,재적학생현황,1,조사년도,조사년도,string,integer-like,공식 정의 미확인,원본 공란·기호의 의미는 공식 설명서 확인 필요,[],2009,2025,candidate
대학정보공시,0310,재적학생현황,2,학교구분명,학교구분명,string,string,공식 정의 미확인,원본 공란·기호의 의미는 공식 설명서 확인 필요,[],2009,2025,candidate
대학정보공시,0310,재적학생현황,3,개방ID,개방ID,string,integer-like,공식 정의 미확인,원본 공란·기호의 의미는 공식 설명서 확인 필요,[],2009,2025,candidate
대학정보공시,0310,재적학생현황,4,주야간계절구분명,주야간계절구분명,string,string,공식 정의 미확인,원본 공란·기호의 의미는 공식 설명서 확인 필요,[],2009,2025,
대학정보공시,0310,재적학생현황,5,학과명,학과명,string,string,공식 정의 미확인,원본 공란·기호의 의미는 공식 설명서 확인 필요,[],2009,2025,candidate
대학정보공시,0310,재적학생현황,6,학과상태명,학과상태명,string,string,공식 정의 미확인,원본 공란·기호의 의미는 공식 설명서 확인 필요,[],2009,2025,
대학정보공시,0310,재적학생현황,7,학과특성명,학과특성명,string,string,공식 정의 미확인,원본 공란·기호의 의미는 공식 설명서 확인 필요,[],2009,2025,
대학정보공시,0310,재적학생현황,8,단과대학명,단과대학명,string,string,공식 정의 미확인,원본 공란·기호의 의미는 공식 설명서 확인 필요,[],2009,2025,
대학정보공시,0310,재적학생현황,9,적용년도,적용년도,string,integer-like,공식 정의 미확인,원본 공란·기호의 의미는 공식 설명서 확인 필요,[],2009,2025,candidate
대학정보공시,0310,재적학생현황,10,재적학생_정원외여자휴학생수,재적학생_정원외여자휴학생수,string,integer-like,공식 정의 미확인,원본 공란·기호의 의미는 공식 설명서 확인 필요,[],2009,2025,
대학정보공시,0310,재적학생현황,11,재적학생_정원내여자휴학생수,재적학생_정원내여자휴학생수,string,integer-like,공식 정의 미확인,원본 공란·기호의 의미는 공식 설명서 확인 필요,[],2009,2025,
대학정보공시,0310,재적학생현황,12,재적학생_정원외남자휴학생수,재적학생_정원외남자휴학생수,string,integer-like,공식 정의 미확인,원본 공란·기호의 의미는 공식 설명서 확인 필요,[],2009,2025,
대학정보공시,0310,재적학생현황,13,재적학생_정원내남자휴학생수,재적학생_정원내남자휴학생수,string,integer-like,공식 정의 미확인,원본 공란·기호의 의미는 공식 설명서 확인 필요,[],2009,2025,
대학정보공시,0310,재적학생현황,14,재적학생_정원외여자재학생수,재적학생_정원외여자재학생수,string,integer-like,공식 정의 미확인,원본 공란·기호의 의미는 공식 설명서 확인 필요,[],2009,2025,
대학정보공시,0310,재적학생현황,15,재적학생_정원내여자재학생수,재적학생_정원내여자재학생수,string,integer-like,공식 정의 미확인,원본 공란·기호의 의미는 공식 설명서 확인 필요,[],2009,2025,
대학정보공시,0310,재적학생현황,16,재적학생_정원외남자재학생수,재적학생_정원외남자재학생수,string,integer-like,공식 정의 미확인,원본 공란·기호의 의미는 공식 설명서 확인 필요,[],2009,2025,
대학정보공시,0310,재적학생현황,17,재적학생_정원내남자재학생수,재적학생_정원내남자재학생수,string,integer-like,공식 정의 미확인,원본 공란·기호의 의미는 공식 설명서 확인 필요,[],2009,2025,
대학정보공시,0316,중도탈락학생현황,1,조사년도,조사년도,string,integer-like,공식 정의 미확인,원본 공란·기호의 의미는 공식 설명서 확인 필요,[],2009,2025,candidate
대학정보공시,0316,중도탈락학생현황,2,학교구분명,학교구분명,string,string,공식 정의 미확인,원본 공란·기호의 의미는 공식 설명서 확인 필요,[],2009,2025,candidate
대학정보공시,0316,중도탈락학생현황,3,개방ID,개방ID,string,integer-like,공식 정의 미확인,원본 공란·기호의 의미는 공식 설명서 확인 필요,[],2009,2025,candidate
대학정보공시,0316,중도탈락학생현황,4,주야간계절구분명,주야간계절구분명,string,string,공식 정의 미확인,원본 공란·기호의 의미는 공식 설명서 확인 필요,[],2009,2025,
대학정보공시,0316,중도탈락학생현황,5,학과명,학과명,string,string,공식 정의 미확인,원본 공란·기호의 의미는 공식 설명서 확인 필요,[],2009,2025,candidate
대학정보공시,0316,중도탈락학생현황,6,학과상태명,학과상태명,string,string,공식 정의 미확인,원본 공란·기호의 의미는 공식 설명서 확인 필요,[],2009,2025,
대학정보공시,0316,중도탈락학생현황,7,학과특성명,학과특성명,string,string,공식 정의 미확인,원본 공란·기호의 의미는 공식 설명서 확인 필요,[],2009,2025,
대학정보공시,0316,중도탈락학생현황,8,학위과정구분명,학위과정구분명,string,string,공식 정의 미확인,원본 공란·기호의 의미는 공식 설명서 확인 필요,[],2009,2025,
대학정보공시,0316,중도탈락학생현황,9,단과대학명,단과대학명,string,string,공식 정의 미확인,원본 공란·기호의 의미는 공식 설명서 확인 필요,[],2009,2025,
대학정보공시,0316,중도탈락학생현황,10,적용년도,적용년도,string,integer-like,공식 정의 미확인,원본 공란·기호의 의미는 공식 설명서 확인 필요,[],2009,2025,candidate
대학정보공시,0316,중도탈락학생현황,11,신입생재적학생수,신입생재적학생수,string,integer-like,공식 정의 미확인,원본 공란·기호의 의미는 공식 설명서 확인 필요,[],2009,2025,
대학정보공시,0316,중도탈락학생현황,12,신입생미등록중도탈락자수,신입생미등록중도탈락자수,string,integer-like,공식 정의 미확인,원본 공란·기호의 의미는 공식 설명서 확인 필요,[],2009,2025,
대학정보공시,0316,중도탈락학생현황,13,신입생미복학중도탈락자수,신입생미복학중도탈락자수,string,integer-like,공식 정의 미확인,원본 공란·기호의 의미는 공식 설명서 확인 필요,[],2009,2025,
대학정보공시,0316,중도탈락학생현황,14,신입생자퇴중도탈락자수,신입생자퇴중도탈락자수,string,integer-like,공식 정의 미확인,원본 공란·기호의 의미는 공식 설명서 확인 필요,[],2009,2025,
대학정보공시,0316,중도탈락학생현황,15,신입생학사경고중도탈락자수,신입생학사경고중도탈락자수,string,integer-like,공식 정의 미확인,원본 공란·기호의 의미는 공식 설명서 확인 필요,[],2009,2025,
대학정보공시,0316,중도탈락학생현황,16,신입생학생활동중도탈락자수,신입생학생활동중도탈락자수,string,integer-like,공식 정의 미확인,원본 공란·기호의 의미는 공식 설명서 확인 필요,[],2009,2025,
대학정보공시,0316,중도탈락학생현황,17,신입생유급제정중도탈락자수,신입생유급제정중도탈락자수,string,integer-like,공식 정의 미확인,원본 공란·기호의 의미는 공식 설명서 확인 필요,[],2009,2025,
대학정보공시,0316,중도탈락학생현황,18,신입생재학연한초과중도탈락자수,신입생재학연한초과중도탈락자수,string,integer-like,공식 정의 미확인,원본 공란·기호의 의미는 공식 설명서 확인 필요,[],2009,2025,
대학정보공시,0316,중도탈락학생현황,19,신입생기타중도탈락자수,신입생기타중도탈락자수,string,integer-like,공식 정의 미확인,원본 공란·기호의 의미는 공식 설명서 확인 필요,[],2009,2025,
대학정보공시,0316,중도탈락학생현황,20,중도탈락학생_기타중도탈락자수,중도탈락학생_기타중도탈락자수,string,integer-like,공식 정의 미확인,원본 공란·기호의 의미는 공식 설명서 확인 필요,[],2009,2025,
대학정보공시,0316,중도탈락학생현황,21,중도탈락학생_재학연한초과중도탈락자수,중도탈락학생_재학연한초과중도탈락자수,string,integer-like,공식 정의 미확인,원본 공란·기호의 의미는 공식 설명서 확인 필요,[],2009,2025,
대학정보공시,0316,중도탈락학생현황,22,중도탈락학생_유급제적중도탈락자수,중도탈락학생_유급제적중도탈락자수,string,integer-like,공식 정의 미확인,원본 공란·기호의 의미는 공식 설명서 확인 필요,[],2009,2025,
대학정보공시,0316,중도탈락학생현황,23,중도탈락학생_학생활동중도탈락자수,중도탈락학생_학생활동중도탈락자수,string,integer-like,공식 정의 미확인,원본 공란·기호의 의미는 공식 설명서 확인 필요,[],2009,2025,
대학정보공시,0316,중도탈락학생현황,24,중도탈락학생_학사경고중도탈락자수,중도탈락학생_학사경고중도탈락자수,string,integer-like,공식 정의 미확인,원본 공란·기호의 의미는 공식 설명서 확인 필요,[],2009,2025,
대학정보공시,0316,중도탈락학생현황,25,중도탈락학생_자퇴중도탈락자수,중도탈락학생_자퇴중도탈락자수,string,integer-like,공식 정의 미확인,원본 공란·기호의 의미는 공식 설명서 확인 필요,[],2009,2025,
대학정보공시,0316,중도탈락학생현황,26,중도탈락학생_미복학중도탈락자수,중도탈락학생_미복학중도탈락자수,string,integer-like,공식 정의 미확인,원본 공란·기호의 의미는 공식 설명서 확인 필요,[],2009,2025,
대학정보공시,0316,중도탈락학생현황,27,중도탈락학생_미등록중도탈락자수,중도탈락학생_미등록중도탈락자수,string,integer-like,공식 정의 미확인,원본 공란·기호의 의미는 공식 설명서 확인 필요,[],2009,2025,
대학정보공시,0316,중도탈락학생현황,28,중도탈락학생_재적학생수,중도탈락학생_재적학생수,string,integer-like,공식 정의 미확인,원본 공란·기호의 의미는 공식 설명서 확인 필요,[],2009,2025,
대학정보공시,0502,전체교원대비전임교원현황,1,조사년도,조사년도,string,integer-like,공식 정의 미확인,원본 공란·기호의 의미는 공식 설명서 확인 필요,[],2009,2025,candidate
대학정보공시,0502,전체교원대비전임교원현황,2,학교구분명,학교구분명,string,string,공식 정의 미확인,원본 공란·기호의 의미는 공식 설명서 확인 필요,[],2009,2025,candidate
대학정보공시,0502,전체교원대비전임교원현황,3,개방ID,개방ID,string,integer-like,공식 정의 미확인,원본 공란·기호의 의미는 공식 설명서 확인 필요,[],2009,2025,candidate
대학정보공시,0502,전체교원대비전임교원현황,4,학과한글명,학과한글명,string,string,공식 정의 미확인,원본 공란·기호의 의미는 공식 설명서 확인 필요,[],2009,2025,
대학정보공시,0502,전체교원대비전임교원현황,5,단과대학명,단과대학명,string,string,공식 정의 미확인,원본 공란·기호의 의미는 공식 설명서 확인 필요,[],2009,2025,
대학정보공시,0502,전체교원대비전임교원현황,6,적용년도,적용년도,string,integer-like,공식 정의 미확인,원본 공란·기호의 의미는 공식 설명서 확인 필요,[],2009,2025,candidate
대학정보공시,0502,전체교원대비전임교원현황,7,학부여자비전임겸임교원수,학부여자비전임겸임교원수,string,integer-like,공식 정의 미확인,원본 공란·기호의 의미는 공식 설명서 확인 필요,[],2009,2025,
대학정보공시,0502,전체교원대비전임교원현황,8,학부남자초빙비전임교원수,학부남자초빙비전임교원수,string,integer-like,공식 정의 미확인,원본 공란·기호의 의미는 공식 설명서 확인 필요,[],2009,2025,
대학정보공시,0502,전체교원대비전임교원현황,9,학부여자초빙비전임교원수,학부여자초빙비전임교원수,string,integer-like,공식 정의 미확인,원본 공란·기호의 의미는 공식 설명서 확인 필요,[],2009,2025,
대학정보공시,0502,전체교원대비전임교원현황,10,대학원여자전임강사전임교원수,대학원여자전임강사전임교원수,string,integer-like,공식 정의 미확인,원본 공란·기호의 의미는 공식 설명서 확인 필요,[],2009,2025,
대학정보공시,0502,전체교원대비전임교원현황,11,대학원남자전임강사전임교원수,대학원남자전임강사전임교원수,string,integer-like,공식 정의 미확인,원본 공란·기호의 의미는 공식 설명서 확인 필요,[],2009,2025,
대학정보공시,0502,전체교원대비전임교원현황,12,대학원여자조교수전임교원수,대학원여자조교수전임교원수,string,integer-like,공식 정의 미확인,원본 공란·기호의 의미는 공식 설명서 확인 필요,[],2009,2025,
대학정보공시,0502,전체교원대비전임교원현황,13,대학원남자조교수전임교원수,대학원남자조교수전임교원수,string,integer-like,공식 정의 미확인,원본 공란·기호의 의미는 공식 설명서 확인 필요,[],2009,2025,
대학정보공시,0502,전체교원대비전임교원현황,14,대학원여자부교수전임교원수,대학원여자부교수전임교원수,string,integer-like,공식 정의 미확인,원본 공란·기호의 의미는 공식 설명서 확인 필요,[],2009,2025,
대학정보공시,0502,전체교원대비전임교원현황,15,대학원남자부교수전임교원수,대학원남자부교수전임교원수,string,integer-like,공식 정의 미확인,원본 공란·기호의 의미는 공식 설명서 확인 필요,[],2009,2025,
대학정보공시,0502,전체교원대비전임교원현황,16,대학원여자교수전임교원수,대학원여자교수전임교원수,string,integer-like,공식 정의 미확인,원본 공란·기호의 의미는 공식 설명서 확인 필요,[],2009,2025,
대학정보공시,0502,전체교원대비전임교원현황,17,대학원남자교수전임교원수,대학원남자교수전임교원수,string,integer-like,공식 정의 미확인,원본 공란·기호의 의미는 공식 설명서 확인 필요,[],2009,2025,
대학정보공시,0502,전체교원대비전임교원현황,18,학부여자기타비전임교원수,학부여자기타비전임교원수,string,integer-like,공식 정의 미확인,원본 공란·기호의 의미는 공식 설명서 확인 필요,[],2009,2025,
대학정보공시,0502,전체교원대비전임교원현황,19,대학원남자명예교수비전임교원수,대학원남자명예교수비전임교원수,string,integer-like,공식 정의 미확인,원본 공란·기호의 의미는 공식 설명서 확인 필요,[],2009,2025,
대학정보공시,0502,전체교원대비전임교원현황,20,대학원여자명예교수비전임교원수,대학원여자명예교수비전임교원수,string,integer-like,공식 정의 미확인,원본 공란·기호의 의미는 공식 설명서 확인 필요,[],2009,2025,
대학정보공시,0502,전체교원대비전임교원현황,21,대학원남자비전임겸임교원수,대학원남자비전임겸임교원수,string,integer-like,공식 정의 미확인,원본 공란·기호의 의미는 공식 설명서 확인 필요,[],2009,2025,
대학정보공시,0502,전체교원대비전임교원현황,22,대학원여자비전임겸임교원수,대학원여자비전임겸임교원수,string,integer-like,공식 정의 미확인,원본 공란·기호의 의미는 공식 설명서 확인 필요,[],2009,2025,
대학정보공시,0502,전체교원대비전임교원현황,23,대학원남자초빙비전임교원수,대학원남자초빙비전임교원수,string,integer-like,공식 정의 미확인,원본 공란·기호의 의미는 공식 설명서 확인 필요,[],2009,2025,
대학정보공시,0502,전체교원대비전임교원현황,24,대학원여자초빙비전임교원수,대학원여자초빙비전임교원수,string,integer-like,공식 정의 미확인,원본 공란·기호의 의미는 공식 설명서 확인 필요,[],2009,2025,
대학정보공시,0502,전체교원대비전임교원현황,25,대학원남자시간강사비전임교원수,대학원남자시간강사비전임교원수,string,integer-like,공식 정의 미확인,원본 공란·기호의 의미는 공식 설명서 확인 필요,[],2009,2025,
대학정보공시,0502,전체교원대비전임교원현황,26,대학원여자시간강사비전임교원수,대학원여자시간강사비전임교원수,string,integer-like,공식 정의 미확인,원본 공란·기호의 의미는 공식 설명서 확인 필요,[],2009,2025,
대학정보공시,0502,전체교원대비전임교원현황,27,대학원남자기타비전임교원수,대학원남자기타비전임교원수,string,integer-like,공식 정의 미확인,원본 공란·기호의 의미는 공식 설명서 확인 필요,[],2009,2025,
대학정보공시,0502,전체교원대비전임교원현황,28,대학원여자기타비전임교원수,대학원여자기타비전임교원수,string,integer-like,공식 정의 미확인,원본 공란·기호의 의미는 공식 설명서 확인 필요,[],2009,2025,
대학정보공시,0502,전체교원대비전임교원현황,29,학부남자기타비전임교원수,학부남자기타비전임교원수,string,integer-like,공식 정의 미확인,원본 공란·기호의 의미는 공식 설명서 확인 필요,[],2009,2025,
대학정보공시,0502,전체교원대비전임교원현황,30,학부여자시간강사비전임교원수,학부여자시간강사비전임교원수,string,integer-like,공식 정의 미확인,원본 공란·기호의 의미는 공식 설명서 확인 필요,[],2009,2025,
대학정보공시,0502,전체교원대비전임교원현황,31,학부남자시간강사비전임교원수,학부남자시간강사비전임교원수,string,integer-like,공식 정의 미확인,원본 공란·기호의 의미는 공식 설명서 확인 필요,[],2009,2025,
대학정보공시,0502,전체교원대비전임교원현황,32,학부남자교수전임교원수,학부남자교수전임교원수,string,integer-like,공식 정의 미확인,원본 공란·기호의 의미는 공식 설명서 확인 필요,[],2009,2025,
대학정보공시,0502,전체교원대비전임교원현황,33,학부여자교수전임교원수,학부여자교수전임교원수,string,integer-like,공식 정의 미확인,원본 공란·기호의 의미는 공식 설명서 확인 필요,[],2009,2025,
대학정보공시,0502,전체교원대비전임교원현황,34,학부남자부교수전임교원수,학부남자부교수전임교원수,string,integer-like,공식 정의 미확인,원본 공란·기호의 의미는 공식 설명서 확인 필요,[],2009,2025,
대학정보공시,0502,전체교원대비전임교원현황,35,학부여자부교수전임교원수,학부여자부교수전임교원수,string,integer-like,공식 정의 미확인,원본 공란·기호의 의미는 공식 설명서 확인 필요,[],2009,2025,
대학정보공시,0502,전체교원대비전임교원현황,36,학부남자조교수전임교원수,학부남자조교수전임교원수,string,integer-like,공식 정의 미확인,원본 공란·기호의 의미는 공식 설명서 확인 필요,[],2009,2025,
대학정보공시,0502,전체교원대비전임교원현황,37,학부여자조교수전임교원수,학부여자조교수전임교원수,string,integer-like,공식 정의 미확인,원본 공란·기호의 의미는 공식 설명서 확인 필요,[],2009,2025,
대학정보공시,0502,전체교원대비전임교원현황,38,학부남자전임강사전임교원수,학부남자전임강사전임교원수,string,integer-like,공식 정의 미확인,원본 공란·기호의 의미는 공식 설명서 확인 필요,[],2009,2025,
대학정보공시,0502,전체교원대비전임교원현황,39,학부여자전임강사전임교원수,학부여자전임강사전임교원수,string,integer-like,공식 정의 미확인,원본 공란·기호의 의미는 공식 설명서 확인 필요,[],2009,2025,
대학정보공시,0502,전체교원대비전임교원현황,40,학부남자명예교수비전임교원수,학부남자명예교수비전임교원수,string,integer-like,공식 정의 미확인,원본 공란·기호의 의미는 공식 설명서 확인 필요,[],2009,2025,
대학정보공시,0502,전체교원대비전임교원현황,41,학부여자명예교수비전임교원수,학부여자명예교수비전임교원수,string,integer-like,공식 정의 미확인,원본 공란·기호의 의미는 공식 설명서 확인 필요,[],2009,2025,
대학정보공시,0502,전체교원대비전임교원현황,42,학부남자비전임겸임교원수,학부남자비전임겸임교원수,string,integer-like,공식 정의 미확인,원본 공란·기호의 의미는 공식 설명서 확인 필요,[],2009,2025,
대학정보공시,0503,전임교원1인당학생현황,1,조사년도,조사년도,string,integer-like,공식 정의 미확인,원본 공란·기호의 의미는 공식 설명서 확인 필요,[],2009,2025,candidate
대학정보공시,0503,전임교원1인당학생현황,2,학교구분명,학교구분명,string,string,공식 정의 미확인,원본 공란·기호의 의미는 공식 설명서 확인 필요,[],2009,2025,candidate
대학정보공시,0503,전임교원1인당학생현황,3,개방ID,개방ID,string,integer-like,공식 정의 미확인,원본 공란·기호의 의미는 공식 설명서 확인 필요,[],2009,2025,candidate
대학정보공시,0503,전임교원1인당학생현황,4,대학계열명,대학계열명,string,string,공식 정의 미확인,원본 공란·기호의 의미는 공식 설명서 확인 필요,[],2009,2025,
대학정보공시,0503,전임교원1인당학생현황,5,적용년도,적용년도,string,integer-like,공식 정의 미확인,원본 공란·기호의 의미는 공식 설명서 확인 필요,[],2009,2025,candidate
대학정보공시,0503,전임교원1인당학생현황,6,대학원재학생기준법정정원교원수,대학원재학생기준법정정원교원수,string,integer-like,공식 정의 미확인,원본 공란·기호의 의미는 공식 설명서 확인 필요,[],2009,2025,
대학정보공시,0503,전임교원1인당학생현황,7,대학원학생정원기준법정정원교원수,대학원학생정원기준법정정원교원수,string,integer-like,공식 정의 미확인,원본 공란·기호의 의미는 공식 설명서 확인 필요,[],2009,2025,
대학정보공시,0503,전임교원1인당학생현황,8,학부재학생기준법정정원교원수,학부재학생기준법정정원교원수,string,integer-like,공식 정의 미확인,원본 공란·기호의 의미는 공식 설명서 확인 필요,[],2009,2025,
대학정보공시,0503,전임교원1인당학생현황,9,학부학생정원기준법정정원교원수,학부학생정원기준법정정원교원수,string,integer-like,공식 정의 미확인,원본 공란·기호의 의미는 공식 설명서 확인 필요,[],2009,2025,
대학정보공시,0503,전임교원1인당학생현황,10,재학생기준전임교원수,재학생기준전임교원수,string,integer-like,공식 정의 미확인,원본 공란·기호의 의미는 공식 설명서 확인 필요,[],2009,2025,
대학정보공시,0503,전임교원1인당학생현황,11,1인당학생_전임교원수,1인당학생_전임교원수,string,integer-like,공식 정의 미확인,원본 공란·기호의 의미는 공식 설명서 확인 필요,[],2009,2025,
대학정보공시,0503,전임교원1인당학생현황,12,대학원재학생수,대학원재학생수,string,integer-like,공식 정의 미확인,원본 공란·기호의 의미는 공식 설명서 확인 필요,[],2009,2025,
대학정보공시,0503,전임교원1인당학생현황,13,대학원편제정원수,대학원편제정원수,string,integer-like,공식 정의 미확인,원본 공란·기호의 의미는 공식 설명서 확인 필요,[],2009,2025,
대학정보공시,0503,전임교원1인당학생현황,14,1인당학생_학부재학생수,1인당학생_학부재학생수,string,integer-like,공식 정의 미확인,원본 공란·기호의 의미는 공식 설명서 확인 필요,[],2009,2025,
대학정보공시,0503,전임교원1인당학생현황,15,1인당학생_학부편제정원수,1인당학생_학부편제정원수,string,integer-like,공식 정의 미확인,원본 공란·기호의 의미는 공식 설명서 확인 필요,[],2009,2025,
대학정보공시,0601,국내외학술지게재논문실적,1,조사년도,조사년도,string,integer-like,공식 정의 미확인,원본 공란·기호의 의미는 공식 설명서 확인 필요,[],2009,2025,candidate
대학정보공시,0601,국내외학술지게재논문실적,2,학교구분명,학교구분명,string,string,공식 정의 미확인,원본 공란·기호의 의미는 공식 설명서 확인 필요,[],2009,2025,candidate
대학정보공시,0601,국내외학술지게재논문실적,3,개방ID,개방ID,string,integer-like,공식 정의 미확인,원본 공란·기호의 의미는 공식 설명서 확인 필요,[],2009,2025,candidate
대학정보공시,0601,국내외학술지게재논문실적,4,학과한글명,학과한글명,string,string,공식 정의 미확인,원본 공란·기호의 의미는 공식 설명서 확인 필요,[],2009,2025,
대학정보공시,0601,국내외학술지게재논문실적,5,적용년도,적용년도,string,integer-like,공식 정의 미확인,원본 공란·기호의 의미는 공식 설명서 확인 필요,[],2009,2025,candidate
대학정보공시,0601,국내외학술지게재논문실적,6,역서수_2017년이후_여자,역서수_2017년이후_여자,string,decimal-like,공식 정의 미확인,원본 공란·기호의 의미는 공식 설명서 확인 필요,[],2009,2025,
대학정보공시,0601,국내외학술지게재논문실적,7,저서수_2017년이후_남자,저서수_2017년이후_남자,string,decimal-like,공식 정의 미확인,원본 공란·기호의 의미는 공식 설명서 확인 필요,[],2009,2025,
대학정보공시,0601,국내외학술지게재논문실적,8,여자역서수,여자역서수,string,decimal-like,공식 정의 미확인,원본 공란·기호의 의미는 공식 설명서 확인 필요,[],2009,2025,
대학정보공시,0601,국내외학술지게재논문실적,9,여자저서수,여자저서수,string,decimal-like,공식 정의 미확인,원본 공란·기호의 의미는 공식 설명서 확인 필요,[],2009,2025,
대학정보공시,0601,국내외학술지게재논문실적,10,여자기타국제발간일반학술지등재건수,여자기타국제발간일반학술지등재건수,string,decimal-like,공식 정의 미확인,원본 공란·기호의 의미는 공식 설명서 확인 필요,[],2009,2025,
대학정보공시,0601,국내외학술지게재논문실적,11,여자국제SCI급학술지등재건수,여자국제SCI급학술지등재건수,string,decimal-like,공식 정의 미확인,원본 공란·기호의 의미는 공식 설명서 확인 필요,[],2009,2025,
대학정보공시,0601,국내외학술지게재논문실적,12,여자기타국내발간일반학술지등재건수,여자기타국내발간일반학술지등재건수,string,decimal-like,공식 정의 미확인,원본 공란·기호의 의미는 공식 설명서 확인 필요,[],2009,2025,
대학정보공시,0601,국내외학술지게재논문실적,13,여자국내학술진흥재단등재건수,여자국내학술진흥재단등재건수,string,decimal-like,공식 정의 미확인,원본 공란·기호의 의미는 공식 설명서 확인 필요,[],2009,2025,
대학정보공시,0601,국내외학술지게재논문실적,14,여자전임교원수,여자전임교원수,string,integer-like,공식 정의 미확인,원본 공란·기호의 의미는 공식 설명서 확인 필요,[],2009,2025,
대학정보공시,0601,국내외학술지게재논문실적,15,기타국제발간일반학술지등재건수_2017년이후_남자,기타국제발간일반학술지등재건수_2017년이후_남자,string,decimal-like,공식 정의 미확인,원본 공란·기호의 의미는 공식 설명서 확인 필요,[],2009,2025,
대학정보공시,0601,국내외학술지게재논문실적,16,국제SCOPUS학술지등재건수_2017년이후_남자,국제SCOPUS학술지등재건수_2017년이후_남자,string,decimal-like,공식 정의 미확인,원본 공란·기호의 의미는 공식 설명서 확인 필요,[],2009,2025,
대학정보공시,0601,국내외학술지게재논문실적,17,전임교원수_2017년이후_남자,전임교원수_2017년이후_남자,string,integer-like,공식 정의 미확인,원본 공란·기호의 의미는 공식 설명서 확인 필요,[],2009,2025,
대학정보공시,0601,국내외학술지게재논문실적,18,국내학술진흥재단등재건수_2017년이후_남자,국내학술진흥재단등재건수_2017년이후_남자,string,decimal-like,공식 정의 미확인,원본 공란·기호의 의미는 공식 설명서 확인 필요,[],2009,2025,
대학정보공시,0601,국내외학술지게재논문실적,19,기타국내발간일반학술지등재건수_2017년이후_남자,기타국내발간일반학술지등재건수_2017년이후_남자,string,decimal-like,공식 정의 미확인,원본 공란·기호의 의미는 공식 설명서 확인 필요,[],2009,2025,
대학정보공시,0601,국내외학술지게재논문실적,20,국제SCI급학술지등재건수_2017년이후_남자,국제SCI급학술지등재건수_2017년이후_남자,string,decimal-like,공식 정의 미확인,원본 공란·기호의 의미는 공식 설명서 확인 필요,[],2009,2025,
대학정보공시,0714,등록금현황,1,조사년도,조사년도,string,integer-like,공식 정의 미확인,원본 공란·기호의 의미는 공식 설명서 확인 필요,[],2009,2025,candidate
대학정보공시,0714,등록금현황,2,학교구분명,학교구분명,string,string,공식 정의 미확인,원본 공란·기호의 의미는 공식 설명서 확인 필요,[],2009,2025,candidate
대학정보공시,0714,등록금현황,3,개방ID,개방ID,string,integer-like,공식 정의 미확인,원본 공란·기호의 의미는 공식 설명서 확인 필요,[],2009,2025,candidate
대학정보공시,0714,등록금현황,4,주야간계절구분명,주야간계절구분명,string,string,공식 정의 미확인,원본 공란·기호의 의미는 공식 설명서 확인 필요,[],2009,2025,
대학정보공시,0714,등록금현황,5,학과명,학과명,string,string,공식 정의 미확인,원본 공란·기호의 의미는 공식 설명서 확인 필요,"[""""]",2009,2025,candidate
대학정보공시,0714,등록금현황,6,학과상태명,학과상태명,string,string,공식 정의 미확인,원본 공란·기호의 의미는 공식 설명서 확인 필요,[],2009,2025,
대학정보공시,0714,등록금현황,7,학과특성명,학과특성명,string,string,공식 정의 미확인,원본 공란·기호의 의미는 공식 설명서 확인 필요,[],2009,2025,
대학정보공시,0714,등록금현황,8,학위과정구분명,학위과정구분명,string,string,공식 정의 미확인,원본 공란·기호의 의미는 공식 설명서 확인 필요,[],2009,2025,
대학정보공시,0714,등록금현황,9,단과대학명,단과대학명,string,string,공식 정의 미확인,원본 공란·기호의 의미는 공식 설명서 확인 필요,[],2009,2025,
대학정보공시,0714,등록금현황,10,학년구분명,학년구분명,string,string,공식 정의 미확인,원본 공란·기호의 의미는 공식 설명서 확인 필요,[],2009,2025,
대학정보공시,0714,등록금현황,11,적용년도,적용년도,string,integer-like,공식 정의 미확인,원본 공란·기호의 의미는 공식 설명서 확인 필요,[],2009,2025,candidate
대학정보공시,0714,등록금현황,12,등록금_전년도입학정원수,등록금_전년도입학정원수,string,integer-like,공식 정의 미확인,원본 공란·기호의 의미는 공식 설명서 확인 필요,[],2009,2025,
대학정보공시,0714,등록금현황,13,등록금_입학정원수,등록금_입학정원수,string,integer-like,공식 정의 미확인,원본 공란·기호의 의미는 공식 설명서 확인 필요,[],2009,2025,
대학정보공시,0714,등록금현황,14,등록금_전학년도등록금,등록금_전학년도등록금,string,integer-like,공식 정의 미확인,원본 공란·기호의 의미는 공식 설명서 확인 필요,[],2009,2025,
대학정보공시,0714,등록금현황,15,등록금_기성회비,등록금_기성회비,string,decimal-like,공식 정의 미확인,원본 공란·기호의 의미는 공식 설명서 확인 필요,[],2009,2025,
대학정보공시,0714,등록금현황,16,등록금_수업료,등록금_수업료,string,decimal-like,공식 정의 미확인,원본 공란·기호의 의미는 공식 설명서 확인 필요,[],2009,2025,
대학정보공시,0714,등록금현황,17,등록금_입학금,등록금_입학금,string,decimal-like,공식 정의 미확인,원본 공란·기호의 의미는 공식 설명서 확인 필요,[],2009,2025,
대학정보공시,1014,연구비수혜실적,1,조사년도,조사년도,string,integer-like,공식 정의 미확인,원본 공란·기호의 의미는 공식 설명서 확인 필요,[],2009,2025,candidate
대학정보공시,1014,연구비수혜실적,2,학교구분명,학교구분명,string,string,공식 정의 미확인,원본 공란·기호의 의미는 공식 설명서 확인 필요,[],2009,2025,candidate
대학정보공시,1014,연구비수혜실적,3,개방ID,개방ID,string,integer-like,공식 정의 미확인,원본 공란·기호의 의미는 공식 설명서 확인 필요,[],2009,2025,candidate
대학정보공시,1014,연구비수혜실적,4,적용년도,적용년도,string,integer-like,공식 정의 미확인,원본 공란·기호의 의미는 공식 설명서 확인 필요,[],2009,2025,candidate
대학정보공시,1014,연구비수혜실적,5,교외대응자금_2017년이후_남자,교외대응자금_2017년이후_남자,string,integer-like,공식 정의 미확인,원본 공란·기호의 의미는 공식 설명서 확인 필요,[],2009,2025,
대학정보공시,1014,연구비수혜실적,6,여자전임교원수,여자전임교원수,string,integer-like,공식 정의 미확인,원본 공란·기호의 의미는 공식 설명서 확인 필요,[],2009,2025,
대학정보공시,1014,연구비수혜실적,7,여자교내과제수,여자교내과제수,string,integer-like,공식 정의 미확인,원본 공란·기호의 의미는 공식 설명서 확인 필요,[],2009,2025,
대학정보공시,1014,연구비수혜실적,8,여자교내연구비,여자교내연구비,string,integer-like,공식 정의 미확인,원본 공란·기호의 의미는 공식 설명서 확인 필요,[],2009,2025,
대학정보공시,1014,연구비수혜실적,9,여자교외중앙정부과제수,여자교외중앙정부과제수,string,integer-like,공식 정의 미확인,원본 공란·기호의 의미는 공식 설명서 확인 필요,[],2009,2025,
대학정보공시,1014,연구비수혜실적,10,여자교외중앙정부연구비,여자교외중앙정부연구비,string,integer-like,공식 정의 미확인,원본 공란·기호의 의미는 공식 설명서 확인 필요,[],2009,2025,
대학정보공시,1014,연구비수혜실적,11,여자교외지방자치단체과제수,여자교외지방자치단체과제수,string,integer-like,공식 정의 미확인,원본 공란·기호의 의미는 공식 설명서 확인 필요,[],2009,2025,
대학정보공시,1014,연구비수혜실적,12,여자교외지방자치단체연구비,여자교외지방자치단체연구비,string,integer-like,공식 정의 미확인,원본 공란·기호의 의미는 공식 설명서 확인 필요,[],2009,2025,
대학정보공시,1014,연구비수혜실적,13,여자교외민간과제수,여자교외민간과제수,string,integer-like,공식 정의 미확인,원본 공란·기호의 의미는 공식 설명서 확인 필요,[],2009,2025,
대학정보공시,1014,연구비수혜실적,14,여자교외민간연구비,여자교외민간연구비,string,integer-like,공식 정의 미확인,원본 공란·기호의 의미는 공식 설명서 확인 필요,[],2009,2025,
대학정보공시,1014,연구비수혜실적,15,여자교외외국과제수,여자교외외국과제수,string,integer-like,공식 정의 미확인,원본 공란·기호의 의미는 공식 설명서 확인 필요,[],2009,2025,
대학정보공시,1014,연구비수혜실적,16,여자교외외국연구비,여자교외외국연구비,string,integer-like,공식 정의 미확인,원본 공란·기호의 의미는 공식 설명서 확인 필요,[],2009,2025,
대학정보공시,1014,연구비수혜실적,17,여자교내대응자금,여자교내대응자금,string,integer-like,공식 정의 미확인,원본 공란·기호의 의미는 공식 설명서 확인 필요,[],2009,2025,
대학정보공시,1014,연구비수혜실적,18,여자교외대응자금,여자교외대응자금,string,integer-like,공식 정의 미확인,원본 공란·기호의 의미는 공식 설명서 확인 필요,[],2009,2025,
대학정보공시,1014,연구비수혜실적,19,교내대응자금_2017년이후_남자,교내대응자금_2017년이후_남자,string,integer-like,공식 정의 미확인,원본 공란·기호의 의미는 공식 설명서 확인 필요,[],2009,2025,
대학정보공시,1014,연구비수혜실적,20,교외외국연구비_2017년이후_남자,교외외국연구비_2017년이후_남자,string,integer-like,공식 정의 미확인,원본 공란·기호의 의미는 공식 설명서 확인 필요,[],2009,2025,
대학정보공시,1014,연구비수혜실적,21,교외외국과제수_2017년이후_남자,교외외국과제수_2017년이후_남자,string,integer-like,공식 정의 미확인,원본 공란·기호의 의미는 공식 설명서 확인 필요,[],2009,2025,
대학정보공시,1014,연구비수혜실적,22,전임교원수_2017년이후_남자,전임교원수_2017년이후_남자,string,integer-like,공식 정의 미확인,원본 공란·기호의 의미는 공식 설명서 확인 필요,[],2009,2025,
대학정보공시,1014,연구비수혜실적,23,교내과제수_2017년이후_남자,교내과제수_2017년이후_남자,string,integer-like,공식 정의 미확인,원본 공란·기호의 의미는 공식 설명서 확인 필요,[],2009,2025,
대학정보공시,1014,연구비수혜실적,24,교내연구비_2017년이후_남자,교내연구비_2017년이후_남자,string,integer-like,공식 정의 미확인,원본 공란·기호의 의미는 공식 설명서 확인 필요,[],2009,2025,
대학정보공시,1014,연구비수혜실적,25,교외중앙정부과제수_2017년이후_남자,교외중앙정부과제수_2017년이후_남자,string,integer-like,공식 정의 미확인,원본 공란·기호의 의미는 공식 설명서 확인 필요,[],2009,2025,
대학정보공시,1014,연구비수혜실적,26,교외중앙정부연구비_2017년이후_남자,교외중앙정부연구비_2017년이후_남자,string,integer-like,공식 정의 미확인,원본 공란·기호의 의미는 공식 설명서 확인 필요,[],2009,2025,
대학정보공시,1014,연구비수혜실적,27,교외지방자치단체과제수_2017년이후_남자,교외지방자치단체과제수_2017년이후_남자,string,integer-like,공식 정의 미확인,원본 공란·기호의 의미는 공식 설명서 확인 필요,[],2009,2025,
대학정보공시,1014,연구비수혜실적,28,교외지방자치단체연구비_2017년이후_남자,교외지방자치단체연구비_2017년이후_남자,string,integer-like,공식 정의 미확인,원본 공란·기호의 의미는 공식 설명서 확인 필요,[],2009,2025,
대학정보공시,1014,연구비수혜실적,29,교외민간과제수_2017년이후_남자,교외민간과제수_2017년이후_남자,string,integer-like,공식 정의 미확인,원본 공란·기호의 의미는 공식 설명서 확인 필요,[],2009,2025,
대학정보공시,1014,연구비수혜실적,30,교외민간연구비_2017년이후_남자,교외민간연구비_2017년이후_남자,string,integer-like,공식 정의 미확인,원본 공란·기호의 의미는 공식 설명서 확인 필요,[],2009,2025,
대학정보공시,1016,장학금수혜현황,1,조사년도,조사년도,string,integer-like,공식 정의 미확인,원본 공란·기호의 의미는 공식 설명서 확인 필요,[],2009,2025,candidate
대학정보공시,1016,장학금수혜현황,2,학교구분명,학교구분명,string,string,공식 정의 미확인,원본 공란·기호의 의미는 공식 설명서 확인 필요,[],2009,2025,candidate
대학정보공시,1016,장학금수혜현황,3,개방ID,개방ID,string,integer-like,공식 정의 미확인,원본 공란·기호의 의미는 공식 설명서 확인 필요,[],2009,2025,candidate
대학정보공시,1016,장학금수혜현황,4,주야간계절구분명,주야간계절구분명,string,string,공식 정의 미확인,원본 공란·기호의 의미는 공식 설명서 확인 필요,[],2009,2025,
대학정보공시,1016,장학금수혜현황,5,학과명,학과명,string,string,공식 정의 미확인,원본 공란·기호의 의미는 공식 설명서 확인 필요,[],2009,2025,candidate
대학정보공시,1016,장학금수혜현황,6,학과상태명,학과상태명,string,string,공식 정의 미확인,원본 공란·기호의 의미는 공식 설명서 확인 필요,[],2009,2025,
대학정보공시,1016,장학금수혜현황,7,학과특성명,학과특성명,string,string,공식 정의 미확인,원본 공란·기호의 의미는 공식 설명서 확인 필요,[],2009,2025,
대학정보공시,1016,장학금수혜현황,8,학위과정구분명,학위과정구분명,string,string,공식 정의 미확인,원본 공란·기호의 의미는 공식 설명서 확인 필요,[],2009,2025,
대학정보공시,1016,장학금수혜현황,9,단과대학명,단과대학명,string,string,공식 정의 미확인,원본 공란·기호의 의미는 공식 설명서 확인 필요,[],2009,2025,
대학정보공시,1016,장학금수혜현황,10,학기구분명,학기구분명,string,string,공식 정의 미확인,원본 공란·기호의 의미는 공식 설명서 확인 필요,[],2009,2025,
대학정보공시,1016,장학금수혜현황,11,적용년도,적용년도,string,integer-like,공식 정의 미확인,원본 공란·기호의 의미는 공식 설명서 확인 필요,[],2009,2025,candidate
대학정보공시,1016,장학금수혜현황,12,재난장학금액,재난장학금액,string,integer-like,공식 정의 미확인,원본 공란·기호의 의미는 공식 설명서 확인 필요,[],2009,2025,
대학정보공시,1016,장학금수혜현황,13,장학금수혜_재학생수,장학금수혜_재학생수,string,integer-like,공식 정의 미확인,원본 공란·기호의 의미는 공식 설명서 확인 필요,[],2009,2025,
대학정보공시,1016,장학금수혜현황,14,장학금수혜_국가장학금인원수,장학금수혜_국가장학금인원수,string,integer-like,공식 정의 미확인,원본 공란·기호의 의미는 공식 설명서 확인 필요,[],2009,2025,
대학정보공시,1016,장학금수혜현황,15,장학금수혜_국가장학금액,장학금수혜_국가장학금액,string,integer-like,공식 정의 미확인,원본 공란·기호의 의미는 공식 설명서 확인 필요,[],2009,2025,
대학정보공시,1016,장학금수혜현황,16,장학금수혜_지방자치단체장학금인원수,장학금수혜_지방자치단체장학금인원수,string,integer-like,공식 정의 미확인,원본 공란·기호의 의미는 공식 설명서 확인 필요,[],2009,2025,
대학정보공시,1016,장학금수혜현황,17,장학금수혜_지방자치단체장학금액,장학금수혜_지방자치단체장학금액,string,integer-like,공식 정의 미확인,원본 공란·기호의 의미는 공식 설명서 확인 필요,[],2009,2025,
대학정보공시,1016,장학금수혜현황,18,장학금수혜_시설및기타장학금인원수,장학금수혜_시설및기타장학금인원수,string,integer-like,공식 정의 미확인,원본 공란·기호의 의미는 공식 설명서 확인 필요,[],2009,2025,
대학정보공시,1016,장학금수혜현황,19,장학금수혜_시설및기타장학금액,장학금수혜_시설및기타장학금액,string,integer-like,공식 정의 미확인,원본 공란·기호의 의미는 공식 설명서 확인 필요,[],2009,2025,
대학정보공시,1016,장학금수혜현황,20,장학금수혜_내부장학금인원수,장학금수혜_내부장학금인원수,string,integer-like,공식 정의 미확인,원본 공란·기호의 의미는 공식 설명서 확인 필요,[],2009,2025,
대학정보공시,1016,장학금수혜현황,21,장학금수혜_내부장학금액,장학금수혜_내부장학금액,string,integer-like,공식 정의 미확인,원본 공란·기호의 의미는 공식 설명서 확인 필요,[],2009,2025,
대학정보공시,1016,장학금수혜현황,22,근로장학금인원수,근로장학금인원수,string,integer-like,공식 정의 미확인,원본 공란·기호의 의미는 공식 설명서 확인 필요,[],2009,2025,
대학정보공시,1016,장학금수혜현황,23,근로장학금액,근로장학금액,string,integer-like,공식 정의 미확인,원본 공란·기호의 의미는 공식 설명서 확인 필요,[],2009,2025,
대학정보공시,1016,장학금수혜현황,24,장학금수혜_우수장학금인원수,장학금수혜_우수장학금인원수,string,integer-like,공식 정의 미확인,원본 공란·기호의 의미는 공식 설명서 확인 필요,[],2009,2025,
대학정보공시,1016,장학금수혜현황,25,장학금수혜_우수장학금액,장학금수혜_우수장학금액,string,integer-like,공식 정의 미확인,원본 공란·기호의 의미는 공식 설명서 확인 필요,[],2009,2025,
대학정보공시,1016,장학금수혜현황,26,장학금수혜_저소득장학금인원수,장학금수혜_저소득장학금인원수,string,integer-like,공식 정의 미확인,원본 공란·기호의 의미는 공식 설명서 확인 필요,[],2009,2025,
대학정보공시,1016,장학금수혜현황,27,장학금수혜_저소득장학금액,장학금수혜_저소득장학금액,string,integer-like,공식 정의 미확인,원본 공란·기호의 의미는 공식 설명서 확인 필요,[],2009,2025,
대학정보공시,1016,장학금수혜현황,28,장학금수혜_봉사장학금인원수,장학금수혜_봉사장학금인원수,string,integer-like,공식 정의 미확인,원본 공란·기호의 의미는 공식 설명서 확인 필요,[],2009,2025,
대학정보공시,1016,장학금수혜현황,29,장학금수혜_봉사장학금액,장학금수혜_봉사장학금액,string,integer-like,공식 정의 미확인,원본 공란·기호의 의미는 공식 설명서 확인 필요,[],2009,2025,
대학정보공시,1016,장학금수혜현황,30,장학금수혜_기타장학금인원수,장학금수혜_기타장학금인원수,string,integer-like,공식 정의 미확인,원본 공란·기호의 의미는 공식 설명서 확인 필요,[],2009,2025,
대학정보공시,1016,장학금수혜현황,31,장학금수혜_기타장학금액,장학금수혜_기타장학금액,string,integer-like,공식 정의 미확인,원본 공란·기호의 의미는 공식 설명서 확인 필요,[],2009,2025,
대학정보공시,1016,장학금수혜현황,32,장학금수혜_교직원장학금인원수,장학금수혜_교직원장학금인원수,string,integer-like,공식 정의 미확인,원본 공란·기호의 의미는 공식 설명서 확인 필요,[],2009,2025,
대학정보공시,1016,장학금수혜현황,33,장학금수혜_교직원장학금액,장학금수혜_교직원장학금액,string,integer-like,공식 정의 미확인,원본 공란·기호의 의미는 공식 설명서 확인 필요,[],2009,2025,
대학정보공시,1016,장학금수혜현황,34,교내외국인유학생장학금액,교내외국인유학생장학금액,string,integer-like,공식 정의 미확인,원본 공란·기호의 의미는 공식 설명서 확인 필요,[],2009,2025,
대학정보공시,1016,장학금수혜현황,35,장학금수혜_정부학교학비감면금액,장학금수혜_정부학교학비감면금액,string,integer-like,공식 정의 미확인,원본 공란·기호의 의미는 공식 설명서 확인 필요,[],2009,2025,
대학정보공시,1016,장학금수혜현황,36,장학금수혜_정부학교학비감면인원수,장학금수혜_정부학교학비감면인원수,string,integer-like,공식 정의 미확인,원본 공란·기호의 의미는 공식 설명서 확인 필요,[],2009,2025,
대학정보공시,1026,현장실습운영현황,1,조사년도,조사년도,string,integer-like,공식 정의 미확인,원본 공란·기호의 의미는 공식 설명서 확인 필요,[],2011,2025,candidate
대학정보공시,1026,현장실습운영현황,2,학교구분명,학교구분명,string,string,공식 정의 미확인,원본 공란·기호의 의미는 공식 설명서 확인 필요,[],2011,2025,candidate
대학정보공시,1026,현장실습운영현황,3,개방ID,개방ID,string,integer-like,공식 정의 미확인,원본 공란·기호의 의미는 공식 설명서 확인 필요,[],2011,2025,candidate
대학정보공시,1026,현장실습운영현황,4,주야간계절구분명,주야간계절구분명,string,string,공식 정의 미확인,원본 공란·기호의 의미는 공식 설명서 확인 필요,[],2011,2025,
대학정보공시,1026,현장실습운영현황,5,학기구분명,학기구분명,string,string,공식 정의 미확인,원본 공란·기호의 의미는 공식 설명서 확인 필요,[],2011,2025,
대학정보공시,1026,현장실습운영현황,6,학과한글명,학과한글명,string,string,공식 정의 미확인,원본 공란·기호의 의미는 공식 설명서 확인 필요,[],2011,2025,
대학정보공시,1026,현장실습운영현황,7,단과대학명,단과대학명,string,string,공식 정의 미확인,원본 공란·기호의 의미는 공식 설명서 확인 필요,[],2011,2025,
대학정보공시,1026,현장실습운영현황,8,실습기간구분명,실습기간구분명,string,string,공식 정의 미확인,원본 공란·기호의 의미는 공식 설명서 확인 필요,[],2011,2025,
대학정보공시,1026,현장실습운영현황,9,12주이상최소학점수,12주이상최소학점수,string,integer-like,공식 정의 미확인,원본 공란·기호의 의미는 공식 설명서 확인 필요,[],2011,2025,
대학정보공시,1026,현장실습운영현황,10,12주이상최대학점수,12주이상최대학점수,string,integer-like,공식 정의 미확인,원본 공란·기호의 의미는 공식 설명서 확인 필요,[],2011,2025,
대학정보공시,1026,현장실습운영현황,11,4주이상최소학점수,4주이상최소학점수,string,integer-like,공식 정의 미확인,원본 공란·기호의 의미는 공식 설명서 확인 필요,[],2011,2025,
대학정보공시,1026,현장실습운영현황,12,4주이상최대학점수,4주이상최대학점수,string,integer-like,공식 정의 미확인,원본 공란·기호의 의미는 공식 설명서 확인 필요,[],2011,2025,
대학정보공시,1026,현장실습운영현황,13,8주이상최소학점수,8주이상최소학점수,string,integer-like,공식 정의 미확인,원본 공란·기호의 의미는 공식 설명서 확인 필요,[],2011,2025,
대학정보공시,1026,현장실습운영현황,14,8주이상최대학점수,8주이상최대학점수,string,integer-like,공식 정의 미확인,원본 공란·기호의 의미는 공식 설명서 확인 필요,[],2011,2025,
대학정보공시,1026,현장실습운영현황,15,적용년도,적용년도,string,integer-like,공식 정의 미확인,원본 공란·기호의 의미는 공식 설명서 확인 필요,[],2011,2025,candidate
대학정보공시,1026,현장실습운영현황,16,현장실습운영_이수학생수,현장실습운영_이수학생수,string,integer-like,공식 정의 미확인,원본 공란·기호의 의미는 공식 설명서 확인 필요,[],2011,2025,
대학정보공시,1026,현장실습운영현황,17,4주기준12주이상실습지원비60만원이상수령학생수_2018년이후,4주기준12주이상실습지원비60만원이상수령학생수_2018년이후,string,integer-like,공식 정의 미확인,원본 공란·기호의 의미는 공식 설명서 확인 필요,[],2011,2025,
대학정보공시,1026,현장실습운영현황,18,4주기준12주이상실습지원비30만원이상수령학생수_2018년이후,4주기준12주이상실습지원비30만원이상수령학생수_2018년이후,string,integer-like,공식 정의 미확인,원본 공란·기호의 의미는 공식 설명서 확인 필요,[],2011,2025,
대학정보공시,1026,현장실습운영현황,19,4주기준12주이상실습지원비102만원이상수령학생수_2018년이후,4주기준12주이상실습지원비102만원이상수령학생수_2018년이후,string,integer-like,공식 정의 미확인,원본 공란·기호의 의미는 공식 설명서 확인 필요,[],2011,2025,
대학정보공시,1026,현장실습운영현황,20,4주기준4주이상실습지원비60만원이상수령학생수_2018년이후,4주기준4주이상실습지원비60만원이상수령학생수_2018년이후,string,integer-like,공식 정의 미확인,원본 공란·기호의 의미는 공식 설명서 확인 필요,[],2011,2025,
대학정보공시,1026,현장실습운영현황,21,4주기준4주이상실습지원비30만원이상수령학생수_2018년이후,4주기준4주이상실습지원비30만원이상수령학생수_2018년이후,string,integer-like,공식 정의 미확인,원본 공란·기호의 의미는 공식 설명서 확인 필요,[],2011,2025,
대학정보공시,1026,현장실습운영현황,22,4주기준4주이상실습지원비102만원이상수령학생수_2018년이후,4주기준4주이상실습지원비102만원이상수령학생수_2018년이후,string,integer-like,공식 정의 미확인,원본 공란·기호의 의미는 공식 설명서 확인 필요,[],2011,2025,
대학정보공시,1026,현장실습운영현황,23,4주기준8주이상실습지원비60만원이상수령학생수_2018년이후,4주기준8주이상실습지원비60만원이상수령학생수_2018년이후,string,integer-like,공식 정의 미확인,원본 공란·기호의 의미는 공식 설명서 확인 필요,[],2011,2025,
대학정보공시,1026,현장실습운영현황,24,4주기준8주이상실습지원비30만원이상수령학생수_2018년이후,4주기준8주이상실습지원비30만원이상수령학생수_2018년이후,string,integer-like,공식 정의 미확인,원본 공란·기호의 의미는 공식 설명서 확인 필요,[],2011,2025,
대학정보공시,1026,현장실습운영현황,25,4주기준8주이상실습지원비102만원이상수령학생수_2018년이후,4주기준8주이상실습지원비102만원이상수령학생수_2018년이후,string,integer-like,공식 정의 미확인,원본 공란·기호의 의미는 공식 설명서 확인 필요,[],2011,2025,
대학정보공시,1026,현장실습운영현황,26,현장실습운영_학점수,현장실습운영_학점수,string,integer-like,공식 정의 미확인,원본 공란·기호의 의미는 공식 설명서 확인 필요,[],2011,2025,
대학정보공시,1026,현장실습운영현황,27,현장실습운영_최소학점수,현장실습운영_최소학점수,string,integer-like,공식 정의 미확인,원본 공란·기호의 의미는 공식 설명서 확인 필요,[],2011,2025,
대학정보공시,1026,현장실습운영현황,28,현장실습운영_최대학점수,현장실습운영_최대학점수,string,integer-like,공식 정의 미확인,원본 공란·기호의 의미는 공식 설명서 확인 필요,[],2011,2025,
대학정보공시,1026,현장실습운영현황,29,참여기업수,참여기업수,string,integer-like,공식 정의 미확인,원본 공란·기호의 의미는 공식 설명서 확인 필요,[],2011,2025,
대학정보공시,1026,현장실습운영현황,30,실습기간주수,실습기간주수,string,integer-like,공식 정의 미확인,원본 공란·기호의 의미는 공식 설명서 확인 필요,[],2011,2025,
대학정보공시,1026,현장실습운영현황,31,현장실습운영_대상학생수,현장실습운영_대상학생수,string,integer-like,공식 정의 미확인,원본 공란·기호의 의미는 공식 설명서 확인 필요,[],2011,2025,
대학정보공시,1026,현장실습운영현황,32,12주이상산재보험가입학생수,12주이상산재보험가입학생수,string,integer-like,공식 정의 미확인,원본 공란·기호의 의미는 공식 설명서 확인 필요,[],2011,2025,
대학정보공시,1026,현장실습운영현황,33,12주이상상해및산재보험가입학생수,12주이상상해및산재보험가입학생수,string,integer-like,공식 정의 미확인,원본 공란·기호의 의미는 공식 설명서 확인 필요,[],2011,2025,
대학정보공시,1026,현장실습운영현황,34,12주이상상해보험가입학생수,12주이상상해보험가입학생수,string,integer-like,공식 정의 미확인,원본 공란·기호의 의미는 공식 설명서 확인 필요,[],2011,2025,
대학정보공시,1026,현장실습운영현황,35,12주이상실습지원비수령학생수,12주이상실습지원비수령학생수,string,integer-like,공식 정의 미확인,원본 공란·기호의 의미는 공식 설명서 확인 필요,[],2011,2025,
대학정보공시,1026,현장실습운영현황,36,12주이상실습지원비미수령학생수_2018년이후,12주이상실습지원비미수령학생수_2018년이후,string,integer-like,공식 정의 미확인,원본 공란·기호의 의미는 공식 설명서 확인 필요,[],2011,2025,
대학정보공시,1026,현장실습운영현황,37,12주이상현장실습이수학생수,12주이상현장실습이수학생수,string,integer-like,공식 정의 미확인,원본 공란·기호의 의미는 공식 설명서 확인 필요,[],2011,2025,
대학정보공시,1026,현장실습운영현황,38,12주이상현장실습참여기업수,12주이상현장실습참여기업수,string,integer-like,공식 정의 미확인,원본 공란·기호의 의미는 공식 설명서 확인 필요,[],2011,2025,
대학정보공시,1026,현장실습운영현황,39,4주이상산재보험가입학생수,4주이상산재보험가입학생수,string,integer-like,공식 정의 미확인,원본 공란·기호의 의미는 공식 설명서 확인 필요,[],2011,2025,
대학정보공시,1026,현장실습운영현황,40,4주이상상해및산재보험가입학생수,4주이상상해및산재보험가입학생수,string,integer-like,공식 정의 미확인,원본 공란·기호의 의미는 공식 설명서 확인 필요,[],2011,2025,
대학정보공시,1026,현장실습운영현황,41,4주이상상해보험가입학생수,4주이상상해보험가입학생수,string,integer-like,공식 정의 미확인,원본 공란·기호의 의미는 공식 설명서 확인 필요,[],2011,2025,
대학정보공시,1026,현장실습운영현황,42,4주이상실습지원비수령학생수,4주이상실습지원비수령학생수,string,integer-like,공식 정의 미확인,원본 공란·기호의 의미는 공식 설명서 확인 필요,[],2011,2025,
대학정보공시,1026,현장실습운영현황,43,4주이상실습지원비미수령학생수_2018년이후,4주이상실습지원비미수령학생수_2018년이후,string,integer-like,공식 정의 미확인,원본 공란·기호의 의미는 공식 설명서 확인 필요,[],2011,2025,
대학정보공시,1026,현장실습운영현황,44,4주이상현장실습이수학생수,4주이상현장실습이수학생수,string,integer-like,공식 정의 미확인,원본 공란·기호의 의미는 공식 설명서 확인 필요,[],2011,2025,
대학정보공시,1026,현장실습운영현황,45,4주이상현장실습참여기업수,4주이상현장실습참여기업수,string,integer-like,공식 정의 미확인,원본 공란·기호의 의미는 공식 설명서 확인 필요,[],2011,2025,
대학정보공시,1026,현장실습운영현황,46,8주이상산재보험가입학생수,8주이상산재보험가입학생수,string,integer-like,공식 정의 미확인,원본 공란·기호의 의미는 공식 설명서 확인 필요,[],2011,2025,
대학정보공시,1026,현장실습운영현황,47,8주이상상해및산재보험가입학생수,8주이상상해및산재보험가입학생수,string,integer-like,공식 정의 미확인,원본 공란·기호의 의미는 공식 설명서 확인 필요,[],2011,2025,
대학정보공시,1026,현장실습운영현황,48,8주이상상해보험가입학생수,8주이상상해보험가입학생수,string,integer-like,공식 정의 미확인,원본 공란·기호의 의미는 공식 설명서 확인 필요,[],2011,2025,
대학정보공시,1026,현장실습운영현황,49,8주이상실습지원비수령학생수,8주이상실습지원비수령학생수,string,integer-like,공식 정의 미확인,원본 공란·기호의 의미는 공식 설명서 확인 필요,[],2011,2025,
대학정보공시,1026,현장실습운영현황,50,8주이상실습지원비미수령학생수_2018년이후,8주이상실습지원비미수령학생수_2018년이후,string,integer-like,공식 정의 미확인,원본 공란·기호의 의미는 공식 설명서 확인 필요,[],2011,2025,
대학정보공시,1026,현장실습운영현황,51,8주이상현장실습이수학생수,8주이상현장실습이수학생수,string,integer-like,공식 정의 미확인,원본 공란·기호의 의미는 공식 설명서 확인 필요,[],2011,2025,
대학정보공시,1026,현장실습운영현황,52,8주이상현장실습참여기업수,8주이상현장실습참여기업수,string,integer-like,공식 정의 미확인,원본 공란·기호의 의미는 공식 설명서 확인 필요,[],2011,2025,
대학정보공시,1207,기숙사수용현황,1,조사년도,조사년도,string,integer-like,공식 정의 미확인,원본 공란·기호의 의미는 공식 설명서 확인 필요,[],2009,2025,candidate
대학정보공시,1207,기숙사수용현황,2,학교구분명,학교구분명,string,string,공식 정의 미확인,원본 공란·기호의 의미는 공식 설명서 확인 필요,[],2009,2025,candidate
대학정보공시,1207,기숙사수용현황,3,개방ID,개방ID,string,integer-like,공식 정의 미확인,원본 공란·기호의 의미는 공식 설명서 확인 필요,[],2009,2025,candidate
대학정보공시,1207,기숙사수용현황,4,건물명(2018년이후),건물명(2018년이후),string,string,공식 정의 미확인,원본 공란·기호의 의미는 공식 설명서 확인 필요,"[""-""]",2009,2025,
대학정보공시,1207,기숙사수용현황,5,기숙사운영구분명(2018년이후),기숙사운영구분명(2018년이후),string,string,공식 정의 미확인,원본 공란·기호의 의미는 공식 설명서 확인 필요,[],2009,2025,
대학정보공시,1207,기숙사수용현황,6,적용년도,적용년도,string,integer-like,공식 정의 미확인,원본 공란·기호의 의미는 공식 설명서 확인 필요,[],2009,2025,candidate
대학정보공시,1207,기숙사수용현황,7,4인실수_2018년이후,4인실수_2018년이후,string,integer-like,공식 정의 미확인,원본 공란·기호의 의미는 공식 설명서 확인 필요,[],2009,2025,
대학정보공시,1207,기숙사수용현황,8,3인실수_2018년이후,3인실수_2018년이후,string,integer-like,공식 정의 미확인,원본 공란·기호의 의미는 공식 설명서 확인 필요,[],2009,2025,
대학정보공시,1207,기숙사수용현황,9,2인실수_2018년이후,2인실수_2018년이후,string,integer-like,공식 정의 미확인,원본 공란·기호의 의미는 공식 설명서 확인 필요,[],2009,2025,
대학정보공시,1207,기숙사수용현황,10,1인실수_2018년이후,1인실수_2018년이후,string,integer-like,공식 정의 미확인,원본 공란·기호의 의미는 공식 설명서 확인 필요,[],2009,2025,
대학정보공시,1207,기숙사수용현황,11,기숙사신청인원수,기숙사신청인원수,string,integer-like,공식 정의 미확인,원본 공란·기호의 의미는 공식 설명서 확인 필요,[],2009,2025,
대학정보공시,1207,기숙사수용현황,12,4인실이상기숙사비,4인실이상기숙사비,string,integer-like,공식 정의 미확인,원본 공란·기호의 의미는 공식 설명서 확인 필요,[],2009,2025,
대학정보공시,1207,기숙사수용현황,13,3인실이상기숙사비,3인실이상기숙사비,string,integer-like,공식 정의 미확인,원본 공란·기호의 의미는 공식 설명서 확인 필요,[],2009,2025,
대학정보공시,1207,기숙사수용현황,14,2인실기숙사비,2인실기숙사비,string,integer-like,공식 정의 미확인,원본 공란·기호의 의미는 공식 설명서 확인 필요,[],2009,2025,
대학정보공시,1207,기숙사수용현황,15,학생1인당기숙사비,학생1인당기숙사비,string,integer-like,공식 정의 미확인,원본 공란·기호의 의미는 공식 설명서 확인 필요,[],2009,2025,
대학정보공시,1207,기숙사수용현황,16,기숙사수용률,기숙사수용률,string,decimal-like,공식 정의 미확인,원본 공란·기호의 의미는 공식 설명서 확인 필요,"[""""]",2009,2025,
대학정보공시,1207,기숙사수용현황,17,재학생수,재학생수,string,integer-like,공식 정의 미확인,원본 공란·기호의 의미는 공식 설명서 확인 필요,[],2009,2025,
대학정보공시,1207,기숙사수용현황,18,수용인원수,수용인원수,string,integer-like,공식 정의 미확인,원본 공란·기호의 의미는 공식 설명서 확인 필요,[],2009,2025,
대학정보공시,1207,기숙사수용현황,19,기숙사실수,기숙사실수,string,integer-like,공식 정의 미확인,원본 공란·기호의 의미는 공식 설명서 확인 필요,[],2009,2025,
취업통계,0001,학생인적취업정보,1,조사년도,조사년도,string,integer-like,공식 정의 미확인,원본 공란·기호의 의미는 공식 설명서 확인 필요,[],2010,2024,candidate
취업통계,0001,학생인적취업정보,2,개방ID,개방ID,string,integer-like,공식 정의 미확인,원본 공란·기호의 의미는 공식 설명서 확인 필요,[],2010,2022,candidate
취업통계,0001,학생인적취업정보,3,기취업여부,기취업여부,string,integer-like,공식 정의 미확인,원본 공란·기호의 의미는 공식 설명서 확인 필요,"[""""]",2010,2022,
취업통계,0001,학생인적취업정보,4,건강보험가입여부,건강보험가입여부,string,integer-like,공식 정의 미확인,원본 공란·기호의 의미는 공식 설명서 확인 필요,"[""""]",2010,2022,
취업통계,0001,학생인적취업정보,5,회사부서명,회사부서명,string,string,공식 정의 미확인,원본 공란·기호의 의미는 공식 설명서 확인 필요,"[""-""]",2010,2022,
취업통계,0001,학생인적취업정보,6,회사명,회사명,string,string,공식 정의 미확인,원본 공란·기호의 의미는 공식 설명서 확인 필요,"[""-""]",2010,2022,
취업통계,0001,학생인적취업정보,7,추천자명,추천자명,string,string,공식 정의 미확인,원본 공란·기호의 의미는 공식 설명서 확인 필요,"[""-""]",2010,2022,
취업통계,0001,학생인적취업정보,8,토익점수,토익점수,string,integer-like,공식 정의 미확인,원본 공란·기호의 의미는 공식 설명서 확인 필요,[],2010,2022,
취업통계,0001,학생인적취업정보,9,동일대학여부,동일대학여부,string,empty-only,공식 정의 미확인,원본 공란·기호의 의미는 공식 설명서 확인 필요,"[""""]",2010,2022,
취업통계,0001,학생인적취업정보,10,예비역여부,예비역여부,string,empty-only,공식 정의 미확인,원본 공란·기호의 의미는 공식 설명서 확인 필요,"[""""]",2010,2022,
취업통계,0001,학생인적취업정보,11,종교지도자여부,종교지도자여부,string,empty-only,공식 정의 미확인,원본 공란·기호의 의미는 공식 설명서 확인 필요,"[""""]",2010,2022,
취업통계,0001,학생인적취업정보,12,건강보험9월가입여부,건강보험9월가입여부,string,empty-only,공식 정의 미확인,원본 공란·기호의 의미는 공식 설명서 확인 필요,"[""""]",2010,2022,
취업통계,0001,학생인적취업정보,13,매핑학과명,매핑학과명,string,string,공식 정의 미확인,원본 공란·기호의 의미는 공식 설명서 확인 필요,"[""-""]",2010,2022,candidate
취업통계,0001,학생인적취업정보,14,건강보험연계기취업여부,건강보험연계기취업여부,string,empty-only,공식 정의 미확인,원본 공란·기호의 의미는 공식 설명서 확인 필요,"[""""]",2010,2022,
취업통계,0001,학생인적취업정보,15,종료일자,종료일자,string,integer-like,공식 정의 미확인,원본 공란·기호의 의미는 공식 설명서 확인 필요,"[""""]",2010,2022,
취업통계,0001,학생인적취업정보,16,시작일자,시작일자,string,integer-like,공식 정의 미확인,원본 공란·기호의 의미는 공식 설명서 확인 필요,"[""""]",2010,2022,
취업통계,0001,학생인적취업정보,17,1인사업장명,1인사업장명,string,string,공식 정의 미확인,원본 공란·기호의 의미는 공식 설명서 확인 필요,"[""-""]",2010,2022,
취업통계,0001,학생인적취업정보,18,해외비자여부,해외비자여부,string,empty-only,공식 정의 미확인,원본 공란·기호의 의미는 공식 설명서 확인 필요,"[""""]",2010,2022,
취업통계,0001,학생인적취업정보,19,해외비자유형명,해외비자유형명,string,string,공식 정의 미확인,원본 공란·기호의 의미는 공식 설명서 확인 필요,"["""", ""-"", ""해당없음""]",2010,2022,
취업통계,0001,학생인적취업정보,20,근무시간,근무시간,string,integer-like,공식 정의 미확인,원본 공란·기호의 의미는 공식 설명서 확인 필요,[],2010,2022,
취업통계,0001,학생인적취업정보,21,제외대상자여부,제외대상자여부,string,integer-like,공식 정의 미확인,원본 공란·기호의 의미는 공식 설명서 확인 필요,"[""""]",2010,2022,
취업통계,0001,학생인적취업정보,22,농어민여부,농어민여부,string,integer-like,공식 정의 미확인,원본 공란·기호의 의미는 공식 설명서 확인 필요,"[""""]",2010,2022,
취업통계,0001,학생인적취업정보,23,입대여부,입대여부,string,integer-like,공식 정의 미확인,원본 공란·기호의 의미는 공식 설명서 확인 필요,"[""""]",2010,2022,
취업통계,0001,학생인적취업정보,24,고용보험가입여부,고용보험가입여부,string,integer-like,공식 정의 미확인,원본 공란·기호의 의미는 공식 설명서 확인 필요,"[""""]",2010,2022,
취업통계,0001,학생인적취업정보,25,해외회사명,해외회사명,string,string,공식 정의 미확인,원본 공란·기호의 의미는 공식 설명서 확인 필요,"["""", ""-""]",2010,2022,
취업통계,0001,학생인적취업정보,26,해외진학학교KEDI명,해외진학학교KEDI명,string,string,공식 정의 미확인,원본 공란·기호의 의미는 공식 설명서 확인 필요,"["""", ""-""]",2010,2022,
취업통계,0001,학생인적취업정보,27,전공일치여부,전공일치여부,string,empty-only,공식 정의 미확인,원본 공란·기호의 의미는 공식 설명서 확인 필요,"[""""]",2010,2022,
취업통계,0001,학생인적취업정보,28,장애유무,장애유무,string,empty-only,공식 정의 미확인,원본 공란·기호의 의미는 공식 설명서 확인 필요,"[""""]",2010,2022,
취업통계,0001,학생인적취업정보,29,국가보훈대상자여부,국가보훈대상자여부,string,empty-only,공식 정의 미확인,원본 공란·기호의 의미는 공식 설명서 확인 필요,"[""""]",2010,2022,
취업통계,0001,학생인적취업정보,30,산업체위탁자여부,산업체위탁자여부,string,integer-like,공식 정의 미확인,원본 공란·기호의 의미는 공식 설명서 확인 필요,"[""""]",2010,2022,
취업통계,0001,학생인적취업정보,31,졸업년월,졸업년월,string,integer-like,공식 정의 미확인,원본 공란·기호의 의미는 공식 설명서 확인 필요,[],2010,2022,
취업통계,0001,학생인적취업정보,32,입학년월,입학년월,string,integer-like,공식 정의 미확인,원본 공란·기호의 의미는 공식 설명서 확인 필요,[],2010,2022,
취업통계,0001,학생인적취업정보,33,논문명,논문명,string,string,공식 정의 미확인,원본 공란·기호의 의미는 공식 설명서 확인 필요,"["""", ""-"", ""해당없음""]",2010,2022,
취업통계,0001,학생인적취업정보,34,세부전공명,세부전공명,string,string,공식 정의 미확인,원본 공란·기호의 의미는 공식 설명서 확인 필요,"["""", ""-"", ""N/A"", ""해당없음""]",2010,2022,candidate
취업통계,0001,학생인적취업정보,35,복수전공명,복수전공명,string,string,공식 정의 미확인,원본 공란·기호의 의미는 공식 설명서 확인 필요,"["""", ""-"", ""N/A"", ""해당없음""]",2010,2022,candidate
취업통계,0001,학생인적취업정보,36,부전공명,부전공명,string,string,공식 정의 미확인,원본 공란·기호의 의미는 공식 설명서 확인 필요,"["""", ""-"", ""N/A"", ""해당없음""]",2010,2022,candidate
취업통계,0001,학생인적취업정보,37,학과명,학과명,string,string,공식 정의 미확인,원본 공란·기호의 의미는 공식 설명서 확인 필요,[],2010,2024,candidate
취업통계,0001,학생인적취업정보,38,학부명,학부명,string,string,공식 정의 미확인,원본 공란·기호의 의미는 공식 설명서 확인 필요,"["""", ""-"", ""N/A"", ""해당없음""]",2010,2022,
취업통계,0001,학생인적취업정보,39,단과대학명,단과대학명,string,string,공식 정의 미확인,원본 공란·기호의 의미는 공식 설명서 확인 필요,[],2010,2024,
취업통계,0001,학생인적취업정보,40,개인식별번호,개인식별번호,string,"integer-like,string",공식 정의 미확인,원본 공란·기호의 의미는 공식 설명서 확인 필요,[],2010,2022,
취업통계,0001,학생인적취업정보,41,고등학교졸업년월,고등학교졸업년월,string,integer-like,공식 정의 미확인,원본 공란·기호의 의미는 공식 설명서 확인 필요,[],2010,2022,
취업통계,0001,학생인적취업정보,42,검정고시여부,검정고시여부,string,empty-only,공식 정의 미확인,원본 공란·기호의 의미는 공식 설명서 확인 필요,"[""""]",2010,2022,
취업통계,0001,학생인적취업정보,43,직업명,직업명,string,string,공식 정의 미확인,원본 공란·기호의 의미는 공식 설명서 확인 필요,"[""-""]",2010,2022,
취업통계,0001,학생인적취업정보,44,직업내용,직업내용,string,string,공식 정의 미확인,원본 공란·기호의 의미는 공식 설명서 확인 필요,"[""-""]",2010,2022,
취업통계,0001,학생인적취업정보,45,취업년월,취업년월,string,integer-like,공식 정의 미확인,원본 공란·기호의 의미는 공식 설명서 확인 필요,[],2010,2022,
취업통계,0001,학생인적취업정보,46,주부여부,주부여부,string,empty-only,공식 정의 미확인,원본 공란·기호의 의미는 공식 설명서 확인 필요,"[""""]",2010,2022,
취업통계,0001,학생인적취업정보,47,증빙서류여부,증빙서류여부,string,empty-only,공식 정의 미확인,원본 공란·기호의 의미는 공식 설명서 확인 필요,"[""""]",2010,2022,
취업통계,0001,학생인적취업정보,48,사업대상여부,사업대상여부,string,empty-only,공식 정의 미확인,원본 공란·기호의 의미는 공식 설명서 확인 필요,"[""""]",2010,2022,
취업통계,0001,학생인적취업정보,49,총평점,총평점,string,integer-like,공식 정의 미확인,원본 공란·기호의 의미는 공식 설명서 확인 필요,[],2010,2022,
취업통계,0001,학생인적취업정보,50,평점,평점,string,integer-like,공식 정의 미확인,원본 공란·기호의 의미는 공식 설명서 확인 필요,[],2010,2022,
취업통계,0001,학생인적취업정보,51,기초생활보장대상자여부,기초생활보장대상자여부,string,empty-only,공식 정의 미확인,원본 공란·기호의 의미는 공식 설명서 확인 필요,"[""""]",2010,2022,
취업통계,0001,학생인적취업정보,52,휴학년월,휴학년월,string,integer-like,공식 정의 미확인,원본 공란·기호의 의미는 공식 설명서 확인 필요,[],2010,2022,
취업통계,0001,학생인적취업정보,53,복학년월,복학년월,string,integer-like,공식 정의 미확인,원본 공란·기호의 의미는 공식 설명서 확인 필요,[],2010,2022,
취업통계,0001,학생인적취업정보,54,편입년월,편입년월,string,integer-like,공식 정의 미확인,원본 공란·기호의 의미는 공식 설명서 확인 필요,[],2010,2022,
취업통계,0001,학생인적취업정보,55,재입학년월,재입학년월,string,integer-like,공식 정의 미확인,원본 공란·기호의 의미는 공식 설명서 확인 필요,[],2010,2022,
취업통계,0001,학생인적취업정보,56,조기졸업년월,조기졸업년월,string,integer-like,공식 정의 미확인,원본 공란·기호의 의미는 공식 설명서 확인 필요,[],2010,2022,
취업통계,0001,학생인적취업정보,57,졸업여부,졸업여부,string,empty-only,공식 정의 미확인,원본 공란·기호의 의미는 공식 설명서 확인 필요,"[""""]",2010,2022,
취업통계,0001,학생인적취업정보,58,군필여부,군필여부,string,empty-only,공식 정의 미확인,원본 공란·기호의 의미는 공식 설명서 확인 필요,"[""""]",2010,2022,
취업통계,0001,학생인적취업정보,59,해외연수여부,해외연수여부,string,integer-like,공식 정의 미확인,원본 공란·기호의 의미는 공식 설명서 확인 필요,"[""""]",2010,2022,
취업통계,0001,학생인적취업정보,60,교직과정이수여부,교직과정이수여부,string,integer-like,공식 정의 미확인,원본 공란·기호의 의미는 공식 설명서 확인 필요,"[""""]",2010,2022,
취업통계,0001,학생인적취업정보,61,국가기술자격증여부,국가기술자격증여부,string,integer-like,공식 정의 미확인,원본 공란·기호의 의미는 공식 설명서 확인 필요,"["""", ""-""]",2010,2022,
취업통계,0001,학생인적취업정보,62,외국인유학생여부,외국인유학생여부,string,integer-like,공식 정의 미확인,원본 공란·기호의 의미는 공식 설명서 확인 필요,[],2010,2022,
취업통계,0001,학생인적취업정보,63,유급여부,유급여부,string,empty-only,공식 정의 미확인,원본 공란·기호의 의미는 공식 설명서 확인 필요,"[""""]",2010,2022,
취업통계,0001,학생인적취업정보,64,장학생여부,장학생여부,string,empty-only,공식 정의 미확인,원본 공란·기호의 의미는 공식 설명서 확인 필요,"[""""]",2010,2022,
취업통계,0001,학생인적취업정보,65,학과대계열명,학과대계열명,string,string,공식 정의 미확인,원본 공란·기호의 의미는 공식 설명서 확인 필요,[],2010,2022,
취업통계,0001,학생인적취업정보,66,졸업학생수,졸업학생수,string,integer-like,공식 정의 미확인,원본 공란·기호의 의미는 공식 설명서 확인 필요,[],2010,2022,
취업통계,0001,학생인적취업정보,67,여자외국인유학생수,여자외국인유학생수,string,integer-like,공식 정의 미확인,원본 공란·기호의 의미는 공식 설명서 확인 필요,[],2010,2022,
취업통계,0001,학생인적취업정보,68,1인사업자수,1인사업자수,string,integer-like,공식 정의 미확인,원본 공란·기호의 의미는 공식 설명서 확인 필요,[],2010,2022,
취업통계,0001,학생인적취업정보,69,건강보험가입자수,건강보험가입자수,string,integer-like,공식 정의 미확인,원본 공란·기호의 의미는 공식 설명서 확인 필요,[],2010,2022,
취업통계,0001,학생인적취업정보,70,국내진학자수,국내진학자수,string,integer-like,공식 정의 미확인,원본 공란·기호의 의미는 공식 설명서 확인 필요,[],2010,2022,
취업통계,0001,학생인적취업정보,71,국외대학원진학자수,국외대학원진학자수,string,integer-like,공식 정의 미확인,원본 공란·기호의 의미는 공식 설명서 확인 필요,[],2010,2022,
취업통계,0001,학생인적취업정보,72,국외대학진학자수,국외대학진학자수,string,integer-like,공식 정의 미확인,원본 공란·기호의 의미는 공식 설명서 확인 필요,[],2010,2022,
취업통계,0001,학생인적취업정보,73,국외전문진학자수,국외전문진학자수,string,integer-like,공식 정의 미확인,원본 공란·기호의 의미는 공식 설명서 확인 필요,[],2010,2022,
취업통계,0001,학생인적취업정보,74,국외진학자수,국외진학자수,string,integer-like,공식 정의 미확인,원본 공란·기호의 의미는 공식 설명서 확인 필요,[],2010,2022,
취업통계,0001,학생인적취업정보,75,기타,기타,string,integer-like,공식 정의 미확인,원본 공란·기호의 의미는 공식 설명서 확인 필요,[],2010,2022,
취업통계,0001,학생인적취업정보,76,기타_총계,기타_총계,string,integer-like,공식 정의 미확인,원본 공란·기호의 의미는 공식 설명서 확인 필요,[],2010,2022,
취업통계,0001,학생인적취업정보,77,남자국내대학진학자수,남자국내대학진학자수,string,integer-like,공식 정의 미확인,원본 공란·기호의 의미는 공식 설명서 확인 필요,[],2010,2022,
취업통계,0001,학생인적취업정보,78,취업자수,취업자수,string,integer-like,공식 정의 미확인,원본 공란·기호의 의미는 공식 설명서 확인 필요,[],2010,2022,
취업통계,0001,학생인적취업정보,79,남자1인사업자수,남자1인사업자수,string,integer-like,공식 정의 미확인,원본 공란·기호의 의미는 공식 설명서 확인 필요,[],2010,2022,
취업통계,0001,학생인적취업정보,80,남자건강보험가입자수,남자건강보험가입자수,string,integer-like,공식 정의 미확인,원본 공란·기호의 의미는 공식 설명서 확인 필요,[],2010,2022,
취업통계,0001,학생인적취업정보,81,남자건강보험취업자수,남자건강보험취업자수,string,integer-like,공식 정의 미확인,원본 공란·기호의 의미는 공식 설명서 확인 필요,[],2010,2022,
취업통계,0001,학생인적취업정보,82,남자교내취업자수,남자교내취업자수,string,integer-like,공식 정의 미확인,원본 공란·기호의 의미는 공식 설명서 확인 필요,[],2010,2022,
취업통계,0001,학생인적취업정보,83,남자국내대학원진학자수,남자국내대학원진학자수,string,integer-like,공식 정의 미확인,원본 공란·기호의 의미는 공식 설명서 확인 필요,[],2010,2022,
취업통계,0001,학생인적취업정보,84,해외취업자수,해외취업자수,string,integer-like,공식 정의 미확인,원본 공란·기호의 의미는 공식 설명서 확인 필요,[],2010,2022,
취업통계,0001,학생인적취업정보,85,남자국내전문진학자수,남자국내전문진학자수,string,integer-like,공식 정의 미확인,원본 공란·기호의 의미는 공식 설명서 확인 필요,[],2010,2022,
취업통계,0001,학생인적취업정보,86,남자국내진학자수,남자국내진학자수,string,integer-like,공식 정의 미확인,원본 공란·기호의 의미는 공식 설명서 확인 필요,[],2010,2022,
취업통계,0001,학생인적취업정보,87,남자국외대학원진학자수,남자국외대학원진학자수,string,integer-like,공식 정의 미확인,원본 공란·기호의 의미는 공식 설명서 확인 필요,[],2010,2022,
취업통계,0001,학생인적취업정보,88,남자국외대학진학자수,남자국외대학진학자수,string,integer-like,공식 정의 미확인,원본 공란·기호의 의미는 공식 설명서 확인 필요,[],2010,2022,
취업통계,0001,학생인적취업정보,89,남자국외전문진학자수,남자국외전문진학자수,string,integer-like,공식 정의 미확인,원본 공란·기호의 의미는 공식 설명서 확인 필요,[],2010,2022,
취업통계,0001,학생인적취업정보,90,남자국외진학자수,남자국외진학자수,string,integer-like,공식 정의 미확인,원본 공란·기호의 의미는 공식 설명서 확인 필요,[],2010,2022,
취업통계,0001,학생인적취업정보,91,남자기타,남자기타,string,integer-like,공식 정의 미확인,원본 공란·기호의 의미는 공식 설명서 확인 필요,[],2010,2022,
취업통계,0001,학생인적취업정보,92,남자기타_총계,남자기타_총계,string,integer-like,공식 정의 미확인,원본 공란·기호의 의미는 공식 설명서 확인 필요,[],2010,2022,
취업통계,0001,학생인적취업정보,93,남자미상,남자미상,string,integer-like,공식 정의 미확인,원본 공란·기호의 의미는 공식 설명서 확인 필요,[],2010,2022,
취업통계,0001,학생인적취업정보,94,남자외국인유학생수,남자외국인유학생수,string,integer-like,공식 정의 미확인,원본 공란·기호의 의미는 공식 설명서 확인 필요,[],2010,2022,
취업통계,0001,학생인적취업정보,95,남자입대자수,남자입대자수,string,integer-like,공식 정의 미확인,원본 공란·기호의 의미는 공식 설명서 확인 필요,[],2010,2022,
취업통계,0001,학생인적취업정보,96,남자제외인정자수,남자제외인정자수,string,integer-like,공식 정의 미확인,원본 공란·기호의 의미는 공식 설명서 확인 필요,[],2010,2022,
취업통계,0001,학생인적취업정보,97,남자졸업학생수,남자졸업학생수,string,integer-like,공식 정의 미확인,원본 공란·기호의 의미는 공식 설명서 확인 필요,[],2010,2022,
취업통계,0001,학생인적취업정보,98,남자진학자수,남자진학자수,string,integer-like,공식 정의 미확인,원본 공란·기호의 의미는 공식 설명서 확인 필요,[],2010,2022,
취업통계,0001,학생인적취업정보,99,남자취업불가능자수,남자취업불가능자수,string,integer-like,공식 정의 미확인,원본 공란·기호의 의미는 공식 설명서 확인 필요,[],2010,2022,
취업통계,0001,학생인적취업정보,100,남자취업불가능자수_6개월,남자취업불가능자수_6개월,string,integer-like,공식 정의 미확인,원본 공란·기호의 의미는 공식 설명서 확인 필요,[],2010,2022,
취업통계,0001,학생인적취업정보,101,남자취업불가능자수_사망자,남자취업불가능자수_사망자,string,integer-like,공식 정의 미확인,원본 공란·기호의 의미는 공식 설명서 확인 필요,[],2010,2022,
취업통계,0001,학생인적취업정보,102,남자취업불가능자수_수형자,남자취업불가능자수_수형자,string,integer-like,공식 정의 미확인,원본 공란·기호의 의미는 공식 설명서 확인 필요,[],2010,2022,
취업통계,0001,학생인적취업정보,103,남자취업불가능자수_해외이민자,남자취업불가능자수_해외이민자,string,integer-like,공식 정의 미확인,원본 공란·기호의 의미는 공식 설명서 확인 필요,[],2010,2022,
취업통계,0001,학생인적취업정보,104,남자취업자수,남자취업자수,string,integer-like,공식 정의 미확인,원본 공란·기호의 의미는 공식 설명서 확인 필요,[],2010,2022,
취업통계,0001,학생인적취업정보,105,남자해외취업자수,남자해외취업자수,string,integer-like,공식 정의 미확인,원본 공란·기호의 의미는 공식 설명서 확인 필요,[],2010,2022,
취업통계,0001,학생인적취업정보,106,미상,미상,string,integer-like,공식 정의 미확인,원본 공란·기호의 의미는 공식 설명서 확인 필요,[],2010,2022,
취업통계,0001,학생인적취업정보,107,여자1인사업자수,여자1인사업자수,string,integer-like,공식 정의 미확인,원본 공란·기호의 의미는 공식 설명서 확인 필요,[],2010,2022,
취업통계,0001,학생인적취업정보,108,여자건강보험가입자수,여자건강보험가입자수,string,integer-like,공식 정의 미확인,원본 공란·기호의 의미는 공식 설명서 확인 필요,[],2010,2022,
취업통계,0001,학생인적취업정보,109,여자건강보험취업자수,여자건강보험취업자수,string,integer-like,공식 정의 미확인,원본 공란·기호의 의미는 공식 설명서 확인 필요,[],2010,2022,
취업통계,0001,학생인적취업정보,110,여자교내취업자수,여자교내취업자수,string,integer-like,공식 정의 미확인,원본 공란·기호의 의미는 공식 설명서 확인 필요,[],2010,2022,
취업통계,0001,학생인적취업정보,111,여자국내대학원진학자수,여자국내대학원진학자수,string,integer-like,공식 정의 미확인,원본 공란·기호의 의미는 공식 설명서 확인 필요,[],2010,2022,
취업통계,0001,학생인적취업정보,112,여자국내대학진학자수,여자국내대학진학자수,string,integer-like,공식 정의 미확인,원본 공란·기호의 의미는 공식 설명서 확인 필요,[],2010,2022,
취업통계,0001,학생인적취업정보,113,여자국내전문진학자수,여자국내전문진학자수,string,integer-like,공식 정의 미확인,원본 공란·기호의 의미는 공식 설명서 확인 필요,[],2010,2022,
취업통계,0001,학생인적취업정보,114,여자국내진학자수,여자국내진학자수,string,integer-like,공식 정의 미확인,원본 공란·기호의 의미는 공식 설명서 확인 필요,[],2010,2022,
취업통계,0001,학생인적취업정보,115,여자국외대학원진학자수,여자국외대학원진학자수,string,integer-like,공식 정의 미확인,원본 공란·기호의 의미는 공식 설명서 확인 필요,[],2010,2022,
취업통계,0001,학생인적취업정보,116,여자국외대학진학자수,여자국외대학진학자수,string,integer-like,공식 정의 미확인,원본 공란·기호의 의미는 공식 설명서 확인 필요,[],2010,2022,
취업통계,0001,학생인적취업정보,117,여자국외전문진학자수,여자국외전문진학자수,string,integer-like,공식 정의 미확인,원본 공란·기호의 의미는 공식 설명서 확인 필요,[],2010,2022,
취업통계,0001,학생인적취업정보,118,여자국외진학자수,여자국외진학자수,string,integer-like,공식 정의 미확인,원본 공란·기호의 의미는 공식 설명서 확인 필요,[],2010,2022,
취업통계,0001,학생인적취업정보,119,여자미상,여자미상,string,integer-like,공식 정의 미확인,원본 공란·기호의 의미는 공식 설명서 확인 필요,[],2010,2022,
취업통계,0001,학생인적취업정보,120,건강보험취업자수,건강보험취업자수,string,integer-like,공식 정의 미확인,원본 공란·기호의 의미는 공식 설명서 확인 필요,[],2010,2022,
취업통계,0001,학생인적취업정보,121,여자입대자수,여자입대자수,string,integer-like,공식 정의 미확인,원본 공란·기호의 의미는 공식 설명서 확인 필요,[],2010,2022,
취업통계,0001,학생인적취업정보,122,여자제외인정자수,여자제외인정자수,string,integer-like,공식 정의 미확인,원본 공란·기호의 의미는 공식 설명서 확인 필요,[],2010,2022,
취업통계,0001,학생인적취업정보,123,여자졸업학생수,여자졸업학생수,string,integer-like,공식 정의 미확인,원본 공란·기호의 의미는 공식 설명서 확인 필요,[],2010,2022,
취업통계,0001,학생인적취업정보,124,여자진학자수,여자진학자수,string,integer-like,공식 정의 미확인,원본 공란·기호의 의미는 공식 설명서 확인 필요,[],2010,2022,
취업통계,0001,학생인적취업정보,125,여자취업불가능자수,여자취업불가능자수,string,integer-like,공식 정의 미확인,원본 공란·기호의 의미는 공식 설명서 확인 필요,[],2010,2022,
취업통계,0001,학생인적취업정보,126,여자취업불가능자수_6개월,여자취업불가능자수_6개월,string,integer-like,공식 정의 미확인,원본 공란·기호의 의미는 공식 설명서 확인 필요,[],2010,2022,
취업통계,0001,학생인적취업정보,127,여자취업불가능자수_사망자,여자취업불가능자수_사망자,string,integer-like,공식 정의 미확인,원본 공란·기호의 의미는 공식 설명서 확인 필요,[],2010,2022,
취업통계,0001,학생인적취업정보,128,여자취업불가능자수_수형자,여자취업불가능자수_수형자,string,integer-like,공식 정의 미확인,원본 공란·기호의 의미는 공식 설명서 확인 필요,[],2010,2022,
취업통계,0001,학생인적취업정보,129,여자기타,여자기타,string,integer-like,공식 정의 미확인,원본 공란·기호의 의미는 공식 설명서 확인 필요,[],2010,2022,
취업통계,0001,학생인적취업정보,130,여자기타_총계,여자기타_총계,string,integer-like,공식 정의 미확인,원본 공란·기호의 의미는 공식 설명서 확인 필요,[],2010,2022,
취업통계,0001,학생인적취업정보,131,여자취업불가능자수_해외이민자,여자취업불가능자수_해외이민자,string,integer-like,공식 정의 미확인,원본 공란·기호의 의미는 공식 설명서 확인 필요,[],2010,2022,
취업통계,0001,학생인적취업정보,132,여자취업자수,여자취업자수,string,integer-like,공식 정의 미확인,원본 공란·기호의 의미는 공식 설명서 확인 필요,[],2010,2022,
취업통계,0001,학생인적취업정보,133,여자해외취업자수,여자해외취업자수,string,integer-like,공식 정의 미확인,원본 공란·기호의 의미는 공식 설명서 확인 필요,[],2010,2022,
취업통계,0001,학생인적취업정보,134,외국인유학생수,외국인유학생수,string,integer-like,공식 정의 미확인,원본 공란·기호의 의미는 공식 설명서 확인 필요,[],2010,2022,
취업통계,0001,학생인적취업정보,135,입대자수,입대자수,string,integer-like,공식 정의 미확인,원본 공란·기호의 의미는 공식 설명서 확인 필요,[],2010,2022,
취업통계,0001,학생인적취업정보,136,제외인정자수,제외인정자수,string,integer-like,공식 정의 미확인,원본 공란·기호의 의미는 공식 설명서 확인 필요,[],2010,2022,
취업통계,0001,학생인적취업정보,137,진학자수,진학자수,string,integer-like,공식 정의 미확인,원본 공란·기호의 의미는 공식 설명서 확인 필요,[],2010,2022,
취업통계,0001,학생인적취업정보,138,취업불가능자수,취업불가능자수,string,integer-like,공식 정의 미확인,원본 공란·기호의 의미는 공식 설명서 확인 필요,[],2010,2022,
취업통계,0001,학생인적취업정보,139,취업불가능자수_6개월,취업불가능자수_6개월,string,integer-like,공식 정의 미확인,원본 공란·기호의 의미는 공식 설명서 확인 필요,[],2010,2022,
취업통계,0001,학생인적취업정보,140,취업불가능자수_사망자,취업불가능자수_사망자,string,integer-like,공식 정의 미확인,원본 공란·기호의 의미는 공식 설명서 확인 필요,[],2010,2022,
취업통계,0001,학생인적취업정보,141,취업불가능자수_수형자,취업불가능자수_수형자,string,integer-like,공식 정의 미확인,원본 공란·기호의 의미는 공식 설명서 확인 필요,[],2010,2022,
취업통계,0001,학생인적취업정보,142,취업불가능자수_해외이민자,취업불가능자수_해외이민자,string,integer-like,공식 정의 미확인,원본 공란·기호의 의미는 공식 설명서 확인 필요,[],2010,2022,
취업통계,0001,학생인적취업정보,143,교내취업자수,교내취업자수,string,integer-like,공식 정의 미확인,원본 공란·기호의 의미는 공식 설명서 확인 필요,[],2010,2022,
취업통계,0001,학생인적취업정보,144,국내대학원진학자수,국내대학원진학자수,string,integer-like,공식 정의 미확인,원본 공란·기호의 의미는 공식 설명서 확인 필요,[],2010,2022,
취업통계,0001,학생인적취업정보,145,국내대학진학자수,국내대학진학자수,string,integer-like,공식 정의 미확인,원본 공란·기호의 의미는 공식 설명서 확인 필요,[],2010,2022,
취업통계,0001,학생인적취업정보,146,국내전문진학자수,국내전문진학자수,string,integer-like,공식 정의 미확인,원본 공란·기호의 의미는 공식 설명서 확인 필요,[],2010,2022,
취업통계,0001,학생인적취업정보,147,시도명,시도명,string,string,공식 정의 미확인,원본 공란·기호의 의미는 공식 설명서 확인 필요,[],2023,2024,candidate
취업통계,0001,학생인적취업정보,148,대학계열명,대학계열명,string,string,공식 정의 미확인,원본 공란·기호의 의미는 공식 설명서 확인 필요,[],2023,2024,
취업통계,0001,학생인적취업정보,149,본분교명,본분교명,string,string,공식 정의 미확인,원본 공란·기호의 의미는 공식 설명서 확인 필요,[],2023,2024,candidate
취업통계,0001,학생인적취업정보,150,대학대학원구분명,대학대학원구분명,string,string,공식 정의 미확인,원본 공란·기호의 의미는 공식 설명서 확인 필요,[],2023,2024,
취업통계,0001,학생인적취업정보,151,학교종류명,학교종류명,string,string,공식 정의 미확인,원본 공란·기호의 의미는 공식 설명서 확인 필요,[],2023,2024,
취업통계,0001,학생인적취업정보,152,학교명,학교명,string,string,공식 정의 미확인,원본 공란·기호의 의미는 공식 설명서 확인 필요,[],2023,2024,candidate
취업통계,0001,학생인적취업정보,153,건강보험가입취업인원수,건강보험가입취업인원수,string,integer-like,공식 정의 미확인,원본 공란·기호의 의미는 공식 설명서 확인 필요,[],2023,2024,
취업통계,0001,학생인적취업정보,154,해외취업인원수,해외취업인원수,string,integer-like,공식 정의 미확인,원본 공란·기호의 의미는 공식 설명서 확인 필요,[],2023,2024,
취업통계,0001,학생인적취업정보,155,농림어업취업자인원수,농림어업취업자인원수,string,integer-like,공식 정의 미확인,원본 공란·기호의 의미는 공식 설명서 확인 필요,[],2023,2024,
취업통계,0001,학생인적취업정보,156,개인창작활동종사자인원수,개인창작활동종사자인원수,string,integer-like,공식 정의 미확인,원본 공란·기호의 의미는 공식 설명서 확인 필요,[],2023,2024,
취업통계,0001,학생인적취업정보,157,1인사업인원수,1인사업인원수,string,integer-like,공식 정의 미확인,원본 공란·기호의 의미는 공식 설명서 확인 필요,[],2023,2024,
취업통계,0001,학생인적취업정보,158,무소속근무자인원수,무소속근무자인원수,string,integer-like,공식 정의 미확인,원본 공란·기호의 의미는 공식 설명서 확인 필요,[],2023,2024,
취업통계,0001,학생인적취업정보,159,진학자인원수,진학자인원수,string,integer-like,공식 정의 미확인,원본 공란·기호의 의미는 공식 설명서 확인 필요,[],2023,2024,
취업통계,0001,학생인적취업정보,160,군입대인원수,군입대인원수,string,integer-like,공식 정의 미확인,원본 공란·기호의 의미는 공식 설명서 확인 필요,[],2023,2024,
취업통계,0001,학생인적취업정보,161,취업불가능인원수,취업불가능인원수,string,integer-like,공식 정의 미확인,원본 공란·기호의 의미는 공식 설명서 확인 필요,[],2023,2024,
취업통계,0001,학생인적취업정보,162,외국인유학생인원수,외국인유학생인원수,string,integer-like,공식 정의 미확인,원본 공란·기호의 의미는 공식 설명서 확인 필요,[],2023,2024,
취업통계,0001,학생인적취업정보,163,제외인정자인원수,제외인정자인원수,string,integer-like,공식 정의 미확인,원본 공란·기호의 의미는 공식 설명서 확인 필요,[],2023,2024,
취업통계,0001,학생인적취업정보,164,기타인원수,기타인원수,string,integer-like,공식 정의 미확인,원본 공란·기호의 의미는 공식 설명서 확인 필요,[],2023,2024,
취업통계,0001,학생인적취업정보,165,미상인원수,미상인원수,string,integer-like,공식 정의 미확인,원본 공란·기호의 의미는 공식 설명서 확인 필요,[],2023,2024,
취업통계,0001,학생인적취업정보,166,취업비율,취업비율,string,"decimal-like,integer-like",공식 정의 미확인,원본 공란·기호의 의미는 공식 설명서 확인 필요,[],2023,2024,
취업통계,0001,학생인적취업정보,167,진학비율,진학비율,string,"decimal-like,integer-like",공식 정의 미확인,원본 공란·기호의 의미는 공식 설명서 확인 필요,[],2023,2024,
