review_order,open_id,first_year,last_0101_year,year_count,latest_any_panel_year,identity_status,manual_classification,likely_entity_candidate,candidate_status,candidate_evidence_years,candidate_kedi_statuses,latest_panel_count,latest_row_count,latest_nonzero_measure_count,latest_department_status,department_examples,safe_join_action,evidence_summary
1,2118588984,2009,2022,14,2025,unmatched,confirmed_identity_closed_school_residual_id,인하대학교정보통신대학원,confirmed_final_manual_review_identity,2009|2010|2011|2012|2013|2014|2015|2016|2017|2018|2019|2020|2021|2022,폐교|2019~2021 반복 KEDI 후보|2010 공식 운영자료,2,24,0,폐과,정보통신공학과,retain_closed_graduate_school_open_id_separately_no_successor_auto_join,최종 수동검토에서 인하대학교정보통신대학원으로 확정했다. 2019~2021년 동일 KEDI 폐교 후보가 반복되고 2025년 잔존 정보통신공학과는 폐과다. 인하대학교 공식 등록금 회계자료도 정보통신대학원의 운영을 확인한다. 학교명만 기록하며 역사 OpenID는 별도 보존하고 자동 병합하지 않는다.
2,3194591462,2009,2022,14,2025,unmatched,confirmed_identity_closed_school_residual_id,남부대학교 보건대학원,confirmed_final_manual_review_identity,2009|2010|2011|2012|2013|2014|2015|2016|2017|2018|2019|2020|2021|2022,폐교|2009·2011 반복 KEDI 후보,2,96,0,폐과,간호학과|동양대체요법학과|방사선학과|보건행정학과,retain_closed_graduate_school_open_id_separately_no_successor_auto_join,최종 수동검토에서 남부대학교 보건대학원으로 확정했다. 2009년과 2011년 동일 KEDI 폐교 후보가 반복되고 간호학과·동양대체요법학과·방사선학과·보건행정학과가 모두 보건계열이며 후속 패널에서 폐과다. 학교명만 기록하며 역사 OpenID는 별도 보존하고 자동 병합하지 않는다.
3,9130622029,2009,2022,14,2022,unmatched,confirmed_identity_closed_school_residual_id,대불대학교산업기술대학원|세한대학교산업기술대학원,confirmed_location_closed_status_departments_and_official_name_history,2009|2010|2011|2012|2013|2014|2015|2016|2017|2018|2019|2020|2021|2022,폐교|2012 대불대학교→세한대학교 교명변경,9,34,6,표지 없음,건축토목도시공학전공|레저스포츠산업학과|산업디자인학과,retain_closed_graduate_school_open_id_separately_no_successor_auto_join,"2009~2022년 EDSS의 전남 영암군 야간 대학원 행이다. 0101의 입학·재적·졸업·교직원·학과 수는 전 기간 0이고, 2022년 비영 값 6개는 학교수 계열 집계 표시뿐이다. 산업디자인학과·레저스포츠산업학과·건축토목도시공학전공은 대학정보공시에서 모두 폐과다. 같은 위치 KEDI에는 2009~2012년 대불대학교산업기술대학원, 2013년 이후 세한대학교산업기술대학원이 야간 특수대학원 폐교 행으로 존재한다. 세한대학교 공식 연혁은 1997년 산업기술대학원 개원과 2012년 대불대학교→세한대학교 교명변경을 확인한다. 학교명은 확정하되 다른 대학원 OpenID와 자동 조인하지 않는다."
4,7470429599,2009,2020,11,2022,unmatched,confirmed_identity_closed_name_change_predecessor_id,신라대학교 국제경영대학원,confirmed_final_manual_review_identity,2009|2010|2011|2012|2013|2014|2015|2016|2017|2018|2019|2020,폐교|2009·2017 반복 KEDI 후보|공식 명칭변경 이력,3,33,0,폐과,MBA과정,retain_predecessor_open_id_separately_no_auto_join,최종 수동검토에서 신라대학교 국제경영대학원으로 확정했다. 2009년과 2017년 동일 KEDI 폐교 후보가 반복되고 MBA과정 학과서명이 부합한다. 신라대학교 공식 연혁은 경영대학원을 국제경영대학원으로 바꾼 이력을 확인한다. 학교명만 기록하며 역사 OpenID는 별도 보존하고 자동 병합하지 않는다.
5,4080095410,2009,2018,10,2019,unmatched,confirmed_identity_closed_name_change_predecessor_id,동국대학교 영상정보통신대학원,confirmed_final_manual_review_identity,2009|2010|2011|2012|2013|2014|2015|2016|2017|2018,폐교|2009 KEDI 후보|2005 영상대학원으로 명칭변경,1,6,0,폐과,네트워크관리학과,retain_predecessor_open_id_separately_no_auto_join,최종 수동검토에서 동국대학교 영상정보통신대학원으로 확정했다. 2009년 KEDI 폐교 후보와 네트워크관리학과가 일치한다. 동국대학교 공식 연혁은 영상정보통신대학원 운영과 2005년 영상대학원 명칭변경 및 네트워크관리학과 폐지를 직접 명시한다. 학교명만 기록하며 역사 OpenID는 별도 보존하고 자동 병합하지 않는다.
6,3999929010,2009,2017,9,2025,unmatched,confirmed_identity_institution_type_conversion_predecessor_id,구세군사관학교,confirmed_longitudinal_metrics_and_official_type_conversion,2009|2010|2011|2012|2013|2014|2015|2016|2017,기존|폐교|2015~ 전문→대학원대학,1,9,9,표지 없음,기타(소속학과없음)|소속학과없음|신학과,link_successor_open_id_6883983910_keep_type_specific_metrics_separate,"경기 과천시의 각종학교(전문대학과정)로 신학과 1개를 둔 행이다. 2009~2013년 입학·재적·졸업·성별·교원 값이 KEDI 구세군사관학교와 연속적으로 일치하고, 2015년 졸업생 14명과 2016년 졸업생 9명도 KEDI 폐교 잔존행과 일치한다. 대학알리미 통폐합 현황은 2015년부터 구세군사관학교→구세군사관대학원대학교, 전문→대학원대학 전환으로 명시한다. 후속 OpenID 6883983910과 전환 이력만 연결하고, 전환기 중첩 행은 학제별로 분리 보존한다."
7,7579953312,2009,2017,9,2017,unmatched,confirmed_identity_closed_school_residual_id,인천가톨릭대학교 조형대학원,confirmed_manual_reviewed_kedi_identity,2009|2010|2011|2012|2013|2014|2015|2016|2017,수동검토확정|KEDI·학과·공식이력 교차검증,7,41,2,기존|폐과,문화예술기획전공|전시디자인전공,retain_closed_graduate_school_open_id_separately_no_successor_auto_join,수동 전수검토에서 인천가톨릭대학교 조형대학원으로 확정했다. KEDI 인천가톨릭대학교 특수대학원의 본교→제2캠퍼스 및 신설→폐교 흐름이 일치하고 대학 공식 안내가 고유 명칭을 조형대학원으로 명시. KEDI 범주명과 대학 공식 고유 명칭을 함께 기록. 학교명만 기록하며 역사 OpenID는 별도 보존하고 자동 병합하지 않는다.
8,1751584470,2009,2016,8,2016,unmatched,confirmed_identity_closed_school_residual_id,한세대학교목회대학원,confirmed_manual_reviewed_kedi_identity,2009|2010|2011|2012|2013|2014|2015|2016,수동검토확정|KEDI·학과·공식이력 교차검증,8,80,6,표지 없음,신학과(목회학박사),retain_closed_graduate_school_open_id_separately_no_successor_auto_join,수동 전수검토에서 한세대학교목회대학원으로 확정했다. KEDI 동일 대학원 폐교 행이 8개 연도 모두 위치·캠퍼스·핵심값과 일치. 학교명만 기록하며 역사 OpenID는 별도 보존하고 자동 병합하지 않는다.
9,9206062912,2009,2016,8,2016,unmatched,confirmed_identity_closed_school_residual_id,동아대학교 언론홍보대학원,confirmed_final_manual_review_identity,2009|2010|2011|2012|2013|2014|2015|2016,폐교|2011 KEDI 후보|2008 폐지,6,25,6,표지 없음,광고홍보학과|신문방송학과,retain_closed_graduate_school_open_id_separately_no_successor_auto_join,최종 수동검토에서 동아대학교 언론홍보대학원으로 확정했다. 2011년 KEDI 폐교 후보와 광고홍보학과·신문방송학과 조합이 일치한다. 동아대학교 공식 연혁은 언론홍보대학원과 두 학과가 2008년 폐지되었음을 확인한다. 학교명만 기록하며 역사 OpenID는 별도 보존하고 자동 병합하지 않는다.
10,2545302689,2009,2015,7,2022,unmatched,confirmed_identity_closed_school_residual_id,신라대학교 조형대학원,confirmed_final_manual_review_identity,2009|2010|2011|2012|2013|2014|2015,폐교|2009 KEDI 후보|공식 폐지 이력,3,57,0,폐과,산업공예디자인학과|조형예술학과,retain_closed_graduate_school_open_id_separately_no_successor_auto_join,최종 수동검토에서 신라대학교 조형대학원으로 확정했다. 2009년 KEDI 폐교 후보와 산업공예디자인학과·조형예술학과 조합이 일치한다. 신라대학교 공식 연혁은 조형대학원 폐지를 확인한다. 학교명만 기록하며 역사 OpenID는 별도 보존하고 자동 병합하지 않는다.
11,2832937419,2009,2015,7,2021,unmatched,confirmed_identity_closed_school_residual_id,동덕여자대학교 미용보건대학원,confirmed_manual_reviewed_kedi_identity,2009|2010|2011|2012|2013|2014|2015,수동검토확정|KEDI·학과·공식이력 교차검증,3,33,0,폐과,미용보건학과,retain_closed_graduate_school_open_id_separately_no_successor_auto_join,수동 전수검토에서 동덕여자대학교 미용보건대학원으로 확정했다. KEDI 폐교 행의 7개 연도 핵심값이 전부 일치하고 대학 공식 조직·연혁의 미용보건학과 계보가 부합. 후속 보건과학대학원과 자동 병합하지 않음. 학교명만 기록하며 역사 OpenID는 별도 보존하고 자동 병합하지 않는다.
12,3042672216,2009,2015,7,2015,unmatched,confirmed_identity_closed_name_change_predecessor_id,동덕여자대학교 비만과학대학원,confirmed_final_manual_review_identity,2009|2010|2011|2012|2013|2014|2015,폐교|2009 KEDI 후보|공식 설립·후속 명칭변경 이력,6,160,6,표지 없음,비만관리학과,retain_predecessor_open_id_separately_no_auto_join,최종 수동검토에서 동덕여자대학교 비만과학대학원으로 확정했다. 2009년 KEDI 폐교 후보와 비만관리학과가 일치한다. 동덕여자대학교 공식 연혁은 비만과학대학원 설립과 후속 대학원 명칭변경 계보를 확인한다. 학교명만 기록하며 역사 OpenID는 별도 보존하고 자동 병합하지 않는다.
13,6131698310,2009,2015,7,2015,unmatched,confirmed_identity_closed_school_residual_id,백석대학교 정보기술대학원,confirmed_manual_reviewed_kedi_identity,2009|2010|2011|2012|2013|2014|2015,수동검토확정|KEDI·학과·공식이력 교차검증,6,56,6,표지 없음,컴퓨터학전공,retain_closed_graduate_school_open_id_separately_no_successor_auto_join,수동 전수검토에서 백석대학교 정보기술대학원으로 확정했다. KEDI의 문헌정보대학원·정보기술대학원 0행 중 컴퓨터학전공이 정보기술대학원을 유일하게 지시하고 문헌정보대학원은 별도 OpenID로 확인됨. 학교명만 기록하며 역사 OpenID는 별도 보존하고 자동 병합하지 않는다.
14,6159198999,2009,2015,7,2015,unmatched,confirmed_identity_closed_school_residual_id,가야대학교세라믹국제정보대학원,confirmed_manual_reviewed_kedi_identity,2009|2010|2011|2012|2013|2014|2015,수동검토확정|KEDI·학과·공식이력 교차검증,6,56,7,기존,국제통상학전공|세라믹디자인|세라믹재료공학,retain_closed_graduate_school_open_id_separately_no_successor_auto_join,수동 전수검토에서 가야대학교세라믹국제정보대학원으로 확정했다. KEDI 동일 대학원 행이 2009-2015 위치·캠퍼스·핵심값과 일치하며 2014년 이후 폐교 표시. 학교명만 기록하며 역사 OpenID는 별도 보존하고 자동 병합하지 않는다.
15,6505783319,2009,2015,7,2015,unmatched,confirmed_identity_closed_school_residual_id,동덕여자대학교 여성개발대학원,confirmed_final_manual_review_identity,2009|2010|2011|2012|2013|2014|2015,폐교|2010 KEDI 후보|공식 설립 이력,5,52,6,표지 없음,국제컨벤션ㆍ이벤트학과|문예창작학과,retain_closed_graduate_school_open_id_separately_no_successor_auto_join,최종 수동검토에서 동덕여자대학교 여성개발대학원으로 확정했다. 2010년 KEDI 폐교 후보와 국제컨벤션ㆍ이벤트학과·문예창작학과 조합이 일치한다. 동덕여자대학교 공식 연혁은 여성개발대학원 설립과 구성 학과를 확인한다. 학교명만 기록하며 역사 OpenID는 별도 보존하고 자동 병합하지 않는다.
16,6724196135,2009,2015,7,2021,unmatched,confirmed_identity_closed_school_residual_id,인하대학교국제통상물류대학원,confirmed_exact_longitudinal_metrics_and_closed_status,2009|2010|2011|2012|2013|2014|2015,폐교|2021 학과상태 폐과,2,21,0,폐과,교통물류학과|국제통상학과,retain_closed_graduate_school_open_id_separately_no_successor_auto_join,"2009~2015년 EDSS의 인천 남구 대학원 행으로, 학과 수·입학·재적·졸업·성별·교원·직원 값이 KEDI 인하대학교국제통상물류대학원 폐교 행과 모든 연도에 정확히 일치한다. 2009~2012년에는 잔존 학생·졸업생 실적이 있고 2013~2015년 핵심 값은 모두 0이다. 2021년 대학정보공시에는 성적분포 9행과 장학금 12행만 남아 있으며 모든 측정값이 0이고 교통물류학과·국제통상학과는 모두 폐과다. 인하대학교 공식 자료에서 국제통상물류대학원과 물류전문대학원이 동시에 별도 기관으로 기재되므로 물류전문대학원 OpenID 7490314424와 자동 조인하지 않는다."
17,6924725592,2009,2015,7,2023,unmatched,confirmed_identity_merger_residual_predecessor_id,인천전문대학,confirmed_longitudinal_metrics_and_official_merger,2009|2010|2011|2012|2013|2014|2015,기존|폐교|2010-03-01 인천대학교와 통합,1,1,0,표지 없음,E-비즈니스과|건축과|경영과|기계과|기계설계과|디지털정보전자과|메카트로닉스전공|무도경호과,link_successor_open_id_3512490093_keep_school_type_metrics_separate,"2009~2015년 EDSS의 인천 남구 공립 전문대학 행이다. 2010~2014년 재적학생·졸업생과 성별 세부값이 KEDI 인천전문대학 폐교 행과 연도별로 정확히 일치하고, 2015년에는 양쪽 모두 0이다. KEDI가 과거 연도에도 2018년 변경된 미추홀구 명칭을 적용하고 일부 학과 수가 1개씩 달라 자동 매칭이 실패했다. 인천대학교 공식 연혁의 2010-03-01 인천전문대학 통합 출범을 근거로 후속 OpenID 3512490093과 이력만 연결한다. 기존 전문대 잔존 코호트가 2014년까지 별도 집계되므로 두 ID와 학제별 실적은 분리 보존한다."
18,7230894923,2009,2015,7,2015,unmatched,confirmed_identity_closed_school_residual_id,백석대학교 문헌정보대학원,confirmed_unique_department_signature_location_and_official_closure,2009|2010|2011|2012|2013|2014|2015,폐교|2005-10-01 폐원|학과상태 폐과,10,162,6,표지 없음,문헌정보교육학전공|문헌정보학전공,retain_closed_graduate_school_open_id_separately_no_successor_auto_join,"2009~2015년 EDSS의 서울 서초구 대학원 행으로, KEDI 백석대학교 문헌정보대학원 폐교 행과 지역·학교유형·주야간 및 핵심 실적값이 일치한다. 문헌정보교육학전공과 문헌정보학전공의 정확한 학과명 조합은 이 OpenID에서만 관측되고, 두 학과 모두 대학정보공시에서 폐과로 표시된다. 실질 학생·졸업·교직원·학과 수는 전 기간 0이며, 2015년 비영 값은 학교수·야간학교수·공학학교수 같은 집계용 표시값뿐이다. 백석대학교 대학원 학칙 부칙과 공식 연혁은 문헌정보대학원이 2005-10-01 폐원했음을 명시한다. 공식 자료에 직접 지정된 후속 기관은 없으므로 다른 OpenID와 자동 조인하지 않는다."
19,8145061492,2009,2015,7,2015,unmatched,confirmed_identity_closed_school_residual_id,경기대학교 전통예술대학원,confirmed_exact_longitudinal_kedi_name_metrics_and_closed_departments,2009|2010|2011|2012|2013|2014|2015,폐교|학과상태 폐과,5,52,7,표지 없음,고미술감정전공|귀금속공예전공|도자공예전공|문인화전공|문화재보존처리전공|서예전공,retain_closed_graduate_school_open_id_separately_no_successor_auto_join,"2009~2015년 EDSS의 서울 서대문구 야간 대학원 행으로, KEDI에는 같은 기간 매년 경기대학교 전통예술대학원이 동일 지역·학교유형·주야간·본교 속성의 폐교 행으로 존재한다. EDSS와 KEDI의 연도별 졸업생 수 8·0·1·1·0·0·0도 정확히 일치한다. 고미술감정·귀금속공예·도자공예·문인화·문화재보존처리·서예 전공은 공시 패널에서 폐과로 표시된다. 2015년 신규 학생·입학·졸업·교직원 활동은 0이지만 학교수 계열 집계 표시 6개와 문학 전문학위 누계수여인원 1명이 잔존한다. 미술·디자인대학원 OpenID 3227136850 및 예술대학원 OpenID 6763784468과 학과 계보상 관련 가능성은 있으나, 공식적인 OpenID 대응 근거가 없으므로 자동 조인하지 않는다."
20,9152068436,2009,2015,7,2015,unmatched,confirmed_identity_name_change_predecessor_id,백석대학교 기독신학대학원,confirmed_exact_longitudinal_metrics_and_official_name_change,2009|2010|2011|2012|2013|2014|2015,폐교|2009-03-01 신학대학원으로 명칭변경,10,162,6,표지 없음,목회학전공,link_successor_open_id_9246115267_keep_transition_metrics_separate,"2009~2015년 EDSS의 서울 서초구 대학원 행으로, KEDI 백석대학교 기독신학대학원 폐교 행과 지역·학교유형·주야간 및 연도별 졸업생 수 224·0·0·0·0·0·0이 정확히 일치한다. 목회학전공은 공시 패널에서 폐과로 표시된다. 백석대학교 공식 대학원 연혁과 학위수여 규정 부칙은 2009-03-01 기독신학대학원을 신학대학원으로 명칭 변경했음을 명시한다. 후속 OpenID 9246115267은 같은 2009년에 입학생 238명과 재적학생 927명을 담고, 구 ID는 졸업생 224명을 담으므로 전환기 실적은 분리 보존한다. 2015년의 비영 값 6개는 모두 학교수 계열 집계 표시다."
21,4708137869,2009,2016,6,2016,unmatched,confirmed_identity_closed_name_change_predecessor_id,우송대학교 공학대학원,confirmed_kedi_metric_department_and_official_name_lineage,2009|2012|2013|2014|2015|2016,폐교|2006-11-03 공학·디자인대학원으로 통합 명칭변경,6,25,6,표지 없음,건축공학과|전자정보통신공학과|철도건설환경공학과|컴퓨터과학과,retain_predecessor_open_id_separately_no_unique_successor_auto_join,"2009년 EDSS와 KEDI 우송대학교 공학대학원 폐교 행의 졸업생 7명이 일치하고, 2012~2016년 핵심 활동값은 0이다. 건축공학과·전자정보통신공학과·철도건설환경공학과·컴퓨터과학과가 확인되며 일부는 폐과다. 공식 연혁은 2006-11-03 공학대학원과 디자인대학원을 공학·디자인대학원으로 변경했다고 명시한다. 후속 명칭의 EDSS ID가 둘이므로 특정 ID와 자동 조인하지 않는다."
22,2012388527,2016,2019,4,2025,unmatched,confirmed_identity_closed_school_residual_id,경남대학교 북한대학원,confirmed_kedi_metric_location_and_department_context,2016|2017|2018|2019,기존|폐교,2,168,0,폐과,경제|군사안보|문화언론|사회|정보통신|정치통일|통일교육,retain_closed_graduate_school_open_id_separately_no_successor_auto_join,EDSS에서 졸업생 수가 2016~2019년 1·3·0·0명으로 KEDI와 일치한다. 같은 연도·지역·학교유형의 KEDI 경남대학교 북한대학원 행과 핵심 수치가 일치한다. 경제·군사안보·정치통일 등 7개 학과는 후속 패널에서 모두 폐과다. 따라서 학교명은 확정하되 폐교 잔존 OpenID로 별도 보존하고 다른 대학원과 자동 조인하지 않는다.
23,2037459135,2009,2011,3,2011,unmatched,confirmed_identity_closed_name_change_predecessor_id,부산외국어대학교 국제통상대학원,confirmed_manual_reviewed_kedi_identity,2009|2010|2011,수동검토확정|KEDI·학과·공식이력 교차검증,11,102,0,표지 없음,아세안통상경영전공|중국통상경영전공,retain_predecessor_open_id_separately_no_auto_join,수동 전수검토에서 부산외국어대학교 국제통상대학원으로 확정했다. KEDI 국제통상대학원 폐교 0행이 3개 연도 일치하고 학과서명은 국제통상경영대학원과 일치하며 공식 요람이 2009학년도 명칭 적용을 확인. 후속 OpenID 7018181800과 명칭 계보만 연결 가능. 학교명만 기록하며 역사 OpenID는 별도 보존하고 자동 병합하지 않는다.
24,4408170342,2009,2011,3,2011,unmatched,confirmed_identity_department_residual_id,신경대학교 일반대학원,confirmed_manual_reviewed_kedi_identity,2009|2010|2011,수동검토확정|KEDI·학과·공식이력 교차검증,15,272,6,기존|변경|폐과,사회복지학과|생명공학과|인터넷정보통신학과,retain_historical_open_id_separately_no_auto_join,수동 전수검토에서 신경대학교 일반대학원으로 확정했다. KEDI 신경대학교 일반대학원 행이 3개 연도 위치·본교·핵심값과 전부 일치하고 세 학과가 후속 화성의과학대학교 학과서명과 일치. 대학 교명변경 계보는 연결하되 자동 병합 금지. 학교명만 기록하며 역사 OpenID는 별도 보존하고 자동 병합하지 않는다.
25,4455055356,2019,2021,3,2021,unmatched,confirmed_identity_closed_school_residual_id,배재대학교 정보통신대학원,confirmed_manual_reviewed_kedi_identity,2019|2020|2021,수동검토확정|KEDI·학과·공식이력 교차검증,8,29,6,폐과,정보통신학과,retain_closed_graduate_school_open_id_separately_no_successor_auto_join,수동 전수검토에서 배재대학교 정보통신대학원으로 확정했다. KEDI 폐교 행의 3개 연도 핵심값이 정확히 일치하고 배재대학교 공식 연혁에도 정보통신학과 인가가 확인됨. 학교명만 기록하며 역사 OpenID는 별도 보존하고 자동 병합하지 않는다.
26,4468261480,2013,2015,3,2017,unmatched,confirmed_identity_department_residual_id,협성대학교 행정대학원,confirmed_final_manual_review_identity,2013|2014|2015,기존|2013~2015 동일연도 KEDI 문맥,1,6,0,기존,행정학과,retain_historical_open_id_separately_no_auto_join,최종 수동검토에서 협성대학교 행정대학원으로 확정했다. 2013~2015년 동일 지역 KEDI 행정대학원 문맥과 행정학과 서명이 일치한다. 협성대학교 공식 대학원 연혁과 자체평가 자료도 행정대학원 행정학과 운영을 확인한다. 학교명만 기록하며 역사 OpenID는 별도 보존하고 자동 병합하지 않는다.
27,5609140694,2009,2011,3,2011,unmatched,confirmed_identity_closed_school_residual_id,부산외국어대학교국제경영지역학대학원,confirmed_manual_reviewed_kedi_identity,2009|2010|2011,수동검토확정|KEDI·학과·공식이력 교차검증,28,887,1,폐과,국제경영전공|국제무역학과|아주지역전공,retain_closed_graduate_school_open_id_separately_no_successor_auto_join,수동 전수검토에서 부산외국어대학교국제경영지역학대학원으로 확정했다. KEDI 폐교 행의 3개 연도 핵심값이 정확히 일치하고 학과 성격도 경영·지역학 조합과 부합. 학교명만 기록하며 역사 OpenID는 별도 보존하고 자동 병합하지 않는다.
28,6058101713,2013,2015,3,2017,unmatched,confirmed_identity_department_residual_id,협성대학교 경영대학원,confirmed_final_manual_review_identity,2013|2014|2015,기존|2013~2015 동일연도 KEDI 문맥,1,6,0,기존,경영학과,retain_historical_open_id_separately_no_auto_join,최종 수동검토에서 협성대학교 경영대학원으로 확정했다. 2013~2015년 동일 지역 KEDI 경영대학원 문맥과 경영학과 서명이 일치한다. 협성대학교 공식 대학원 연혁과 자체평가 자료도 경영대학원 경영학과 운영을 확인한다. 학교명만 기록하며 역사 OpenID는 별도 보존하고 자동 병합하지 않는다.
29,6565308511,2018,2020,3,2021,unmatched,confirmed_identity_closed_school_residual_id,수원대학교 인공지능대학원,confirmed_manual_reviewed_kedi_identity,2018|2019|2020,수동검토확정|KEDI·학과·공식이력 교차검증,2,15,0,폐과,인공지능공학과,retain_closed_graduate_school_open_id_separately_no_successor_auto_join,수동 전수검토에서 수원대학교 인공지능대학원으로 확정했다. KEDI에서 금융공학대학원과 인공지능대학원 0행이 겹치지만 인공지능공학과가 후자를 유일하게 지시하고 신설→폐교 흐름도 일치. 학교명만 기록하며 역사 OpenID는 별도 보존하고 자동 병합하지 않는다.
30,7059025943,2009,2011,3,2011,unmatched,confirmed_identity_closed_school_residual_id,서울여자대학교사회복지대학원,confirmed_kedi_metric_location_and_department_context,2009|2010|2011,폐교,33,1049,0,폐과,노인복지전공|사회복지전공,retain_closed_graduate_school_open_id_separately_no_successor_auto_join,EDSS에서 2010년 졸업생 4명만 비영인 잔존 실적이 KEDI와 일치한다. 같은 연도·지역·학교유형의 KEDI 서울여자대학교사회복지대학원 행과 핵심 수치가 일치한다. 노인복지전공과 사회복지전공은 폐과다. 따라서 학교명은 확정하되 폐교 잔존 OpenID로 별도 보존하고 다른 대학원과 자동 조인하지 않는다.
31,7638497352,2009,2011,3,2012,unmatched,confirmed_identity_closed_name_change_predecessor_id,부산대학교 국제대학원,confirmed_final_manual_review_identity,2009|2010|2011,폐교|2009~2011 동일연도 KEDI 문맥|1997 신설·2004 국제전문대학원 신설,1,200,0,표지 없음,,retain_predecessor_open_id_separately_no_auto_join,최종 수동검토에서 부산대학교 국제대학원으로 확정했다. 2009~2011년 동일 지역 KEDI 국제대학원 폐교 행과 0활동 문맥이 반복된다. 부산대학교 공식 디지털아카이브는 1997년 국제대학원과 2004년 국제전문대학원 신설을 확인한다. 학교명만 기록하며 역사 OpenID는 별도 보존하고 자동 병합하지 않는다.
32,8251157879,2009,2011,3,2011,unmatched,confirmed_identity_closed_school_residual_id,서울여자대학교기독교대학원,confirmed_manual_reviewed_kedi_identity,2009|2010|2011,수동검토확정|KEDI·학과·공식이력 교차검증,32,1215,0,폐과,가족상담전공|기독교교육전공|선교학전공,retain_closed_graduate_school_open_id_separately_no_successor_auto_join,수동 전수검토에서 서울여자대학교기독교대학원으로 확정했다. KEDI 동일 대학원 폐교 행이 3개 연도 핵심값과 일치하고 세 전공의 기독교 계열 조합이 사회복지대학원 후보를 배제. 학교명만 기록하며 역사 OpenID는 별도 보존하고 자동 병합하지 않는다.
33,8253922164,2009,2011,3,2012,unmatched,confirmed_identity_closed_school_residual_id,동명정보대학교 건축대학원,confirmed_kedi_metric_location_and_department_context,2009|2010|2011,폐교,4,338,0,표지 없음,건축공학과|건축학과,retain_closed_graduate_school_open_id_separately_no_successor_auto_join,EDSS에서 졸업생 수가 2009~2011년 5·1·0명으로 KEDI와 일치한다. 같은 연도·지역·학교유형의 KEDI 동명정보대학교 건축대학원 행과 핵심 수치가 일치한다. 건축공학과와 건축학과가 확인된다. 따라서 학교명은 확정하되 폐교 잔존 OpenID로 별도 보존하고 다른 대학원과 자동 조인하지 않는다.
34,8523545861,2009,2011,3,2011,unmatched,confirmed_identity_closed_school_residual_id,고신대학교생활정보대학원,confirmed_kedi_metric_location_and_department_context,2009|2010|2011,폐교,16,164,0,폐과,시각영상디자인전공,retain_closed_graduate_school_open_id_separately_no_successor_auto_join,EDSS에서 2010년 졸업생 1명만 비영인 잔존 실적이 KEDI와 일치한다. 같은 연도·지역·학교유형의 KEDI 고신대학교생활정보대학원 행과 핵심 수치가 일치한다. 시각영상디자인전공은 폐과다. 따라서 학교명은 확정하되 폐교 잔존 OpenID로 별도 보존하고 다른 대학원과 자동 조인하지 않는다.
35,9257303833,2015,2017,3,2017,unmatched,confirmed_identity_closed_school_residual_id,한신대학교 발전학대학원,confirmed_manual_reviewed_kedi_identity,2015|2016|2017,수동검토확정|KEDI·학과·공식이력 교차검증,8,53,6,표지 없음,발전학전공,retain_closed_graduate_school_open_id_separately_no_successor_auto_join,수동 전수검토에서 한신대학교 발전학대학원으로 확정했다. KEDI의 발전학대학원·국제평화인권대학원 0행이 겹치지만 발전학전공이 전자를 직접 지시. 학교명만 기록하며 역사 OpenID는 별도 보존하고 자동 병합하지 않는다.
36,9298671543,2009,2011,3,2012,unmatched,confirmed_identity_closed_school_residual_id,서경대학교경영행정대학원,confirmed_kedi_metric_location_and_department_context,2009|2010|2011,폐교,1,200,0,표지 없음,미용경영학과,retain_closed_graduate_school_open_id_separately_no_successor_auto_join,EDSS에서 졸업생 수가 2009~2011년 1·3·0명으로 KEDI와 일치한다. 같은 연도·지역·학교유형의 KEDI 서경대학교경영행정대학원 행과 핵심 수치가 일치한다. 미용경영학과가 확인된다. 따라서 학교명은 확정하되 폐교 잔존 OpenID로 별도 보존하고 다른 대학원과 자동 조인하지 않는다.
37,9437484979,2013,2016,3,2016,unmatched,confirmed_identity_closed_school_residual_id,영산대학교 원자력경영대학원,confirmed_manual_reviewed_kedi_identity,2013|2014|2015|2016,수동검토확정|KEDI·학과·공식이력 교차검증,9,41,2,폐과,원자력경영전공,retain_closed_graduate_school_open_id_separately_no_successor_auto_join,수동 전수검토에서 영산대학교 원자력경영대학원으로 확정했다. KEDI 동일 대학원이 제2캠퍼스에서 신설→기존→폐교로 변하며 EDSS 연도·캠퍼스·핵심값과 일치. 학교명만 기록하며 역사 OpenID는 별도 보존하고 자동 병합하지 않는다.
38,1542901098,2009,2010,2,2011,unmatched,confirmed_identity_closed_school_residual_id,한림대학교 행정대학원,confirmed_manual_reviewed_kedi_identity,2009|2010,수동검토확정|KEDI·학과·공식이력 교차검증,1,1,0,폐과,행정학과,retain_closed_graduate_school_open_id_separately_no_successor_auto_join,수동 전수검토에서 한림대학교 행정대학원으로 확정했다. KEDI 동일 대학원 폐교 행이 두 연도 위치·본교·핵심값과 모두 일치. 학교명만 기록하며 역사 OpenID는 별도 보존하고 자동 병합하지 않는다.
39,2542345285,2009,2010,2,2011,unmatched,confirmed_identity_closed_school_residual_id,동아대학교 정책과학대학원,confirmed_manual_reviewed_kedi_identity,2009|2010,수동검토확정|KEDI·학과·공식이력 교차검증,2,57,0,폐과,사회복지학전공|지방자치행정전공|행정학전공,retain_closed_graduate_school_open_id_separately_no_successor_auto_join,수동 전수검토에서 동아대학교 정책과학대학원으로 확정했다. KEDI 정책과학대학원 폐교 0행과 두 연도가 일치하며 행정·지방자치 학과서명이 언론홍보대학원 후보를 배제. 연도별 띄어쓰기 변형은 동일 기관으로 정규화. 학교명만 기록하며 역사 OpenID는 별도 보존하고 자동 병합하지 않는다.
40,3386667668,2009,2010,2,2012,unmatched,confirmed_identity_closed_name_change_predecessor_id,삼척대학교방재기술전문대학원,confirmed_manual_reviewed_kedi_identity,2009|2010,수동검토확정|KEDI·학과·공식이력 교차검증,1,200,0,표지 없음,광해?지반방재전공|광해ㆍ지반방재전공|도시?환경방재전공|도시ㆍ환경방재전공|방재설비전공|재해방재전공,link_successor_history_keep_predecessor_open_id_separate,수동 전수검토에서 삼척대학교방재기술전문대학원으로 확정했다. KEDI 본교 폐교 0행이 두 연도 일치하고 강원대학교 공식 연혁이 삼척대학교 방재기술대학원→강원대학교 방재기술전문대학원 계보와 4개 전공을 확인. 제2캠퍼스 OpenID 7737709581과 구분. 학교명만 기록하며 역사 OpenID는 별도 보존하고 자동 병합하지 않는다.
41,3440395534,2009,2010,2,2011,unmatched,confirmed_identity_closed_school_residual_id,덕성여자대학교 정보통신대학원,confirmed_manual_reviewed_kedi_identity,2009|2010,수동검토확정|KEDI·학과·공식이력 교차검증,4,16,0,폐과,인터넷정보공학전공|정보통신전공,retain_closed_graduate_school_open_id_separately_no_successor_auto_join,수동 전수검토에서 덕성여자대학교 정보통신대학원으로 확정했다. KEDI의 동일 지역 폐교 0행 세 후보 중 정보통신 학과서명이 덕성여대 정보통신대학원을 유일하게 지시. 학교명만 기록하며 역사 OpenID는 별도 보존하고 자동 병합하지 않는다.
42,3681159734,2009,2010,2,2011,unmatched,confirmed_identity_department_residual_id,영산대학교 TESOL 대학원,confirmed_manual_reviewed_kedi_identity,2009|2010,수동검토확정|KEDI·학과·공식이력 교차검증,2,19,11,폐과,TESOL전공,retain_historical_open_id_separately_no_auto_join,수동 전수검토에서 영산대학교 TESOL 대학원으로 확정했다. KEDI 제2캠퍼스 TESOL 대학원 행이 신설→기존으로 두 연도 위치·캠퍼스·핵심값과 일치. 후속 폐과 흔적 때문에 활성 기관 분석에서 제외. 학교명만 기록하며 역사 OpenID는 별도 보존하고 자동 병합하지 않는다.
43,4089279294,2009,2010,2,2010,unmatched,confirmed_identity_closed_school_residual_id,선문대학교 산업정보통신대학원,confirmed_kedi_metric_location_and_department_context,2009|2010,폐교,17,187,51,신설|폐과,금속재료공학과|생산시스템공학과|응용화학과|전자통신공학과|정보통신학과,retain_closed_graduate_school_open_id_separately_no_successor_auto_join,EDSS에서 2010년 졸업생 2명이 KEDI 폐교 행과 일치한다. 같은 연도·지역·학교유형의 KEDI 선문대학교 산업정보통신대학원 행과 핵심 수치가 일치한다. 금속재료공학과 등 5개 학과에서 신설·폐과 상태가 함께 관측된다. 따라서 학교명은 확정하되 폐교 잔존 OpenID로 별도 보존하고 다른 대학원과 자동 조인하지 않는다.
44,6188584208,2009,2010,2,2011,unmatched,confirmed_identity_closed_school_residual_id,서경대학교사회과학대학원,confirmed_kedi_metric_location_and_department_context,2009|2010,폐교,2,10,0,폐과,청소년학과,retain_closed_graduate_school_open_id_separately_no_successor_auto_join,EDSS에서 졸업생 수가 2009~2010년 3·1명으로 KEDI와 일치한다. 같은 연도·지역·학교유형의 KEDI 서경대학교사회과학대학원 행과 핵심 수치가 일치한다. 청소년학과는 폐과다. 따라서 학교명은 확정하되 폐교 잔존 OpenID로 별도 보존하고 다른 대학원과 자동 조인하지 않는다.
45,7344788491,2009,2010,2,2010,unmatched,confirmed_identity_closed_name_change_predecessor_id,공주대학교교육정보대학원,confirmed_manual_reviewed_kedi_identity,2009|2010,수동검토확정|KEDI·학과·공식이력 교차검증,12,213,1,폐과,교육공학전공|교육방송전공|교육정보관리전공|멀티미디어교육매체전공|영상매체전공,retain_predecessor_open_id_separately_no_auto_join,수동 전수검토에서 공주대학교교육정보대학원으로 확정했다. KEDI 동일 대학원 폐교 0행이 두 연도 일치하고 학과서명은 후속 교육정보·사회복지대학원 계보와 부합. 학교명만 기록하며 역사 OpenID는 별도 보존하고 자동 병합하지 않는다.
46,8878228843,2009,2010,2,2010,unmatched,confirmed_identity_closed_school_residual_id,안양대학교첨단산업기술대학원,confirmed_manual_reviewed_kedi_identity,2009|2010,수동검토확정|KEDI·학과·공식이력 교차검증,23,551,0,폐과,디지털국토.도시관리학과|부동산컨설팅학과,retain_closed_graduate_school_open_id_separately_no_successor_auto_join,수동 전수검토에서 안양대학교첨단산업기술대학원으로 확정했다. KEDI 동일 대학원 폐교 0행이 두 연도 일치하고 안양대학교 공식 연혁이 첨단산업기술대학원의 부동산컨설팅학과 설치를 확인. 학교명만 기록하며 역사 OpenID는 별도 보존하고 자동 병합하지 않는다.
47,9152388691,2017,2018,2,2020,unmatched,confirmed_identity_closed_school_residual_id,서울과학기술대학교(산업대학) 주택도시대학원,confirmed_kedi_residual_and_exact_department_signature,2017|2018,폐교|현재 주택도시대학원 동일 학과서명,2,39,0,폐과,건축환경?설비공학과|주택?건축디자인학과|주택도시개발?관리학과|주택도시건축공학과|주택도시경영학과,retain_historical_parent_type_open_id_separately_no_auto_join,"2018년 같은 지역 KEDI의 서울과학기술대학교(산업대학) 주택도시대학원 폐교 잔존 행과 대응하고, 5개 학과 집합은 확인 ID 8655836164의 주택도시대학원과 정확히 같다. 공식 홈페이지는 주택도시대학원이 2001년 설립되어 현재도 운영됨을 확인한다. 역사적 모체 유형 잔존 ID로 보존하고 확인 ID와 자동 병합하지 않는다."
48,9468469321,2009,2010,2,2011,unmatched,confirmed_identity_closed_name_change_predecessor_id,홍익대학교 국제경영대학원,confirmed_manual_reviewed_kedi_identity,2009|2010,수동검토확정|KEDI·학과·공식이력 교차검증,2,12,0,폐과,경영정보학전공|경영학전공|국제경영학전공|국제통상학전공|품질ㆍ환경경영전공,retain_predecessor_open_id_separately_no_auto_join,수동 전수검토에서 홍익대학교 국제경영대학원으로 확정했다. KEDI 국제경영대학원 폐교 0행이 두 연도 일치하고 학과서명은 후속 경영대학원과 정확히 일치하며 공식 연혁·학칙이 종전 국제경영대학원을 확인. 후속 경영대학원 OpenID 6283882558과 계보만 연결 가능. 학교명만 기록하며 역사 OpenID는 별도 보존하고 자동 병합하지 않는다.
49,1139362752,2014,2014,1,2015,unmatched,confirmed_identity_closed_school_residual_id,한양대학교 도시융합개발대학원,confirmed_final_manual_review_identity,2014,기존|2014 공식 설치학과|2014 폐지 의결,2,11,5,기존,도시계획설계학과|도시공학과,retain_closed_graduate_school_open_id_separately_no_successor_auto_join,최종 수동검토에서 한양대학교 도시융합개발대학원으로 확정했다. 2014년 도시공학과·도시계획설계학과는 공식 회의록의 도시융합개발대학원 설치학과와 정확히 일치한다. 같은 해 별도 OpenID의 도시대학원 학과집합과는 겹치지 않으며 공식 회의록은 도시융합개발대학원 폐지도 확인한다. 학교명만 기록하며 역사 OpenID는 별도 보존하고 자동 병합하지 않는다.
50,1400377094,2009,2009,1,2009,unmatched,confirmed_identity_closed_school_residual_id,상명대학교 디지털미디어대학원,confirmed_kedi_metric_location_and_department_context,2009,폐교,32,3238,93,폐과,게임학과|기술경영학과|디지털영상학과|디지털콘텐츠학과|뮤직테크놀로지학과|전자정부학과,retain_closed_graduate_school_open_id_separately_no_successor_auto_join,EDSS에서 2009년 졸업생 16명이 KEDI 폐교 행과 일치한다. 같은 연도·지역·학교유형의 KEDI 상명대학교 디지털미디어대학원 행과 핵심 수치가 일치한다. 게임·디지털영상·디지털콘텐츠 등 6개 학과는 폐과다. 따라서 학교명은 확정하되 폐교 잔존 OpenID로 별도 보존하고 다른 대학원과 자동 조인하지 않는다.
51,1651128768,2010,2010,1,2010,unmatched,confirmed_identity_closed_campus_residual_id,한국폴리텍Ⅳ대학 제천캠퍼스,confirmed_final_graduation_department_and_official_closure,2010,폐교|2010-02 폐교,24,1684,109,폐과,메카트로닉스과|산업설비자동화과|자동차과|정보통신시스템과|컴퓨터응용기계과,retain_closed_campus_open_id_separately_no_successor_join,"2010년 EDSS에서 입학생·재적학생·교원·직원은 0이고 마지막 졸업생 68명(여성 3명)만 남아 있다. 메카트로닉스과·산업설비자동화과·자동차과·정보통신시스템과·컴퓨터응용기계과 등 5개 학과는 대학정보공시에서 모두 폐과로 표시된다. 국회예산정책처 자료는 한국폴리텍대학 구 제천캠퍼스가 2010년 2월 폐교했다고 명시하며, 한국폴리텍대학도 제천캠퍼스를 폐교 캠퍼스로 안내한다. 학적 관리처인 Ⅳ대학 대전캠퍼스와 후속 학교로 자동 병합하지 않는다."
52,1789836525,2009,2009,1,2009,unmatched,confirmed_identity_merger_residual_predecessor_id,한국정보통신대학교 경영전문대학원,confirmed_kedi_metric_and_official_kaist_merger,2009,폐교|2009-03-01 KAIST 통합,16,296,31,폐과,경영전공,link_kaist_merger_history_keep_predecessor_open_id_separate_no_metric_join,2009년 EDSS의 졸업생 11명과 경영전공 폐과 기록이 같은 지역 KEDI 한국정보통신대학교 경영전문대학원 폐교 행과 일치한다. KAIST 공식 연혁은 2009-03-01 한국정보통신학원(ICU·한국정보통신대학교) 통합을 확인한다. 통합 이력만 연결하고 이 OpenID의 실적은 별도 보존한다.
53,2031110882,2009,2009,1,2009,unmatched,confirmed_identity_closed_school_residual_id,남부대학교 태권도체육대학원,confirmed_final_manual_review_identity,2009,폐교|2009 동일연도 KEDI 문맥,5,74,0,표지 없음,,retain_closed_graduate_school_open_id_separately_no_successor_auto_join,최종 수동검토에서 남부대학교 태권도체육대학원으로 확정했다. 2009년 광주 광산구 대학원 0활동 행이 같은 연도·지역·학교유형의 KEDI 남부대학교 태권도체육대학원 폐교 행과 유일한 문맥으로 대응한다. 학교명만 기록하며 역사 OpenID는 별도 보존하고 자동 병합하지 않는다.
54,2299522757,2009,2009,1,2009,unmatched,confirmed_identity_historical_reorganization_predecessor_id,한국국제대학교 관광대학원,confirmed_manual_reviewed_kedi_identity,2009,수동검토확정|KEDI·학과·공식이력 교차검증,19,559,10,폐과,관광경영학과|호텔외식경영학,retain_predecessor_open_id_separately_no_auto_join,수동 전수검토에서 한국국제대학교 관광대학원으로 확정했다. KEDI의 한국국제대학교 0행 세 후보 중 두 학과가 관광대학원을 직접 지시하고 후속 경영행정관광대학원에서 관광경영학과가 확인됨. 학교명만 기록하며 역사 OpenID는 별도 보존하고 자동 병합하지 않는다.
55,2838729381,2009,2009,1,2009,unmatched,confirmed_identity_closed_school_residual_id,영산대학교(산업대) 부동산대학원,confirmed_kedi_metric_location_and_department_context,2009,폐교,28,752,26,폐과,부동산전공,retain_closed_graduate_school_open_id_separately_no_successor_auto_join,EDSS에서 2009년 졸업생 3명이 KEDI 폐교 행과 일치한다. 같은 연도·지역·학교유형의 KEDI 영산대학교(산업대) 부동산대학원 행과 핵심 수치가 일치한다. 부동산전공은 폐과다. 따라서 학교명은 확정하되 폐교 잔존 OpenID로 별도 보존하고 다른 대학원과 자동 조인하지 않는다.
56,3083711624,2009,2009,1,2009,unmatched,confirmed_identity_closed_school_residual_id,영산대학교 조리대학원,confirmed_kedi_metric_location_and_department_context,2009,폐교,20,264,18,폐과,조리학전공,retain_closed_graduate_school_open_id_separately_no_successor_auto_join,EDSS에서 2009년 졸업생 1명이 KEDI 폐교 행과 일치한다. 같은 연도·지역·학교유형의 KEDI 영산대학교 조리대학원 행과 핵심 수치가 일치한다. 조리학전공은 폐과다. 따라서 학교명은 확정하되 폐교 잔존 OpenID로 별도 보존하고 다른 대학원과 자동 조인하지 않는다.
57,3571888148,2009,2009,1,2009,unmatched,confirmed_identity_closed_school_residual_id,국민대학교정보과학대학원,confirmed_manual_reviewed_kedi_identity,2009,수동검토확정|KEDI·학과·공식이력 교차검증,19,315,0,폐과,경영정보전공,retain_closed_graduate_school_open_id_separately_no_successor_auto_join,수동 전수검토에서 국민대학교정보과학대학원으로 확정했다. KEDI 동일 대학원 폐교 0행이 단독으로 핵심값과 일치하고 경영정보전공이 정보과학 계열에 부합. 학교명만 기록하며 역사 OpenID는 별도 보존하고 자동 병합하지 않는다.
58,3987692773,2009,2009,1,2009,unmatched,confirmed_identity_closed_school_residual_id,인제대학교 첨단산업기술대학원,confirmed_kedi_metric_location_and_department_context,2009,폐교,17,347,15,폐과,기계공학전공,retain_closed_graduate_school_open_id_separately_no_successor_auto_join,EDSS에서 2009년 졸업생 2명이 KEDI 폐교 행과 일치한다. 같은 연도·지역·학교유형의 KEDI 인제대학교 첨단산업기술대학원 행과 핵심 수치가 일치한다. 기계공학전공은 폐과다. 따라서 학교명은 확정하되 폐교 잔존 OpenID로 별도 보존하고 다른 대학원과 자동 조인하지 않는다.
59,4062185227,2009,2009,1,2009,unmatched,confirmed_identity_closed_school_residual_id,영산대학교 경영대학원,confirmed_final_manual_review_identity,2009,폐교|2009 동일연도 KEDI 문맥|공식 대학원 계보,11,287,1,표지 없음,경영학전공,retain_closed_graduate_school_open_id_separately_no_successor_auto_join,최종 수동검토에서 영산대학교 경영대학원으로 확정했다. 2009년 경영학전공과 동일 지역 KEDI 경영대학원 문맥이 일치한다. 영산대학교 공식 대학원 연혁은 경영대학원의 운영과 후속 통합 계보를 확인한다. 학교명만 기록하며 역사 OpenID는 별도 보존하고 자동 병합하지 않는다.
60,4197857260,2009,2009,1,2009,unmatched,confirmed_identity_closed_school_residual_id,한성대학교안전보건경영대학원,confirmed_kedi_metric_location_and_department_context,2009,폐교,18,798,17,폐과,산업보건공학과|안전보건경영학과|안전보건정책학과,retain_closed_graduate_school_open_id_separately_no_successor_auto_join,EDSS에서 2009년 졸업생 1명이 KEDI 폐교 행과 일치한다. 같은 연도·지역·학교유형의 KEDI 한성대학교안전보건경영대학원 행과 핵심 수치가 일치한다. 산업보건공학과 등 3개 학과는 폐과다. 따라서 학교명은 확정하되 폐교 잔존 OpenID로 별도 보존하고 다른 대학원과 자동 조인하지 않는다.
61,4264510691,2012,2012,1,2013,unmatched,confirmed_identity_closed_school_residual_id,가천의과학대학교병원경영대학원,confirmed_unique_exact_department_signature_and_location,2012,확인 ID 3341381788 동일 학과서명|폐과,1,36,0,폐과,병원경영학전공|의료정보학전공,retain_duplicate_residual_open_id_separately_no_auto_join,"2012년 인천 연수구에서 병원경영학전공·의료정보학전공의 정확한 조합이 이름이 확인된 OpenID 3341381788과 일치하고, 후속 패널에서 두 학과는 폐과다. 동일 기관의 잔존 중복 ID로 신원은 확정하되 공식 키 승계표가 없으므로 자동 병합하지 않는다."
62,4500553667,2009,2009,1,2009,unmatched,confirmed_identity_historical_reorganization_predecessor_id,한국국제대학교 사회복지대학원,confirmed_manual_reviewed_kedi_identity,2009,수동검토확정|KEDI·학과·공식이력 교차검증,21,325,11,폐과,사회복지학과,retain_predecessor_open_id_separately_no_auto_join,수동 전수검토에서 한국국제대학교 사회복지대학원으로 확정했다. KEDI의 한국국제대학교 0행 세 후보 중 학과명이 사회복지대학원을 직접 지시하고 후속 보건복지대학원에서 같은 학과가 확인됨. 학교명만 기록하며 역사 OpenID는 별도 보존하고 자동 병합하지 않는다.
63,5181622326,2009,2009,1,2009,unmatched,confirmed_identity_closed_school_residual_id,숭실대학교산업기술정보대학원,confirmed_manual_reviewed_kedi_identity,2009,수동검토확정|KEDI·학과·공식이력 교차검증,27,1708,33,폐과,뷰티산업학과|산업정보시스템공학과|전기공학과|전자및컴퓨터공학과|정보통신공학과,retain_closed_graduate_school_open_id_separately_no_successor_auto_join,수동 전수검토에서 숭실대학교산업기술정보대학원으로 확정했다. KEDI 동일 대학원 폐교 0행이 핵심값과 일치하고 5개 학과의 산업·정보기술 조합이 다른 동작구 0행 후보를 배제. 학교명만 기록하며 역사 OpenID는 별도 보존하고 자동 병합하지 않는다.
64,5183901667,2009,2009,1,2009,unmatched,confirmed_identity_closed_school_residual_id,서울장신대학교 목회상담대학원,confirmed_kedi_metric_location_and_department_context,2009,폐교,19,250,17,폐과,목회상담학과,retain_closed_graduate_school_open_id_separately_no_successor_auto_join,EDSS에서 2009년 졸업생 1명이 KEDI 폐교 행과 일치한다. 같은 연도·지역·학교유형의 KEDI 서울장신대학교 목회상담대학원 행과 핵심 수치가 일치한다. 목회상담학과는 폐과다. 따라서 학교명은 확정하되 폐교 잔존 OpenID로 별도 보존하고 다른 대학원과 자동 조인하지 않는다.
65,5853597760,2009,2009,1,2009,unmatched,confirmed_identity_merger_residual_predecessor_id,밀양대학교산업대학원,confirmed_final_manual_review_identity,2009,폐교|2009 동일연도 KEDI 문맥|2006 부산대학교 통합,16,4155,0,기존,건축공학과|기계공학과|동물자원학과|생물공학과|식물자원학과|식품과학과|원예학과|응용고분자공학과,link_pusan_merger_history_keep_predecessor_open_id_separate_no_metric_join,최종 수동검토에서 밀양대학교산업대학원으로 확정했다. 2009년 8개 공학·농생명 학과와 KEDI 밀양대학교산업대학원 폐교 문맥이 부합한다. 부산대학교 공식 자료는 2006년 통합 뒤에도 밀양대학교 산업대학원 학과장 직함이 잔존한 이력을 확인한다. 학교명만 기록하며 역사 OpenID는 별도 보존하고 자동 병합하지 않는다.
66,6363005578,2009,2009,1,2009,unmatched,confirmed_identity_closed_school_residual_id,서경대학교물류대학원,confirmed_kedi_metric_location_and_department_context,2009,폐교,28,693,35,폐과,물류학과,retain_closed_graduate_school_open_id_separately_no_successor_auto_join,EDSS에서 2009년 졸업생 5명이 KEDI 폐교 행과 일치한다. 같은 연도·지역·학교유형의 KEDI 서경대학교물류대학원 행과 핵심 수치가 일치한다. 물류학과는 폐과다. 따라서 학교명은 확정하되 폐교 잔존 OpenID로 별도 보존하고 다른 대학원과 자동 조인하지 않는다.
67,6722269237,2011,2011,1,2011,unmatched,confirmed_identity_closed_school_residual_id,명지대학교 투자정보대학원,confirmed_kedi_metric_location_and_department_context,2011,폐교,26,336,29,기존,국제경영학과,retain_closed_graduate_school_open_id_separately_no_successor_auto_join,EDSS에서 2011년 졸업생 1명이 KEDI 폐교 행과 일치한다. 같은 연도·지역·학교유형의 KEDI 명지대학교 투자정보대학원 행과 핵심 수치가 일치한다. 국제경영학과가 같은 OpenID에서 확인된다. 따라서 학교명은 확정하되 폐교 잔존 OpenID로 별도 보존하고 다른 대학원과 자동 조인하지 않는다.
68,6891424894,2009,2009,1,2009,unmatched,confirmed_identity_closed_school_residual_id,한국교원대학교교육정책대학원,confirmed_kedi_metric_location_and_department_context,2009,폐교,32,838,29,폐과,교육정책학과,retain_closed_graduate_school_open_id_separately_no_successor_auto_join,EDSS에서 2009년 졸업생 45명이 KEDI 폐교 행과 일치한다. 같은 연도·지역·학교유형의 KEDI 한국교원대학교교육정책대학원 행과 핵심 수치가 일치한다. 교육정책학과는 폐과다. 따라서 학교명은 확정하되 폐교 잔존 OpenID로 별도 보존하고 다른 대학원과 자동 조인하지 않는다.
69,7100761651,2009,2009,1,2009,unmatched,confirmed_identity_closed_school_residual_id,상명대학교 글로벌부동산대학원,confirmed_manual_reviewed_kedi_identity,2009,수동검토확정|KEDI·학과·공식이력 교차검증,22,316,0,폐과,부동산학과,retain_closed_graduate_school_open_id_separately_no_successor_auto_join,수동 전수검토에서 상명대학교 글로벌부동산대학원으로 확정했다. KEDI 동일 지역 폐교 0행 네 후보 중 기관명과 학과명이 직접 일치. 학교명만 기록하며 역사 OpenID는 별도 보존하고 자동 병합하지 않는다.
70,7130860865,2009,2009,1,2009,unmatched,confirmed_identity_closed_school_residual_id,숭실대학교노사관계대학원,confirmed_kedi_metric_location_and_department_context,2009,폐교,29,1440,79,폐과,노동법학과|노사관계학과|노사조정학과|인력경영학과,retain_closed_graduate_school_open_id_separately_no_successor_auto_join,EDSS에서 2009년 졸업생 9명이 KEDI 폐교 행과 일치한다. 같은 연도·지역·학교유형의 KEDI 숭실대학교노사관계대학원 행과 핵심 수치가 일치한다. 노동법·노사관계·노사조정·인력경영 학과는 모두 폐과다. 따라서 학교명은 확정하되 폐교 잔존 OpenID로 별도 보존하고 다른 대학원과 자동 조인하지 않는다.
71,7238059103,2009,2009,1,2009,unmatched,confirmed_identity_closed_name_change_predecessor_id,국민대학교산업기술대학원,confirmed_kedi_metric_department_and_official_name_change,2009,폐교|2008-10 공학대학원으로 명칭변경,26,2345,197,폐과,건설시스템공학과|기계공학과|기계설계학과|산업기계공학과|신소재공학과|자동차공학과|전자정보통신공학과|컴퓨터공학과,link_successor_open_id_9552361845_keep_transition_metrics_separate,"2009년 EDSS 졸업생 수가 같은 지역 KEDI 국민대학교산업기술대학원 폐교 행과 일치하고, 8개 학과 집합은 후속 공학대학원 OpenID 9552361845와 정확히 같다. 국민대학교 공식 연혁은 2008-10 산업기술대학원을 공학대학원으로 명칭변경했다고 명시한다. 명칭변경 이력만 연결하고 전환기 실적은 두 ID에 분리 보존한다."
72,7737709581,2009,2009,1,2009,unmatched,confirmed_identity_closed_school_residual_id,강원대학교 방재기술전문대학원,confirmed_manual_reviewed_kedi_identity,2009,수동검토확정|KEDI·학과·공식이력 교차검증,35,1528,6,폐과,광해?지반방재전공|광해ㆍ지반방재전공|도시?환경방재전공|도시ㆍ환경방재전공|방재설비전공|재해방재전공,retain_closed_graduate_school_open_id_separately_no_successor_auto_join,수동 전수검토에서 강원대학교 방재기술전문대학원으로 확정했다. KEDI 제2캠퍼스 폐교 0행이 위치·캠퍼스·핵심값과 일치하고 공식 연혁의 동일 4개 전공이 확인됨. 본교 전신 OpenID 3386667668과 구분. 학교명만 기록하며 역사 OpenID는 별도 보존하고 자동 병합하지 않는다.
73,7761588215,2012,2012,1,2013,unmatched,confirmed_identity_closed_name_change_predecessor_id,가천의과학대학교 임상약학대학원,confirmed_manual_reviewed_kedi_identity,2012,수동검토확정|KEDI·학과·공식이력 교차검증,1,18,0,폐과,임상약학전공,retain_duplicate_residual_open_id_separately_no_auto_join,수동 전수검토에서 가천의과학대학교 임상약학대학원으로 확정했다. KEDI의 가천대·가천의과학대 0행이 겹치지만 동일 학과서명이 확인 OpenID 1723327934와 정확히 일치하고 공식 연혁이 2012년 통합을 확인. 가천대학교 임상약학대학원은 후속 명칭으로 계보만 연결. 학교명만 기록하며 역사 OpenID는 별도 보존하고 자동 병합하지 않는다.
74,8336962282,2009,2009,1,2009,unmatched,confirmed_identity_closed_school_residual_id,수원대학교음악테크놀로지대학원,confirmed_kedi_metric_and_exact_department_signature,2009,폐교|음악대학원 동일 학과서명,23,835,51,기존,뮤직테크놀로지학과|피아노교수학과,retain_closed_open_id_separately_no_successor_auto_join,"2009년 EDSS 졸업생 수가 같은 지역 KEDI 수원대학교음악테크놀로지대학원 폐교 행과 일치한다. 뮤직테크놀로지학과·피아노교수학과 조합은 음악대학원 OpenID 3225332260과 정확히 같지만, 공식 자료에서 두 대학원의 직접 OpenID 승계는 확인되지 않는다. 학교명은 확정하되 두 ID를 자동 조인하지 않는다."
75,8624691426,2009,2009,1,2009,unmatched,confirmed_identity_historical_reorganization_predecessor_id,한국국제대학교 경영행정대학원,confirmed_manual_reviewed_kedi_identity,2009,수동검토확정|KEDI·학과·공식이력 교차검증,19,802,11,폐과,경영학과|경찰행정학과|행정학과,retain_predecessor_open_id_separately_no_auto_join,수동 전수검토에서 한국국제대학교 경영행정대학원으로 확정했다. KEDI의 한국국제대학교 0행 세 후보 중 세 학과가 경영행정대학원을 직접 지시하고 후속 경영행정관광대학원에서 경영·행정학과가 확인됨. 학교명만 기록하며 역사 OpenID는 별도 보존하고 자동 병합하지 않는다.
76,8625397384,2009,2009,1,2009,unmatched,confirmed_identity_merger_residual_predecessor_id,한국정보통신대학교 정보통신대학원,confirmed_kedi_metric_and_official_kaist_merger,2009,폐교|2009-03-01 KAIST 통합,16,519,99,폐과,IT경영학부|공학부,link_kaist_merger_history_keep_predecessor_open_id_separate_no_metric_join,2009년 EDSS의 졸업생 145명과 IT경영학부·공학부 폐과 기록이 같은 지역 KEDI 한국정보통신대학교 정보통신대학원 폐교 행과 일치한다. KAIST 공식 연혁은 2009-03-01 ICU 통합을 확인한다. 통합 이력만 연결하고 실적은 별도 보존한다.
77,8686164438,2010,2010,1,2010,unmatched,confirmed_identity_closed_campus_conversion_predecessor_id,한국폴리텍Ⅶ대학 거창캠퍼스,confirmed_final_graduation_department_and_official_conversion,2010,폐교|2010-03 한국승강기대학 신설,33,2113,227,폐과,산업디자인과|자동차 튜닝과|자동차정비검사과|전기계측제어과|전자과,link_site_conversion_open_id_9748064398_keep_entities_separate,2010년 EDSS에서 입학생·재적학생·교원·직원은 0이고 마지막 졸업생 69명(여성 14명)만 남아 있다. 산업디자인과·자동차 튜닝과·자동차정비검사과·전기계측제어과·전자과 등 5개 학과는 대학정보공시에서 모두 폐과로 표시된다. 거창군의회 공식 기록은 한국폴리텍Ⅶ대학 거창캠퍼스 재산의 무상 양도와 같은 부지에서 2010년 3월 한국승강기대학 개교를 확인한다. 신설 전문대학 OpenID 9748064398은 2010년 입학생 259명·재적학생 256명·졸업생 0명으로 별도 기관이므로 부지 전환 이력만 연결하고 두 ID는 별도 보존한다.
78,8713748276,2009,2009,1,2009,unmatched,confirmed_identity_closed_school_residual_id,남부대학교 경찰행정대학원,confirmed_kedi_metric_location_and_department_context,2009,폐교,27,734,14,폐과,국방정책학과,retain_closed_graduate_school_open_id_separately_no_successor_auto_join,EDSS에서 2009년 졸업생 1명이 KEDI 폐교 행과 일치한다. 같은 연도·지역·학교유형의 KEDI 남부대학교 경찰행정대학원 행과 핵심 수치가 일치한다. 국방정책학과는 폐과다. 따라서 학교명은 확정하되 폐교 잔존 OpenID로 별도 보존하고 다른 대학원과 자동 조인하지 않는다.
79,8947065591,2011,2011,1,2011,unmatched,confirmed_identity_merger_residual_predecessor_id,한북대학교 경영대학원,confirmed_final_manual_review_identity,2011,기존|2011 직원·경영학과 문맥|공식 개원·폐지 이력,27,340,28,신설,경영학과,link_shinhan_merger_history_keep_predecessor_open_id_separate_no_metric_join,최종 수동검토에서 한북대학교 경영대학원으로 확정했다. 2011년 경영학과와 KEDI 직원 수 문맥이 일치한다. 신한대학교 공식 연혁은 한북대학교 경영대학원 경영학과의 2010년 개원과 이후 폐지를 확인한다. 학교명만 기록하며 역사 OpenID는 별도 보존하고 자동 병합하지 않는다.
80,9032066404,2009,2009,1,2009,unmatched,confirmed_identity_name_change_predecessor_id,인천대학교산업대학원,confirmed_exact_metric_and_official_history,2009,기존|2009-06-26 공학대학원으로 명칭변경,37,3010,599,기존|변경|폐과,건축공학전공|기계공학전공|산업경영공학전공|산업디자인전공|섬유패션산업전공|신소재공학전공|안전환경시스템전공|전기공학전공,link_successor_open_id_8369060277_keep_predecessor_id_separate,"2009년 EDSS의 재적 62명·입학 35명·졸업 29명·학과 8개와 성별 세부값이 KEDI 인천대학교산업대학원 행에 정확히 일치한다. EDSS는 당시 행정구역명인 인천 남구, KEDI 파일은 인천 미추홀구를 사용해 자동 매칭이 실패했다. 인천대학교 공식 연혁의 2009-06-26 산업대학원→공학대학원 명칭변경과 2010년부터의 후속 OpenID 8369060277을 연결하되 두 ID는 별도 보존한다."
81,9057022750,2012,2012,1,2013,unmatched,confirmed_identity_closed_school_residual_id,가천의과학대학교영상정보대학원,confirmed_unique_exact_department_signature_and_location,2012,확인 ID 5739951491 동일 학과서명|폐과,1,54,0,폐과,디지털영상그래픽스|디지털영상커뮤니케이션|디지털정보공학전공,retain_duplicate_residual_open_id_separately_no_auto_join,"2012년 인천 연수구에서 디지털영상그래픽스·디지털영상커뮤니케이션·디지털정보공학전공의 정확한 조합이 이름이 확인된 OpenID 5739951491과 일치하고, 후속 패널에서 세 학과는 폐과다. 동일 기관의 잔존 중복 ID로 신원은 확정하되 공식 키 승계표가 없으므로 자동 병합하지 않는다."
82,9263845205,2009,2009,1,2011,unmatched,confirmed_identity_closed_name_change_predecessor_id,우송대학교정보산업대학원,confirmed_residual_metric_department_and_official_history,2009,폐교|공학대학원·공학디자인대학원으로 명칭변경,1,5,0,표지 없음,건설환경공학과|식품생명공학과|컴퓨터전자공학과,retain_predecessor_open_id_separately_no_unique_successor_auto_join,"2009년 EDSS에서 졸업생 1명만 비영이고 나머지 0101 핵심 지표는 0이며, 건설환경공학과·식품생명공학과·컴퓨터전자공학과가 모두 폐과다. 같은 지역 KEDI의 우송대학교정보산업대학원(폐교)도 졸업생 1명만 비영이다. 우송대학교 공식 연혁에서 정보산업대학원→공학대학원→공학·디자인대학원 변경을 확인했다. 후속 명칭에 EDSS ID가 둘 이상이므로 특정 후속 ID와 자동 조인하지 않는다."
83,9272958815,2009,2009,1,2009,unmatched,confirmed_identity_closed_school_residual_id,영산대학교정보통신대학원,confirmed_manual_reviewed_kedi_identity,2009,수동검토확정|KEDI·학과·공식이력 교차검증,20,325,0,폐과,컴퓨터정보전공,retain_closed_graduate_school_open_id_separately_no_successor_auto_join,수동 전수검토에서 영산대학교정보통신대학원으로 확정했다. KEDI 동일 대학원 폐교 0행이 위치·본교·핵심값과 일치하고 컴퓨터정보전공이 정보통신대학원을 지시. 학교명만 기록하며 역사 OpenID는 별도 보존하고 자동 병합하지 않는다.
84,9771132469,2009,2009,1,2009,unmatched,confirmed_identity_merger_residual_predecessor_id,한국정보통신대학교,confirmed_kedi_metric_and_official_kaist_merger,2009,폐교|2009-03-01 KAIST 통합,31,633,136,폐과,IT경영학부|공학부,link_kaist_merger_history_keep_predecessor_open_id_separate_no_metric_join,2009년 EDSS의 졸업생 34명과 IT경영학부·공학부 폐과 기록이 같은 지역 KEDI 한국정보통신대학교 폐교 행과 일치한다. KAIST 공식 연혁은 2009-03-01 한국정보통신대학교 통합을 확인한다. 통합 이력만 연결하고 학교 실적은 별도 보존한다.
