source,domn_code,dataset,advertised_years,status,archive_count,size_bytes,errors
고등교육통계,16918,고등교육학교개황,2009~2025,downloaded,1,1100924,
고등교육통계,16919,대학교개황,2009~2025,downloaded,1,416056,
고등교육통계,16920,대학교학생개황,2009~2025,downloaded,1,10078176,
고등교육통계,16921,대학원개황,2009~2025,downloaded,1,924125,
고등교육통계,16922,대학원학생개황,2009~2025,downloaded,1,3089116,
고등교육통계,16923,전문대학개황,2009~2025,downloaded,1,219235,
고등교육통계,16924,전문대학학생개황,2009~2025,downloaded,1,4336445,
고등교육통계,11398,계열별입학정원현황_대학원,2009~2025,downloaded,1,439238,
고등교육통계,11595,교육대학대학원학급편성기준,2009~2013,downloaded,1,6097,
고등교육통계,11221,국가별외국인유학생현황,2009~2013,downloaded,1,235071,
고등교육통계,11222,국가별외국인유학생현황,2014~2022,downloaded,1,2474048,
고등교육통계,16948,국가별외국인유학생현황_대학원,2009~2013,downloaded,1,245841,
고등교육통계,16950,모집및입학정원현황,2014~2025,downloaded,1,4423053,
고등교육통계,11429,박사및명예박사학위수여상황,2009~2025,downloaded,1,4026198,
고등교육통계,11150,산업체위탁생제적현황,2009~2013,downloaded,1,4528302,
고등교육통계,11159,시간제등록과정,2009~2025,downloaded,1,289143,
고등교육통계,16952,연령별신입생현황_대학원,2009~2025,downloaded,1,115548629,
고등교육통계,16954,연령별입학현황,2009~2025,downloaded,1,38172402,
고등교육통계,11367,연령별재적학생현황,2009~2025,downloaded,1,48539444,
고등교육통계,16955,연령별재적학생현황_대학원,2009~2025,downloaded,1,26059853,
고등교육통계,16956,연령별재적학생현황_대학원_공동운영,2010~2013,downloaded,1,1843,
고등교육통계,11101,연령별졸업생현황,2009~2025,downloaded,1,41879387,
고등교육통계,16957,연령별졸업생현황_공동운영,2010~2022,downloaded,1,14258935,
고등교육통계,16958,연령별졸업생현황_대학원,2009~2025,downloaded,1,23004906,
고등교육통계,16959,연령별편입생현황,2009~2025,downloaded,1,2591782,
고등교육통계,16960,외국인학위취득현황_대학원_공동운영,2010~2022,downloaded,1,3054357,
고등교육통계,16961,유학형태별_외국인유학생현황,2009~2013,downloaded,1,113281,
고등교육통계,16930,유학형태별_외국인유학생현황,2014~2022,downloaded,1,564972,
고등교육통계,16962,장학금급여및학비감면현황,2009~2013,downloaded,1,6850443,
고등교육통계,16963,재적학생현황_대학원,2009~2025,downloaded,1,8595846,
고등교육통계,16964,재적학생현황_대학원_공동운영,2010~2023,downloaded,1,61236,
고등교육통계,16965,재적학생현황_정원외전형별,2009~2013,downloaded,1,10130731,
고등교육통계,16931,재적학생현황_정원외전형별,2014~2022,downloaded,1,4447323,
고등교육통계,16966,재적학생현황_학과별정원내,2009~2013,downloaded,1,2237330,
고등교육통계,16932,재적학생현황_학과별정원내,2014~2022,downloaded,1,2458751,
고등교육통계,16967,재적학생현황_학과별정원외,2009~2013,downloaded,1,1183125,
고등교육통계,16933,재적학생현황_학과별정원외,2014~2022,downloaded,1,1768534,
고등교육통계,16968,재학생해외연수일반현황,2009~2025,downloaded,1,143452,
고등교육통계,16969,전문대학_자격증취득현황,2009~2022,downloaded,1,202057,
고등교육통계,16970,졸업후상황,2009~2022,downloaded,1,58982530,
고등교육통계,16971,졸업후상황_공동운영,2010~2013,downloaded,1,1105547,
고등교육통계,16934,졸업후상황_공동운영,2014~2025,downloaded,1,79216,
고등교육통계,16972,지원자및입학현황,2009~2025,downloaded,1,220622641,
고등교육통계,16973,지원자및입학현황_대학원,2009~2013,downloaded,1,3599403,
고등교육통계,16935,지원자및입학현황_대학원,2014~2025,downloaded,1,7887669,
고등교육통계,16974,직업별신입및편입생현황,2009~2022,downloaded,1,211508,
고등교육통계,16975,직업별학생현황_방송통신대,2009~2022,downloaded,1,81162,
고등교육통계,16976,학과별외국인유학생현황,2010~2013,downloaded,1,643239,
고등교육통계,16936,학과별외국인유학생현황,2014~2022,downloaded,1,1347063,
고등교육통계,16977,학과별외국인유학생현황_대학원,2010~2013,downloaded,1,460544,
고등교육통계,16937,학과별외국인유학생현황_대학원,2014~2022,downloaded,1,684643,
고등교육통계,16978,학교본분교현황,2009~2025,downloaded,1,203961,
고등교육통계,16979,학교재적학생현황,2009~2013,downloaded,1,5370208,
고등교육통계,16938,학교재적학생현황,2014~2025,downloaded,1,12824074,
고등교육통계,16980,학년별재적학생현황_공동운영,2010~2013,downloaded,1,87423,
고등교육통계,16981,학부편제정원및재학생현황_일반및산업대학,2009~2013,downloaded,1,61381,
고등교육통계,16982,학생동태현황_제적사유별,2011~2022,downloaded,1,66987231,
고등교육통계,16983,학생동태현황_제적사유별_대학원,2011~2022,downloaded,1,30032748,
고등교육통계,16984,학생변동상황,2009~2013,downloaded,1,2343128,
고등교육통계,16939,학생변동상황,2014~2022,downloaded,1,3374821,
고등교육통계,16985,학생변동상황_대학원,2009~2013,downloaded,1,3438037,
고등교육통계,16942,학생변동상황_대학원,2014~2022,downloaded,1,2923627,
고등교육통계,16986,학생제적현황_제적사유별,2014~2025,downloaded,1,10804689,
고등교육통계,16987,학생제적현황_제적사유별_대학원,2014~2025,downloaded,1,5483001,
고등교육통계,16988,학생편제정원현황_대학원,2009~2013,downloaded,1,268154,
고등교육통계,16940,학생편제정원현황_대학원,2014~2025,downloaded,1,2384343,
고등교육통계,16989,산학협동과정입학정원현황_대학원,2009~2025,downloaded,1,214311,
고등교육통계,16990,학위취득및취득후상황_대학원,2009~2013,downloaded,1,3710909,
고등교육통계,16941,학위취득및취득후상황_대학원,2014~2022,downloaded,1,2856863,
고등교육통계,16991,학위취득상황_대학원_공동운영,2010~2025,downloaded,1,3972779,
고등교육통계,11601,총원장및전임교원현황,2009~2013,downloaded,1,16802174,
고등교육통계,11602,총원장및전임교원현황,2014~2025,downloaded,1,37284147,
고등교육통계,11689,겸임및초빙교원현황,2009~2013,downloaded,1,3453763,
고등교육통계,11690,겸임및초빙교원현황,2014~2025,downloaded,1,8515985,
고등교육통계,11731,기타교원현황,2009~2013,downloaded,1,1450447,
고등교육통계,11732,기타교원현황,2014~2022,downloaded,1,6439803,
고등교육통계,11767,재직교원정현원현황,2014~2022,downloaded,1,763237,
고등교육통계,11783,직원현황_교직원,2009~2023,downloaded,1,3915691,
고등교육통계,11791,시간강사인원현황,2009~2013,downloaded,1,190696,
고등교육통계,11792,시간강사인원현황,2014~2022,downloaded,1,524960,
고등교육통계,11832,전임교원출신현황,2009~2013,downloaded,1,24537,
고등교육통계,11833,전임교원출신현황,2014~2025,downloaded,1,4082609,
고등교육통계,11837,외국인전임교원현황_전공계열별,2009~2013,downloaded,1,1109143,
고등교육통계,17032,외국인전임교원현황_국가별,2009~2013,downloaded,1,747283,
고등교육통계,11843,외국인비전임교원현황_전공계열별,2009~2013,downloaded,1,4241521,
고등교육통계,17033,외국인비전임교원현황_국가별,2009~2013,downloaded,1,6153087,
고등교육통계,11850,교원주당수업시수현황_과목및시간,2009~2013,downloaded,1,500083,
고등교육통계,11851,교원주당수업시수현황_과목및시간,2014~2022,downloaded,1,3066328,
고등교육통계,17034,교원주당수업시수현황_인원,2009~2013,downloaded,1,491167,
고등교육통계,17020,교원주당수업시수현황_인원,2014~2022,downloaded,1,1339993,
고등교육통계,17035,교원급여및수업시수현황,2009~2014,downloaded,1,121399,
고등교육통계,11916,교원현황_대학원대학,2014~2022,downloaded,1,4961,
고등교육통계,17036,교원현황_일반대학,2014~2022,downloaded,1,59495,
고등교육통계,17037,교원현황_산업대학,2014~2022,downloaded,1,1207,
고등교육통계,17038,교원현황_전문대_위탁생미포함,2009~2013,downloaded,1,80607,
고등교육통계,17021,교원현황_전문대_위탁생미포함,2014~2016,downloaded,1,16549,
고등교육통계,17039,교원현황_전문대_위탁생포함,2009~2013,downloaded,1,82159,
고등교육통계,17022,교원현황_전문대_위탁생포함,2014~2024,downloaded,1,74088,
고등교육통계,17040,교원현황_전문대_학과별,2009~2022,downloaded,1,898443,
고등교육통계,17041,교수교육훈련현황,2009~2013,downloaded,1,9282,
고등교육통계,17023,교수교육훈련현황,2014~2022,downloaded,1,67469,
고등교육통계,17042,교원자격증발급현황,2015~2025,downloaded,1,23226,
고등교육통계,17043,국립대학배정정원및채용현황,2009~2022,downloaded,1,18390,
고등교육통계,17044,직원연수및교육훈련실적_교원제외,2009~2013,downloaded,1,10519,
고등교육통계,17045,전임교원재임용현황,2009~2012,downloaded,1,5248,
고등교육통계,17046,전임교원승진현황,2009~2012,downloaded,1,5616,
고등교육통계,17047,교직원연수현황,2009~2015,downloaded,1,161028,
고등교육통계,17048,전임교원임면현황,2009~2012,downloaded,1,82282,
고등교육통계,17049,개설교과현황,2009~2013,downloaded,1,295573,
고등교육통계,17058,개설교과현황,2014~2022,downloaded,1,659471,
고등교육통계,17050,교양강좌개설및수강현황,2009~2013,downloaded,1,211665,
고등교육통계,17059,교양강좌개설및수강현황,2014~2025,downloaded,1,544250,
고등교육통계,17051,대학전공강좌개설및수강현황,2009~2013,downloaded,1,743035,
고등교육통계,17060,대학전공강좌개설및수강현황,2014~2025,downloaded,1,3993272,
고등교육통계,17052,사이버강좌개설및수강현황,2009~2013,downloaded,1,15574,
고등교육통계,17061,사이버강좌개설및수강현황,2014~2025,downloaded,1,66221,
고등교육통계,17053,사이버강좌개설및수강현황_전문대학,2009~2013,downloaded,1,4511,
고등교육통계,17062,사이버강좌개설및수강현황_전문대학,2014~2022,downloaded,1,25446,
고등교육통계,17054,산학연교류현황,2009~2014,downloaded,1,38832,
고등교육통계,17055,학점교류현황,2009~2023,downloaded,1,278767,
고등교육통계,17057,교직강좌개설및수강현황,2009~2013,downloaded,1,65672,
고등교육통계,12063,동아리활동현황,2009~2013,downloaded,1,98402,
고등교육통계,12070,학생회현황,2009~2013,downloaded,1,11071,
고등교육통계,12071,학생회현황,2014,downloaded,1,2891,
고등교육통계,12085,계열별부속시설현황_건물시설,2009~2013,downloaded,1,86789,
고등교육통계,12086,계열별부속시설현황_건물시설,2014,downloaded,1,29786,
고등교육통계,12079,계열별부속시설현황_지적시설,2009~2013,downloaded,1,263664,
고등교육통계,12091,구조별건물면적정보,2009~2013,downloaded,1,1080938,
고등교육통계,12074,대학부설평생교육원기관현황,2009~2013,downloaded,1,12149,
고등교육통계,12126,산학협동현황_인적교류,2009~2015,downloaded,1,26629,
고등교육통계,12136,산학연관협동실적,2009~2015,downloaded,1,17725,
고등교육통계,12103,산학협동현황,2009~2015,downloaded,1,28804,
고등교육통계,12118,산학협동현황_현장실습및취업,2009~2015,downloaded,1,26476,
대학정보공시,12176,교양과목성적평가분포,2009~2025,downloaded,1,857106,
대학정보공시,17111,교직과목성적평가분포,2009~2025,downloaded,1,508642,
대학정보공시,12166,전공과목성적평가분포,2009~2025,downloaded,1,4007788,
대학정보공시,12182,졸업생졸업성적분포,2010~2023,downloaded,1,18837518,
대학정보공시,17117,대학입학전형기본계획,2009~2012,downloaded,1,861470,
대학정보공시,17118,대학입학전형기본계획_전문대학,2009~2012,downloaded,1,149591,
대학정보공시,17119,대학입학전형시행계획,2009~2012,downloaded,1,175094,
대학정보공시,17120,대학입학전형시행계획_전문대학,2009~2012,downloaded,1,84770,
대학정보공시,17121,모집단위별모집인원현황,2009~2012,downloaded,1,671398,
대학정보공시,17122,모집단위별모집인원현황_전문대학,2009~2012,downloaded,1,669847,
대학정보공시,17123,편입생모집내용,2009~2012,downloaded,1,313279,
대학정보공시,17126,입학전형유형별선발결과,2009~2025,downloaded,1,1141671,
대학정보공시,17133,입학전형유형별선발결과_전문대학,2009~2025,downloaded,1,224828,
대학정보공시,17127,기회균형선발결과,2009~2025,downloaded,1,83955,
대학정보공시,17128,기회균형선발결과상세,2009~2021,downloaded,1,31032,
대학정보공시,17129,신입생충원현황,2009~2025,downloaded,1,5832223,
대학정보공시,17134,신입생충원현황_대학원,2009~2025,downloaded,1,664808,
대학정보공시,17135,재학생충원현황,2009~2025,downloaded,1,520829,
대학정보공시,17130,재학생충원현황_대학원,2009~2025,downloaded,1,1041881,
대학정보공시,17131,편입학선발결과,2009~2025,downloaded,1,1869556,
대학정보공시,17132,재적학생현황,2009~2025,downloaded,1,6150507,
대학정보공시,17136,재적학생현황_대학원,2009~2025,downloaded,1,3068166,
대학정보공시,17137,외국인유학생현황,2009~2025,downloaded,1,713650,
대학정보공시,17138,외국인유학생현황_대학원,2009~2025,downloaded,1,797918,
대학정보공시,17139,외국인유학생중도탈락현황,2010~2025,downloaded,1,447420,
대학정보공시,17140,외국인유학생중도탈락현황_대학원,2010~2025,downloaded,1,507154,
대학정보공시,17141,중도탈락학생현황,2009~2025,downloaded,1,5284134,
대학정보공시,17142,중도탈락학생현황_대학원,2009~2025,downloaded,1,4605466,
대학정보공시,17143,학사학위전공심화과정학생현황,2009~2025,downloaded,1,18971,
대학정보공시,17144,신입생의출신고등학교유형별현황,2010~2025,downloaded,1,1099543,
대학정보공시,12400,졸업생현황,2009~2025,downloaded,1,18882006,
대학정보공시,17164,졸업생현황_일반대학원,2009~2023,downloaded,1,3287068,
대학정보공시,17165,졸업생현황_전문대학원,2009~2023,downloaded,1,749173,
대학정보공시,17166,졸업생현황_특수대학원,2013~2023,downloaded,1,690587,
대학정보공시,12412,졸업생진학현황_일반대학원,"2009~2019, 2021~2022",downloaded,1,2255316,
대학정보공시,17333,졸업생진학현황_전문대학원,"2009~2015, 2017~2023",downloaded,1,775834,
대학정보공시,17167,졸업생진학현황_일반대학원_대학원,"2009~2019, 2022",downloaded,1,565759,
대학정보공시,17168,졸업생진학현황_전문대학원_대학원,2009~2023,downloaded,1,176577,
대학정보공시,17169,졸업생진학현황_특수대학원,2009~2023,downloaded,1,915114,
대학정보공시,12421,졸업생취업현황,"2009~2019, 2022, 2024~2025",downloaded,1,6558830,
대학정보공시,17170,졸업생취업현황_일반대학원,"2009~2019, 2022",downloaded,1,1469447,
대학정보공시,17171,졸업생취업현황_전문대학원,2009~2023,downloaded,1,241267,
대학정보공시,17172,졸업생취업현황_특수대학원,2009~2023,downloaded,1,1070743,
대학정보공시,17317,전체교원대비전임교원현황_전문대학,2009~2025,downloaded,1,1077711,
대학정보공시,17312,전체교원대비전임교원현황,2009~2025,downloaded,1,3506286,
대학정보공시,17313,전임교원1인당학생현황,2009~2025,downloaded,1,299689,
대학정보공시,17314,전임교원1인당학생현황_전문대학,2009~2025,downloaded,1,102787,
대학정보공시,17315,국가별외국인전임교원현황,2009~2025,downloaded,1,189479,
대학정보공시,17316,전공계열별외국인전임교원현황,2009~2025,downloaded,1,353945,
대학정보공시,12543,국내외학술지게재논문실적,2009~2025,downloaded,1,3511008,
대학정보공시,12552,저역서실적,2009~2013,downloaded,1,578447,
대학정보공시,17192,교비회계대차대조표,2009~2025,downloaded,1,486932,
대학정보공시,17194,교비회계운영계산서,2009~2025,downloaded,1,893509,
대학정보공시,17195,교비회계자금계산서,2009~2025,downloaded,1,1633247,
대학정보공시,17196,교비회계자금예산서,2009~2025,downloaded,1,960432,
대학정보공시,17197,국공립대기성회계급여보조성인건비현황,2011~2014,downloaded,1,5567,
대학정보공시,17198,국공립대대학회계결산_기성회계세출현황,2009~2025,downloaded,1,173211,
대학정보공시,17200,국공립대대학회계예산_기성회계세입현황,2009~2025,downloaded,1,163732,
대학정보공시,17199,국공립대발전기금회계결산_발전기금회계세출 현황,2009~2025,downloaded,1,70875,
대학정보공시,17335,국공립대발전기금회계예산_발전기금회계세입 현황,2009~2025,downloaded,1,58451,
대학정보공시,17337,국공립대일반회계세입현황,2009~2016,downloaded,1,62531,
대학정보공시,17338,국공립대일반회계세출현황,2009~2016,downloaded,1,60401,
대학정보공시,17339,기부금현황,2009~2025,downloaded,1,237245,
대학정보공시,17340,등록금납부제도현황,2010~2025,downloaded,1,573581,
대학정보공시,17341,등록금현황,2009~2025,downloaded,1,16263420,
대학정보공시,17342,등록금현황_대학원,2009~2025,downloaded,1,20720813,
대학정보공시,17343,법인회계대차대조표,2009~2025,downloaded,1,330612,
대학정보공시,17344,법인회계운영계산서,2009~2025,downloaded,1,585831,
대학정보공시,17345,법인회계자금계산서,2009~2025,downloaded,1,638498,
대학정보공시,17346,법인회계자금예산서,2009~2025,downloaded,1,570615,
대학정보공시,17347,산학협력단운영수익현황,2011~2012,downloaded,1,28328,
대학정보공시,17348,산학협력단회계대차대조표,2009~2025,downloaded,1,325536,
대학정보공시,17349,산학협력단회계운영계산서,2009~2025,downloaded,1,575243,
대학정보공시,17350,산학협력단회계자금수지계산서,2009~2025,downloaded,1,969401,
대학정보공시,17351,산학협력단회계현금예산서,2009~2025,downloaded,1,905657,
대학정보공시,17352,예결산합산재무제표현황,2009~2025,downloaded,1,345499,
대학정보공시,17353,입학전형료수입현황,2010~2025,downloaded,1,360850,
대학정보공시,17354,입학전형료지출현황,2010~2025,downloaded,1,1021373,
대학정보공시,17355,적립금현황,2009~2025,downloaded,1,722004,
대학정보공시,17356,총장이사장상근이사업무추진비사용현황,2021~2025,downloaded,1,3560138,
대학정보공시,12861,학생1인당교육비산정근거_국공립대학,2010~2025,downloaded,1,30952,
대학정보공시,17377,학생1인당교육비산정근거_사립대학,2010~2025,downloaded,1,146660,
대학정보공시,12894,학교특성화현황,2009~2020,downloaded,1,800146,
대학정보공시,17202,강좌당학생현황,2009~2025,downloaded,1,244260,
대학정보공시,17203,공동활용연구장비운영현황,2011~2025,downloaded,1,6319942,
대학정보공시,17204,교원강의담당비율,2009~2025,downloaded,1,11221390,
대학정보공시,17205,교원의창업및창업지원현황,2010~2025,downloaded,1,45309,
대학정보공시,17206,기술이전수입료및계약실적,2009~2025,downloaded,1,29144,
대학정보공시,17207,기술지주회사운영현황,2011~2022,downloaded,1,19946,
대학정보공시,17208,대학강의공개실적,"2010~2020, 2022~2025",downloaded,1,17460,
대학정보공시,17209,대학원격강좌현황,2012~2025,downloaded,1,1262590,
대학정보공시,17210,사회봉사과목수강현황,"2016~2019, 2021~2025",downloaded,1,717042,
대학정보공시,17211,산업체경력전임교원현황,2009~2025,downloaded,1,1759520,
대학정보공시,17212,산학협력단고용주체별인력현황,2011~2020,downloaded,1,114533,
대학정보공시,17213,산학협력단담당업무별인력현황,2011~2021,downloaded,1,132849,
대학정보공시,17214,산학협력단전문인력현황,2011~2014,downloaded,1,11379,
대학정보공시,17215,연구비수혜실적,2009~2025,downloaded,1,363533,
대학정보공시,17216,외국대학과교류현황,2009~2025,downloaded,1,2141560,
대학정보공시,17217,장학금수혜현황,2009~2025,downloaded,1,20850114,
대학정보공시,17218,장학금수혜현황_대학원,2009~2025,downloaded,1,14334485,
대학정보공시,17219,장학금수혜기준규정,2012~2025,downloaded,1,215816,
대학정보공시,17220,창업교육지원현황,2012~2025,downloaded,1,115199,
대학정보공시,17221,캡스톤디자인운영현황,2011~2025,downloaded,1,2707589,
대학정보공시,17222,특허출원및등록실적,2009~2025,downloaded,1,34698,
대학정보공시,17223,학교기업운영현황,2011~2025,downloaded,1,136984,
대학정보공시,17224,학생의창업및창업지원현황,2011~2025,downloaded,1,73945,
대학정보공시,17225,학자금대출현황,2013~2025,downloaded,1,465800,
대학정보공시,17226,학자금대출현황_대학원,2009~2025,downloaded,1,26786,
대학정보공시,17227,현장실습운영현황,2011~2025,downloaded,1,3445342,
대학정보공시,13145,장서보유현황,"2009~2020, 2022~2025",downloaded,1,243046,
대학정보공시,13161,도서관예산현황,2009~2013,downloaded,1,56705,
대학정보공시,13167,연구시설현황,2009~2025,downloaded,1,1180159,
대학정보공시,17272,강사강의료현황,2010~2025,downloaded,1,235446,
대학정보공시,17273,교사시설확보현황,"2009~2020, 2022~2025",downloaded,1,176502,
대학정보공시,17274,교지확보현황,"2009~2020, 2022~2025",downloaded,1,92122,
대학정보공시,17275,국공립기숙사운영현황_민자,"2016~2020, 2022~2025",downloaded,1,13378,
대학정보공시,17276,국공립기숙사운영현황_직영,"2018~2020, 2022~2025",downloaded,1,13585,
대학정보공시,17277,국공유재산확보현황,2011~2016,downloaded,1,10944,
대학정보공시,17278,기숙사수용현황,"2009~2020, 2022~2025",downloaded,1,353716,
대학정보공시,17279,기숙사운영현황_사립,"2016~2020, 2022~2025",downloaded,1,16901,
대학정보공시,17280,법인임원현황,2009~2025,downloaded,1,2064815,
대학정보공시,17281,법정부담금현황,"2016~2020, 2022~2025",downloaded,1,52144,
대학정보공시,17282,수익용기본재산확보현황,2009~2025,downloaded,1,250395,
대학정보공시,17283,시설안전관리현황,2015~2025,downloaded,1,204201,
대학정보공시,17284,실험실습실안전관리현황,2015~2025,downloaded,1,132492,
대학정보공시,17285,장애학생지원체제구축및운영현황,2011~2025,downloaded,1,215171,
대학정보공시,17286,재정지원사업수혜실적,2009~2020,downloaded,1,20197007,
대학정보공시,17287,직원현황,2009~2025,downloaded,1,150152,
대학정보공시,17288,폭력예방교육현황,"2018~2020, 2022~2025",downloaded,1,123560,
대학정보공시,12886,위반내용및조치결과,2009~2025,downloaded,1,681096,
취업통계,13299,학생인적취업정보,2010~2022,downloaded,13,104437999,
취업통계,13300,학생인적취업정보,2023~2024,downloaded,2,814110,
