academyinfo_school_id,school_name_2023,school_name_2024,school_full_name_2023,school_full_name_2024,school_division_2023,school_division_2024,school_kind_2023,school_kind_2024,branch_2023,branch_2024,region_2023,region_2024,academyinfo_enrollment_2023,academyinfo_enrollment_2024,edss_exact_open_id_count_2023,edss_exact_open_id_count_2024,edss_exact_open_ids_2023,edss_exact_open_ids_2024,candidate_open_id,candidate_method,resolution_status
0000001,국립강릉원주대학교,국립강릉원주대학교,국립강릉원주대학교 _ 본교,국립강릉원주대학교 _ 본교,대학,대학,대학교,대학교,본교,본교,강원,강원,9945,9622,0,0,,,,,unresolved_two_year_exact_match_not_unique
0000002,국립강릉원주대학교,국립강릉원주대학교,국립강릉원주대학교 _ 제2캠퍼스,국립강릉원주대학교 _ 제2캠퍼스,대학,대학,대학교,대학교,제2캠퍼스,제2캠퍼스,강원,강원,,,0,0,,,,,unresolved_missing_two_year_numeric_enrollment
0000003,강원대학교,강원대학교,강원대학교 _ 본교,강원대학교 _ 본교,대학,대학,대학교,대학교,본교,본교,강원,강원,28860,28770,0,0,,,,,unresolved_two_year_exact_match_not_unique
0000004,강원대학교,강원대학교,강원대학교 _ 제2캠퍼스,강원대학교 _ 제2캠퍼스,대학,대학,대학교,대학교,제2캠퍼스,제2캠퍼스,강원,강원,,,0,0,,,,,unresolved_missing_two_year_numeric_enrollment
0000005,경북대학교,경북대학교,경북대학교 _ 본교,경북대학교 _ 본교,대학,대학,대학교,대학교,본교,본교,대구,대구,28665,28855,0,0,,,,,unresolved_two_year_exact_match_not_unique
0000007,경상국립대학교,경상국립대학교,경상국립대학교 _ 본교,경상국립대학교 _ 본교,대학,대학,대학교,대학교,본교,본교,경남,경남,20262,21100,0,0,,,,,unresolved_two_year_exact_match_not_unique
0000008,국립공주대학교,국립공주대학교,국립공주대학교 _ 본교,국립공주대학교 _ 본교,대학,대학,대학교,대학교,본교,본교,충남,충남,15994,16004,0,0,,,,,unresolved_two_year_exact_match_not_unique
0000009,국립군산대학교,국립군산대학교,국립군산대학교 _ 본교,국립군산대학교 _ 본교,대학,대학,대학교,대학교,본교,본교,전북,전북,8737,8549,0,1,,8402900099,,,unresolved_two_year_exact_match_not_unique
0000010,국립금오공과대학교,국립금오공과대학교,국립금오공과대학교 _ 본교,국립금오공과대학교 _ 본교,대학,대학,대학교,대학교,본교,본교,경북,경북,7507,7405,1,1,5637881100,5637881100,5637881100,academyinfo_two_year_exact_enrollment_school_context,candidate_two_year_exact_enrollment
0000011,국립목포대학교,국립목포대학교,국립목포대학교 _ 본교,국립목포대학교 _ 본교,대학,대학,대학교,대학교,본교,본교,전남광주,전남광주,8309,7949,1,1,3325767040,3325767040,3325767040,academyinfo_two_year_exact_enrollment_school_context,candidate_two_year_exact_enrollment
0000012,국립목포해양대학교,국립목포해양대학교,국립목포해양대학교 _ 본교,국립목포해양대학교 _ 본교,대학,대학,대학교,대학교,본교,본교,전남광주,전남광주,3016,2997,1,1,8557606160,8557606160,8557606160,academyinfo_two_year_exact_enrollment_school_context,candidate_two_year_exact_enrollment
0000013,국립부경대학교,국립부경대학교,국립부경대학교 _ 본교,국립부경대학교 _ 본교,대학,대학,대학교,대학교,본교,본교,부산,부산,20806,20749,1,1,9321250915,9321250915,9321250915,academyinfo_two_year_exact_enrollment_school_context,candidate_two_year_exact_enrollment
0000014,부산대학교,부산대학교,부산대학교 _ 본교,부산대학교 _ 본교,대학,대학,대학교,대학교,본교,본교,부산,부산,26400,26294,0,0,,,,,unresolved_two_year_exact_match_not_unique
0000019,서울대학교,서울대학교,서울대학교 _ 본교,서울대학교 _ 본교,대학,대학,대학교,대학교,본교,본교,서울,서울,21432,21671,0,0,,,,,unresolved_two_year_exact_match_not_unique
0000020,국립순천대학교,국립순천대학교,국립순천대학교 _ 본교,국립순천대학교 _ 본교,대학,대학,대학교,대학교,본교,본교,전남광주,전남광주,8786,8596,1,0,9872376203,,,,unresolved_two_year_exact_match_not_unique
0000021,국립경국대학교,국립경국대학교,국립경국대학교 _ 본교,국립경국대학교 _ 본교,대학,대학,대학교,대학교,본교,본교,경북,경북,6914,6625,1,1,6292823433,6292823433,6292823433,academyinfo_two_year_exact_enrollment_school_context,candidate_two_year_exact_enrollment
0000023,전남대학교,전남대학교,전남대학교 _ 본교,전남대학교 _ 본교,대학,대학,대학교,대학교,본교,본교,전남광주,전남광주,25381,25393,0,0,,,,,unresolved_two_year_exact_match_not_unique
0000024,전남대학교,전남대학교,전남대학교 _ 제2캠퍼스,전남대학교 _ 제2캠퍼스,대학,대학,대학교,대학교,제2캠퍼스,제2캠퍼스,전남광주,전남광주,,,0,0,,,,,unresolved_missing_two_year_numeric_enrollment
0000025,전북대학교,전북대학교,전북대학교 _ 본교,전북대학교 _ 본교,대학,대학,대학교,대학교,본교,본교,전북,전북,23708,23523,0,0,,,,,unresolved_two_year_exact_match_not_unique
0000027,제주대학교,제주대학교,제주대학교 _ 본교,제주대학교 _ 본교,대학,대학,대학교,대학교,본교,본교,제주,제주,13307,13106,1,1,2790658831,2790658831,2790658831,academyinfo_two_year_exact_enrollment_school_context,candidate_two_year_exact_enrollment
0000028,국립창원대학교,국립창원대학교,국립창원대학교 _ 본교,국립창원대학교 _ 본교,대학,대학,대학교,대학교,본교,본교,경남,경남,10423,10279,1,1,4379354298,4379354298,4379354298,academyinfo_two_year_exact_enrollment_school_context,candidate_two_year_exact_enrollment
0000029,충남대학교,충남대학교,충남대학교 _ 본교,충남대학교 _ 본교,대학,대학,대학교,대학교,본교,본교,대전,대전,22384,22392,0,1,,9374160170,,,unresolved_two_year_exact_match_not_unique
0000030,충북대학교,충북대학교,충북대학교 _ 본교,충북대학교 _ 본교,대학,대학,대학교,대학교,본교,본교,충북,충북,17473,17372,1,1,4091667532,4091667532,4091667532,academyinfo_two_year_exact_enrollment_school_context,candidate_two_year_exact_enrollment
0000031,한국교원대학교,한국교원대학교,한국교원대학교 _ 본교,한국교원대학교 _ 본교,대학,대학,대학교,대학교,본교,본교,충북,충북,2558,2584,1,1,5302303493,5302303493,5302303493,academyinfo_two_year_exact_enrollment_school_context,candidate_two_year_exact_enrollment
0000032,한국체육대학교,한국체육대학교,한국체육대학교 _ 본교,한국체육대학교 _ 본교,대학,대학,대학교,대학교,본교,본교,서울,서울,2992,2959,1,1,9037995696,9037995696,9037995696,academyinfo_two_year_exact_enrollment_school_context,candidate_two_year_exact_enrollment
0000033,국립한국해양대학교,국립한국해양대학교,국립한국해양대학교 _ 본교,국립한국해양대학교 _ 본교,대학,대학,대학교,대학교,본교,본교,부산,부산,7984,7996,1,1,3198850274,3198850274,3198850274,academyinfo_two_year_exact_enrollment_school_context,candidate_two_year_exact_enrollment
0000034,국립한국교통대학교,국립한국교통대학교,국립한국교통대학교 _ 본교,국립한국교통대학교 _ 본교,대학,대학,대학교,대학교,본교,본교,충북,충북,11340,11227,0,0,,,,,unresolved_two_year_exact_match_not_unique
0000035,경남과학기술대학교,경남과학기술대학교,경남과학기술대학교 _ 본교,경남과학기술대학교 _ 본교,대학,대학,대학교,대학교,본교,본교,경남,경남,4138,2941,1,1,9699124276,9699124276,9699124276,academyinfo_two_year_exact_enrollment_school_context,candidate_two_year_exact_enrollment
0000036,서울과학기술대학교,서울과학기술대학교,서울과학기술대학교 _ 본교,서울과학기술대학교 _ 본교,대학,대학,대학교,대학교,본교,본교,서울,서울,13641,13657,1,1,4005481183,4005481183,4005481183,academyinfo_two_year_exact_enrollment_school_context,candidate_two_year_exact_enrollment
0000037,한경국립대학교,한경국립대학교,한경국립대학교 _ 본교,한경국립대학교 _ 본교,대학,대학,대학교,대학교,본교,본교,경기,경기,7028,7183,0,0,,,,,unresolved_two_year_exact_match_not_unique
0000039,국립한밭대학교,국립한밭대학교,국립한밭대학교 _ 본교,국립한밭대학교 _ 본교,대학,대학,대학교,대학교,본교,본교,대전,대전,11216,11106,1,1,9664951324,9664951324,9664951324,academyinfo_two_year_exact_enrollment_school_context,candidate_two_year_exact_enrollment
0000040,서울시립대학교,서울시립대학교,서울시립대학교 _ 본교,서울시립대학교 _ 본교,대학,대학,대학교,대학교,본교,본교,서울,서울,11900,11866,1,1,6524985253,6524985253,6524985253,academyinfo_two_year_exact_enrollment_school_context,candidate_two_year_exact_enrollment
0000046,가톨릭대학교,가톨릭대학교,가톨릭대학교 _ 본교,가톨릭대학교 _ 본교,대학,대학,대학교,대학교,본교,본교,경기,경기,10824,11072,0,0,,,,,unresolved_two_year_exact_match_not_unique
0000048,가톨릭대학교,가톨릭대학교,가톨릭대학교 _ 제2캠퍼스,가톨릭대학교 _ 제2캠퍼스,대학,대학,대학교,대학교,제2캠퍼스,제2캠퍼스,서울,서울,,,0,0,,,,,unresolved_missing_two_year_numeric_enrollment
0000049,가톨릭대학교,가톨릭대학교,가톨릭대학교 _ 제3캠퍼스,가톨릭대학교 _ 제3캠퍼스,대학,대학,대학교,대학교,제3캠퍼스,제3캠퍼스,서울,서울,,,0,0,,,,,unresolved_missing_two_year_numeric_enrollment
0000050,감리교신학대학교,감리교신학대학교,감리교신학대학교 _ 본교,감리교신학대학교 _ 본교,대학,대학,대학교,대학교,본교,본교,서울,서울,849,786,1,1,6596412479,6596412479,6596412479,academyinfo_two_year_exact_enrollment_school_context,candidate_two_year_exact_enrollment
0000051,강남대학교,강남대학교,강남대학교 _ 본교,강남대학교 _ 본교,대학,대학,대학교,대학교,본교,본교,경기,경기,8716,8516,1,1,4122748434,4122748434,4122748434,academyinfo_two_year_exact_enrollment_school_context,candidate_two_year_exact_enrollment
0000052,건국대학교,건국대학교,건국대학교 _ 본교,건국대학교 _ 본교,대학,대학,대학교,대학교,본교,본교,서울,서울,22435,22409,1,0,4535955071,,,,unresolved_two_year_exact_match_not_unique
0000053,건국대학교(글로컬),건국대학교(글로컬),건국대학교(글로컬) _ 분교,건국대학교(글로컬) _ 분교,대학,대학,대학교,대학교,분교,분교,충북,충북,10128,10177,0,0,,,,,unresolved_two_year_exact_match_not_unique
0000054,건양대학교,건양대학교,건양대학교 _ 본교,건양대학교 _ 본교,대학,대학,대학교,대학교,본교,본교,충남,충남,7952,7719,0,0,,,,,unresolved_two_year_exact_match_not_unique
0000055,건양대학교,건양대학교,건양대학교 _ 제2캠퍼스,건양대학교 _ 제2캠퍼스,대학,대학,대학교,대학교,제2캠퍼스,제2캠퍼스,대전,대전,,,0,0,,,,,unresolved_missing_two_year_numeric_enrollment
0000056,경기대학교,경기대학교,경기대학교 _ 본교,경기대학교 _ 본교,대학,대학,대학교,대학교,본교,본교,경기,경기,19030,18732,0,0,,,,,unresolved_two_year_exact_match_not_unique
0000058,경기대학교,경기대학교,경기대학교 _ 제2캠퍼스,경기대학교 _ 제2캠퍼스,대학,대학,대학교,대학교,제2캠퍼스,제2캠퍼스,서울,서울,,,0,0,,,,,unresolved_missing_two_year_numeric_enrollment
0000059,경남대학교,경남대학교,경남대학교 _ 본교,경남대학교 _ 본교,대학,대학,대학교,대학교,본교,본교,경남,경남,13132,11895,1,1,4642298758,4642298758,4642298758,academyinfo_two_year_exact_enrollment_school_context,candidate_two_year_exact_enrollment
0000060,경동대학교,경동대학교,경동대학교 _ 본교,경동대학교 _ 본교,대학,대학,대학교,대학교,본교,본교,강원,강원,9077,8973,0,0,,,,,unresolved_two_year_exact_match_not_unique
0000061,대구한의대학교,대구한의대학교,대구한의대학교 _ 본교,대구한의대학교 _ 본교,대학,대학,대학교,대학교,본교,본교,경북,경북,7964,8067,1,1,6697622954,6697622954,6697622954,academyinfo_two_year_exact_enrollment_school_context,candidate_two_year_exact_enrollment
0000062,경성대학교,경성대학교,경성대학교 _ 본교,경성대학교 _ 본교,대학,대학,대학교,대학교,본교,본교,부산,부산,16061,16289,1,1,4552991390,4552991390,4552991390,academyinfo_two_year_exact_enrollment_school_context,candidate_two_year_exact_enrollment
0000063,가천대학교,가천대학교,가천대학교 _ 본교,가천대학교 _ 본교,대학,대학,대학교,대학교,본교,본교,경기,경기,27102,28264,0,0,,,,,unresolved_two_year_exact_match_not_unique
0000064,경일대학교,경일대학교,경일대학교 _ 본교,경일대학교 _ 본교,대학,대학,대학교,대학교,본교,본교,경북,경북,8774,8602,1,1,7082747936,7082747936,7082747936,academyinfo_two_year_exact_enrollment_school_context,candidate_two_year_exact_enrollment
0000065,신경주대학교,신경주대학교,신경주대학교 _ 본교,신경주대학교 _ 본교,대학,대학,대학교,대학교,본교,본교,경북,경북,972,965,1,1,4847664237,4847664237,4847664237,academyinfo_two_year_exact_enrollment_school_context,candidate_two_year_exact_enrollment
0000066,경희대학교,경희대학교,경희대학교 _ 본교,경희대학교 _ 본교,대학,대학,대학교,대학교,본교,본교,서울,서울,33431,33019,0,0,,,,,unresolved_two_year_exact_match_not_unique
0000068,계명대학교,계명대학교,계명대학교 _ 본교,계명대학교 _ 본교,대학,대학,대학교,대학교,본교,본교,대구,대구,28949,28685,0,0,,,,,unresolved_two_year_exact_match_not_unique
0000069,고려대학교,고려대학교,고려대학교 _ 본교,고려대학교 _ 본교,대학,대학,대학교,대학교,본교,본교,서울,서울,26684,27382,1,1,3291834950,3291834950,3291834950,academyinfo_two_year_exact_enrollment_school_context,candidate_two_year_exact_enrollment
0000070,고려대학교(세종),고려대학교(세종),고려대학교(세종) _ 분교,고려대학교(세종) _ 분교,대학,대학,대학교,대학교,분교,분교,세종,세종,9047,8942,0,0,,,,,unresolved_two_year_exact_match_not_unique
0000071,고신대학교,고신대학교,고신대학교 _ 본교,고신대학교 _ 본교,대학,대학,대학교,대학교,본교,본교,부산,부산,3945,3591,0,0,,,,,unresolved_two_year_exact_match_not_unique
0000072,가톨릭관동대학교,가톨릭관동대학교,가톨릭관동대학교 _ 본교,가톨릭관동대학교 _ 본교,대학,대학,대학교,대학교,본교,본교,강원,강원,9398,8410,1,1,2705171465,2705171465,2705171465,academyinfo_two_year_exact_enrollment_school_context,candidate_two_year_exact_enrollment
0000073,광신대학교,광신대학교,광신대학교 _ 본교,광신대학교 _ 본교,대학,대학,대학교,대학교,본교,본교,전남광주,전남광주,521,500,1,1,2040934205,2040934205,2040934205,academyinfo_two_year_exact_enrollment_school_context,candidate_two_year_exact_enrollment
0000074,광운대학교,광운대학교,광운대학교 _ 본교,광운대학교 _ 본교,대학,대학,대학교,대학교,본교,본교,서울,서울,11406,11252,1,1,2030089497,2030089497,2030089497,academyinfo_two_year_exact_enrollment_school_context,candidate_two_year_exact_enrollment
0000075,광주가톨릭대학교,광주가톨릭대학교,광주가톨릭대학교 _ 본교,광주가톨릭대학교 _ 본교,대학,대학,대학교,대학교,본교,본교,전남광주,전남광주,103,97,1,1,2627714097,2627714097,2627714097,academyinfo_two_year_exact_enrollment_school_context,candidate_two_year_exact_enrollment
0000076,광주여자대학교,광주여자대학교,광주여자대학교 _ 본교,광주여자대학교 _ 본교,대학,대학,대학교,대학교,본교,본교,전남광주,전남광주,3777,3480,1,1,1003343641,1003343641,1003343641,academyinfo_two_year_exact_enrollment_school_context,candidate_two_year_exact_enrollment
0000078,국민대학교,국민대학교,국민대학교 _ 본교,국민대학교 _ 본교,대학,대학,대학교,대학교,본교,본교,서울,서울,20692,20478,1,1,3241691589,3241691589,3241691589,academyinfo_two_year_exact_enrollment_school_context,candidate_two_year_exact_enrollment
0000079,강서대학교,강서대학교,강서대학교 _ 본교,강서대학교 _ 본교,대학,대학,대학교,대학교,본교,본교,서울,서울,2035,2157,1,1,2921958863,2921958863,2921958863,academyinfo_two_year_exact_enrollment_school_context,candidate_two_year_exact_enrollment
0000080,극동대학교,극동대학교,극동대학교 _ 본교,극동대학교 _ 본교,대학,대학,대학교,대학교,본교,본교,충북,충북,3901,3777,1,1,4378646194,4378646194,4378646194,academyinfo_two_year_exact_enrollment_school_context,candidate_two_year_exact_enrollment
0000081,나사렛대학교,나사렛대학교,나사렛대학교 _ 본교,나사렛대학교 _ 본교,대학,대학,대학교,대학교,본교,본교,충남,충남,6317,6008,1,1,3274086236,3274086236,3274086236,academyinfo_two_year_exact_enrollment_school_context,candidate_two_year_exact_enrollment
0000082,단국대학교,단국대학교,단국대학교 _ 본교,단국대학교 _ 본교,대학,대학,대학교,대학교,본교,본교,경기,경기,29279,29110,0,0,,,,,unresolved_two_year_exact_match_not_unique
0000084,대구대학교,대구대학교,대구대학교 _ 본교,대구대학교 _ 본교,대학,대학,대학교,대학교,본교,본교,경북,경북,21395,21003,0,0,,,,,unresolved_two_year_exact_match_not_unique
0000087,대구예술대학교,대구예술대학교,대구예술대학교 _ 본교,대구예술대학교 _ 본교,대학,대학,대학교,대학교,본교,본교,경북,경북,697,455,1,1,3420910358,3420910358,3420910358,academyinfo_two_year_exact_enrollment_school_context,candidate_two_year_exact_enrollment
0000088,대구가톨릭대학교,대구가톨릭대학교,대구가톨릭대학교 _ 본교,대구가톨릭대학교 _ 본교,대학,대학,대학교,대학교,본교,본교,경북,경북,14679,14268,0,0,,,,,unresolved_two_year_exact_match_not_unique
0000092,세한대학교,세한대학교,세한대학교 _ 본교,세한대학교 _ 본교,대학,대학,대학교,대학교,본교,본교,전남광주,전남광주,4414,4308,0,0,,,,,unresolved_two_year_exact_match_not_unique
0000093,대신대학교,대신대학교,대신대학교 _ 본교,대신대학교 _ 본교,대학,대학,대학교,대학교,본교,본교,경북,경북,600,669,1,1,4017753899,4017753899,4017753899,academyinfo_two_year_exact_enrollment_school_context,candidate_two_year_exact_enrollment
0000094,대전가톨릭대학교,대전가톨릭대학교,대전가톨릭대학교 _ 본교,대전가톨릭대학교 _ 본교,대학,대학,대학교,대학교,본교,본교,세종,세종,51,48,1,1,3204512953,3204512953,3204512953,academyinfo_two_year_exact_enrollment_school_context,candidate_two_year_exact_enrollment
0000095,대전대학교,대전대학교,대전대학교 _ 본교,대전대학교 _ 본교,대학,대학,대학교,대학교,본교,본교,대전,대전,11469,10965,1,1,7762282371,7762282371,7762282371,academyinfo_two_year_exact_enrollment_school_context,candidate_two_year_exact_enrollment
0000097,대진대학교,대진대학교,대진대학교 _ 본교,대진대학교 _ 본교,대학,대학,대학교,대학교,본교,본교,경기,경기,9980,10047,1,1,2966308116,2966308116,2966308116,academyinfo_two_year_exact_enrollment_school_context,candidate_two_year_exact_enrollment
0000098,서울기독대학교,서울기독대학교,서울기독대학교 _ 본교,서울기독대학교 _ 본교,대학,대학,대학교,대학교,본교,본교,서울,서울,493,728,1,1,4291264116,4291264116,4291264116,academyinfo_two_year_exact_enrollment_school_context,candidate_two_year_exact_enrollment
0000099,덕성여자대학교,덕성여자대학교,덕성여자대학교 _ 본교,덕성여자대학교 _ 본교,대학,대학,대학교,대학교,본교,본교,서울,서울,6507,6459,1,1,6945439219,6945439219,6945439219,academyinfo_two_year_exact_enrollment_school_context,candidate_two_year_exact_enrollment
0000100,동국대학교,동국대학교,동국대학교 _ 본교,동국대학교 _ 본교,대학,대학,대학교,대학교,본교,본교,서울,서울,18230,18426,0,0,,,,,unresolved_two_year_exact_match_not_unique
0000101,동국대학교(WISE),동국대학교(WISE),동국대학교(WISE) _ 분교,동국대학교(WISE) _ 분교,대학,대학,대학교,대학교,분교,분교,경북,경북,9838,9501,0,0,,,,,unresolved_two_year_exact_match_not_unique
0000102,동덕여자대학교,동덕여자대학교,동덕여자대학교 _ 본교,동덕여자대학교 _ 본교,대학,대학,대학교,대학교,본교,본교,서울,서울,8085,8257,1,1,7297517776,7297517776,7297517776,academyinfo_two_year_exact_enrollment_school_context,candidate_two_year_exact_enrollment
0000103,동서대학교,동서대학교,동서대학교 _ 본교,동서대학교 _ 본교,대학,대학,대학교,대학교,본교,본교,부산,부산,12122,11557,0,0,,,,,unresolved_two_year_exact_match_not_unique
0000104,동신대학교,동신대학교,동신대학교 _ 본교,동신대학교 _ 본교,대학,대학,대학교,대학교,본교,본교,전남광주,전남광주,7125,6764,1,1,3939605593,3939605593,3939605593,academyinfo_two_year_exact_enrollment_school_context,candidate_two_year_exact_enrollment
0000105,동아대학교,동아대학교,동아대학교 _ 본교,동아대학교 _ 본교,대학,대학,대학교,대학교,본교,본교,부산,부산,24504,24276,0,0,,,,,unresolved_two_year_exact_match_not_unique
0000106,동양대학교,동양대학교,동양대학교 _ 본교,동양대학교 _ 본교,대학,대학,대학교,대학교,본교,본교,경북,경북,5210,5192,0,0,,,,,unresolved_two_year_exact_match_not_unique
0000107,동의대학교,동의대학교,동의대학교 _ 본교,동의대학교 _ 본교,대학,대학,대학교,대학교,본교,본교,부산,부산,19880,19490,1,1,2066678583,2066678583,2066678583,academyinfo_two_year_exact_enrollment_school_context,candidate_two_year_exact_enrollment
0000108,루터대학교,루터대학교,루터대학교 _ 본교,루터대학교 _ 본교,대학,대학,대학교,대학교,본교,본교,경기,경기,396,386,1,1,5642528295,5642528295,5642528295,academyinfo_two_year_exact_enrollment_school_context,candidate_two_year_exact_enrollment
0000109,명지대학교,명지대학교,명지대학교 _ 본교,명지대학교 _ 본교,대학,대학,대학교,대학교,본교,본교,경기,경기,18830,18376,0,0,,,,,unresolved_two_year_exact_match_not_unique
0000111,명지대학교,명지대학교,명지대학교 _ 제2캠퍼스,명지대학교 _ 제2캠퍼스,대학,대학,대학교,대학교,제2캠퍼스,제2캠퍼스,서울,서울,,,0,0,,,,,unresolved_missing_two_year_numeric_enrollment
0000112,목원대학교,목원대학교,목원대학교 _ 본교,목원대학교 _ 본교,대학,대학,대학교,대학교,본교,본교,대전,대전,9602,9489,1,1,8148429274,8148429274,8148429274,academyinfo_two_year_exact_enrollment_school_context,candidate_two_year_exact_enrollment
0000113,배재대학교,배재대학교,배재대학교 _ 본교,배재대학교 _ 본교,대학,대학,대학교,대학교,본교,본교,대전,대전,9769,9564,1,1,8136945664,8136945664,8136945664,academyinfo_two_year_exact_enrollment_school_context,candidate_two_year_exact_enrollment
0000114,부산가톨릭대학교,부산가톨릭대학교,부산가톨릭대학교 _ 본교,부산가톨릭대학교 _ 본교,대학,대학,대학교,대학교,본교,본교,부산,부산,4122,4068,1,1,9481304764,9481304764,9481304764,academyinfo_two_year_exact_enrollment_school_context,candidate_two_year_exact_enrollment
0000115,부산외국어대학교,부산외국어대학교,부산외국어대학교 _ 본교,부산외국어대학교 _ 본교,대학,대학,대학교,대학교,본교,본교,부산,부산,10014,9532,1,1,7118994772,7118994772,7118994772,academyinfo_two_year_exact_enrollment_school_context,candidate_two_year_exact_enrollment
0000116,삼육대학교,삼육대학교,삼육대학교 _ 본교,삼육대학교 _ 본교,대학,대학,대학교,대학교,본교,본교,서울,서울,7060,6856,1,1,1141288042,1141288042,1141288042,academyinfo_two_year_exact_enrollment_school_context,candidate_two_year_exact_enrollment
0000117,상명대학교,상명대학교,상명대학교 _ 본교,상명대학교 _ 본교,대학,대학,대학교,대학교,본교,본교,서울,서울,16112,15943,0,0,,,,,unresolved_two_year_exact_match_not_unique
0000119,상지대학교,상지대학교,상지대학교 _ 본교,상지대학교 _ 본교,대학,대학,대학교,대학교,본교,본교,강원,강원,9180,8533,1,1,9737482547,9737482547,9737482547,academyinfo_two_year_exact_enrollment_school_context,candidate_two_year_exact_enrollment
0000120,서강대학교,서강대학교,서강대학교 _ 본교,서강대학교 _ 본교,대학,대학,대학교,대학교,본교,본교,서울,서울,11553,11667,1,1,2371954739,2371954739,2371954739,academyinfo_two_year_exact_enrollment_school_context,candidate_two_year_exact_enrollment
0000121,서경대학교,서경대학교,서경대학교 _ 본교,서경대학교 _ 본교,대학,대학,대학교,대학교,본교,본교,서울,서울,8773,8700,1,0,6073314666,,,,unresolved_two_year_exact_match_not_unique
0000122,서남대학교,서남대학교,서남대학교 _ 본교,서남대학교 _ 본교,대학,대학,대학교,대학교,본교,본교,전북,전북,,,0,0,,,,,unresolved_missing_two_year_numeric_enrollment
0000124,서남대학교,서남대학교,서남대학교 _ 제2캠퍼스,서남대학교 _ 제2캠퍼스,대학,대학,대학교,대학교,제2캠퍼스,제2캠퍼스,충남,충남,,,0,0,,,,,unresolved_missing_two_year_numeric_enrollment
0000125,서울신학대학교,서울신학대학교,서울신학대학교 _ 본교,서울신학대학교 _ 본교,대학,대학,대학교,대학교,본교,본교,경기,경기,2456,2423,1,1,6105046808,6105046808,6105046808,academyinfo_two_year_exact_enrollment_school_context,candidate_two_year_exact_enrollment
0000126,서울여자대학교,서울여자대학교,서울여자대학교 _ 본교,서울여자대학교 _ 본교,대학,대학,대학교,대학교,본교,본교,서울,서울,8726,9007,1,1,2795465350,2795465350,2795465350,academyinfo_two_year_exact_enrollment_school_context,candidate_two_year_exact_enrollment
0000127,서울장신대학교,서울장신대학교,서울장신대학교 _ 본교,서울장신대학교 _ 본교,대학,대학,대학교,대학교,본교,본교,경기,경기,379,357,1,1,4364512026,4364512026,4364512026,academyinfo_two_year_exact_enrollment_school_context,candidate_two_year_exact_enrollment
0000128,서원대학교,서원대학교,서원대학교 _ 본교,서원대학교 _ 본교,대학,대학,대학교,대학교,본교,본교,충북,충북,8629,8965,1,1,5755970716,5755970716,5755970716,academyinfo_two_year_exact_enrollment_school_context,candidate_two_year_exact_enrollment
0000129,선문대학교,선문대학교,선문대학교 _ 본교,선문대학교 _ 본교,대학,대학,대학교,대학교,본교,본교,충남,충남,12066,11560,1,1,4959807395,4959807395,4959807395,academyinfo_two_year_exact_enrollment_school_context,candidate_two_year_exact_enrollment
0000131,성결대학교,성결대학교,성결대학교 _ 본교,성결대학교 _ 본교,대학,대학,대학교,대학교,본교,본교,경기,경기,7024,6975,1,1,5094032645,5094032645,5094032645,academyinfo_two_year_exact_enrollment_school_context,candidate_two_year_exact_enrollment
0000132,성공회대학교,성공회대학교,성공회대학교 _ 본교,성공회대학교 _ 본교,대학,대학,대학교,대학교,본교,본교,서울,서울,2862,2901,1,1,3388397693,3388397693,3388397693,academyinfo_two_year_exact_enrollment_school_context,candidate_two_year_exact_enrollment
0000133,성균관대학교,성균관대학교,성균관대학교 _ 본교,성균관대학교 _ 본교,대학,대학,대학교,대학교,본교,본교,서울,서울,25362,25193,0,0,,,,,unresolved_two_year_exact_match_not_unique
0000136,성신여자대학교,성신여자대학교,성신여자대학교 _ 본교,성신여자대학교 _ 본교,대학,대학,대학교,대학교,본교,본교,서울,서울,10993,11227,0,0,,,,,unresolved_two_year_exact_match_not_unique
0000137,세명대학교,세명대학교,세명대학교 _ 본교,세명대학교 _ 본교,대학,대학,대학교,대학교,본교,본교,충북,충북,8775,8002,1,1,7039148092,7039148092,7039148092,academyinfo_two_year_exact_enrollment_school_context,candidate_two_year_exact_enrollment
0000138,세종대학교,세종대학교,세종대학교 _ 본교,세종대학교 _ 본교,대학,대학,대학교,대학교,본교,본교,서울,서울,16235,16633,1,0,7617577195,,,,unresolved_two_year_exact_match_not_unique
0000139,수원가톨릭대학교,수원가톨릭대학교,수원가톨릭대학교 _ 본교,수원가톨릭대학교 _ 본교,대학,대학,대학교,대학교,본교,본교,경기,경기,169,156,1,1,3184465050,3184465050,3184465050,academyinfo_two_year_exact_enrollment_school_context,candidate_two_year_exact_enrollment
0000140,수원대학교,수원대학교,수원대학교 _ 본교,수원대학교 _ 본교,대학,대학,대학교,대학교,본교,본교,경기,경기,11860,11528,1,1,9326480150,9326480150,9326480150,academyinfo_two_year_exact_enrollment_school_context,candidate_two_year_exact_enrollment
0000141,숙명여자대학교,숙명여자대학교,숙명여자대학교 _ 본교,숙명여자대학교 _ 본교,대학,대학,대학교,대학교,본교,본교,서울,서울,12231,12054,1,1,8424407124,8424407124,8424407124,academyinfo_two_year_exact_enrollment_school_context,candidate_two_year_exact_enrollment
0000142,순천향대학교,순천향대학교,순천향대학교 _ 본교,순천향대학교 _ 본교,대학,대학,대학교,대학교,본교,본교,충남,충남,13889,14008,0,0,,,,,unresolved_two_year_exact_match_not_unique
0000143,숭실대학교,숭실대학교,숭실대학교 _ 본교,숭실대학교 _ 본교,대학,대학,대학교,대학교,본교,본교,서울,서울,19473,19764,1,1,4381855189,4381855189,4381855189,academyinfo_two_year_exact_enrollment_school_context,candidate_two_year_exact_enrollment
0000144,신라대학교,신라대학교,신라대학교 _ 본교,신라대학교 _ 본교,대학,대학,대학교,대학교,본교,본교,부산,부산,8862,8383,1,1,6281530261,6281530261,6281530261,academyinfo_two_year_exact_enrollment_school_context,candidate_two_year_exact_enrollment
0000145,아신대학교,아신대학교,아신대학교 _ 본교,아신대학교 _ 본교,대학,대학,대학교,대학교,본교,본교,경기,경기,453,345,1,1,1586481094,1586481094,1586481094,academyinfo_two_year_exact_enrollment_school_context,candidate_two_year_exact_enrollment
0000146,아주대학교,아주대학교,아주대학교 _ 본교,아주대학교 _ 본교,대학,대학,대학교,대학교,본교,본교,경기,경기,13395,13395,1,1,5931458532,5931458532,5931458532,academyinfo_two_year_exact_enrollment_school_context,candidate_two_year_exact_enrollment
0000147,안양대학교,안양대학교,안양대학교 _ 본교,안양대학교 _ 본교,대학,대학,대학교,대학교,본교,본교,경기,경기,6514,6479,0,0,,,,,unresolved_two_year_exact_match_not_unique
0000148,안양대학교,안양대학교,안양대학교 _ 제2캠퍼스,안양대학교 _ 제2캠퍼스,대학,대학,대학교,대학교,제2캠퍼스,제2캠퍼스,인천,인천,,,0,0,,,,,unresolved_missing_two_year_numeric_enrollment
0000149,연세대학교,연세대학교,연세대학교 _ 본교,연세대학교 _ 본교,대학,대학,대학교,대학교,본교,본교,서울,서울,27409,27693,0,0,,,,,unresolved_two_year_exact_match_not_unique
0000150,연세대학교(미래),연세대학교(미래),연세대학교(미래) _ 분교,연세대학교(미래) _ 분교,대학,대학,대학교,대학교,분교,분교,강원,강원,9179,9023,0,0,,,,,unresolved_two_year_exact_match_not_unique
0000151,영남대학교,영남대학교,영남대학교 _ 본교,영남대학교 _ 본교,대학,대학,대학교,대학교,본교,본교,경북,경북,28090,27926,0,0,,,,,unresolved_two_year_exact_match_not_unique
0000153,영남신학대학교,영남신학대학교,영남신학대학교 _ 본교,영남신학대학교 _ 본교,대학,대학,대학교,대학교,본교,본교,경북,경북,484,446,1,1,8771178662,8771178662,8771178662,academyinfo_two_year_exact_enrollment_school_context,candidate_two_year_exact_enrollment
0000154,유원대학교,유원대학교,유원대학교 _ 본교,유원대학교 _ 본교,대학,대학,대학교,대학교,본교,본교,충북,충북,4401,4171,0,0,,,,,unresolved_two_year_exact_match_not_unique
0000155,영산선학대학교,영산선학대학교,영산선학대학교 _ 본교,영산선학대학교 _ 본교,대학,대학,대학교,대학교,본교,본교,전남광주,전남광주,46,31,1,1,3724725782,3724725782,3724725782,academyinfo_two_year_exact_enrollment_school_context,candidate_two_year_exact_enrollment
0000156,용인대학교,용인대학교,용인대학교 _ 본교,용인대학교 _ 본교,대학,대학,대학교,대학교,본교,본교,경기,경기,7536,7318,1,1,5842803478,5842803478,5842803478,academyinfo_two_year_exact_enrollment_school_context,candidate_two_year_exact_enrollment
0000157,우석대학교,우석대학교,우석대학교 _ 본교,우석대학교 _ 본교,대학,대학,대학교,대학교,본교,본교,전북,전북,8394,8363,0,0,,,,,unresolved_two_year_exact_match_not_unique
0000158,울산대학교,울산대학교,울산대학교 _ 본교,울산대학교 _ 본교,대학,대학,대학교,대학교,본교,본교,울산,울산,16498,15931,1,1,2515871345,2515871345,2515871345,academyinfo_two_year_exact_enrollment_school_context,candidate_two_year_exact_enrollment
0000159,원광대학교,원광대학교,원광대학교 _ 본교,원광대학교 _ 본교,대학,대학,대학교,대학교,본교,본교,전북,전북,18063,17101,1,1,8692563652,8692563652,8692563652,academyinfo_two_year_exact_enrollment_school_context,candidate_two_year_exact_enrollment
0000160,위덕대학교,위덕대학교,위덕대학교 _ 본교,위덕대학교 _ 본교,대학,대학,대학교,대학교,본교,본교,경북,경북,2951,2664,1,1,3436350226,3436350226,3436350226,academyinfo_two_year_exact_enrollment_school_context,candidate_two_year_exact_enrollment
0000161,을지대학교,을지대학교,을지대학교 _ 본교,을지대학교 _ 본교,대학,대학,대학교,대학교,본교,본교,대전,대전,5832,5536,0,0,,,,,unresolved_two_year_exact_match_not_unique
0000162,을지대학교,을지대학교,을지대학교 _ 제2캠퍼스,을지대학교 _ 제2캠퍼스,대학,대학,대학교,대학교,제2캠퍼스,제2캠퍼스,경기,경기,,,0,0,,,,,unresolved_missing_two_year_numeric_enrollment
0000163,이화여자대학교,이화여자대학교,이화여자대학교 _ 본교,이화여자대학교 _ 본교,대학,대학,대학교,대학교,본교,본교,서울,서울,19165,19495,0,0,,,,,unresolved_two_year_exact_match_not_unique
0000164,인제대학교,인제대학교,인제대학교 _ 본교,인제대학교 _ 본교,대학,대학,대학교,대학교,본교,본교,경남,경남,9832,9017,0,0,,,,,unresolved_two_year_exact_match_not_unique
0000166,인제대학교,인제대학교,인제대학교 _ 제2캠퍼스,인제대학교 _ 제2캠퍼스,대학,대학,대학교,대학교,제2캠퍼스,제2캠퍼스,부산,부산,,,0,0,,,,,unresolved_missing_two_year_numeric_enrollment
0000167,인천가톨릭대학교,인천가톨릭대학교,인천가톨릭대학교 _ 제2캠퍼스,인천가톨릭대학교 _ 제2캠퍼스,대학,대학,대학교,대학교,제2캠퍼스,제2캠퍼스,인천,인천,,,0,0,,,,,unresolved_missing_two_year_numeric_enrollment
0000168,인천가톨릭대학교,인천가톨릭대학교,인천가톨릭대학교 _ 본교,인천가톨릭대학교 _ 본교,대학,대학,대학교,대학교,본교,본교,인천,인천,805,793,0,0,,,,,unresolved_two_year_exact_match_not_unique
0000169,인하대학교,인하대학교,인하대학교 _ 본교,인하대학교 _ 본교,대학,대학,대학교,대학교,본교,본교,인천,인천,24981,24704,1,1,4503744423,4503744423,4503744423,academyinfo_two_year_exact_enrollment_school_context,candidate_two_year_exact_enrollment
0000170,장로회신학대학교,장로회신학대학교,장로회신학대학교 _ 본교,장로회신학대학교 _ 본교,대학,대학,대학교,대학교,본교,본교,서울,서울,791,783,1,1,3061540484,3061540484,3061540484,academyinfo_two_year_exact_enrollment_school_context,candidate_two_year_exact_enrollment
0000171,전주대학교,전주대학교,전주대학교 _ 본교,전주대학교 _ 본교,대학,대학,대학교,대학교,본교,본교,전북,전북,14540,13998,1,1,5981081545,5981081545,5981081545,academyinfo_two_year_exact_enrollment_school_context,candidate_two_year_exact_enrollment
0000172,조선대학교,조선대학교,조선대학교 _ 본교,조선대학교 _ 본교,대학,대학,대학교,대학교,본교,본교,전남광주,전남광주,25619,25134,0,1,,5524299204,,,unresolved_two_year_exact_match_not_unique
0000173,중부대학교,중부대학교,중부대학교 _ 본교,중부대학교 _ 본교,대학,대학,대학교,대학교,본교,본교,충남,충남,10768,10470,0,0,,,,,unresolved_two_year_exact_match_not_unique
0000174,중앙대학교,중앙대학교,중앙대학교 _ 제2캠퍼스,중앙대학교 _ 제2캠퍼스,대학,대학,대학교,대학교,제2캠퍼스,제2캠퍼스,경기,경기,,,0,0,,,,,unresolved_missing_two_year_numeric_enrollment
0000175,중앙대학교,중앙대학교,중앙대학교 _ 본교,중앙대학교 _ 본교,대학,대학,대학교,대학교,본교,본교,서울,서울,32217,32268,0,0,,,,,unresolved_two_year_exact_match_not_unique
0000177,중앙승가대학교,중앙승가대학교,중앙승가대학교 _ 본교,중앙승가대학교 _ 본교,대학,대학,대학교,대학교,본교,본교,경기,경기,78,68,1,1,4551189482,4551189482,4551189482,academyinfo_two_year_exact_enrollment_school_context,candidate_two_year_exact_enrollment
0000178,백석대학교,백석대학교,백석대학교 _ 본교,백석대학교 _ 본교,대학,대학,대학교,대학교,본교,본교,충남,충남,15436,15281,1,1,3173264682,3173264682,3173264682,academyinfo_two_year_exact_enrollment_school_context,candidate_two_year_exact_enrollment
0000179,청주대학교,청주대학교,청주대학교 _ 본교,청주대학교 _ 본교,대학,대학,대학교,대학교,본교,본교,충북,충북,15548,15979,0,0,,,,,unresolved_two_year_exact_match_not_unique
0000180,총신대학교,총신대학교,총신대학교 _ 본교,총신대학교 _ 본교,대학,대학,대학교,대학교,본교,본교,서울,서울,1733,1714,1,1,3974026381,3974026381,3974026381,academyinfo_two_year_exact_enrollment_school_context,candidate_two_year_exact_enrollment
0000181,추계예술대학교,추계예술대학교,추계예술대학교 _ 본교,추계예술대학교 _ 본교,대학,대학,대학교,대학교,본교,본교,서울,서울,1394,1364,1,1,2033700287,2033700287,2033700287,academyinfo_two_year_exact_enrollment_school_context,candidate_two_year_exact_enrollment
0000182,한국침례신학대학교,한국침례신학대학교,한국침례신학대학교 _ 본교,한국침례신학대학교 _ 본교,대학,대학,대학교,대학교,본교,본교,대전,대전,1030,935,1,1,9853607714,9853607714,9853607714,academyinfo_two_year_exact_enrollment_school_context,candidate_two_year_exact_enrollment
0000184,칼빈대학교,칼빈대학교,칼빈대학교 _ 본교,칼빈대학교 _ 본교,대학,대학,대학교,대학교,본교,본교,경기,경기,731,1523,1,1,5863583087,5863583087,5863583087,academyinfo_two_year_exact_enrollment_school_context,candidate_two_year_exact_enrollment
0000185,탐라대학교,탐라대학교,탐라대학교 _ 본교,탐라대학교 _ 본교,대학,대학,대학교,대학교,본교,본교,제주,제주,,,0,0,,,,,unresolved_missing_two_year_numeric_enrollment
0000186,평택대학교,평택대학교,평택대학교 _ 본교,평택대학교 _ 본교,대학,대학,대학교,대학교,본교,본교,경기,경기,4214,4064,1,1,7422582209,7422582209,7422582209,academyinfo_two_year_exact_enrollment_school_context,candidate_two_year_exact_enrollment
0000187,차의과학대학교,차의과학대학교,차의과학대학교 _ 본교,차의과학대학교 _ 본교,대학,대학,대학교,대학교,본교,본교,경기,경기,2698,2597,1,1,9776334881,9776334881,9776334881,academyinfo_two_year_exact_enrollment_school_context,candidate_two_year_exact_enrollment
0000188,포항공과대학교,포항공과대학교,포항공과대학교 _ 본교,포항공과대학교 _ 본교,대학,대학,대학교,대학교,본교,본교,경북,경북,1747,1805,1,1,4212074577,4212074577,4212074577,academyinfo_two_year_exact_enrollment_school_context,candidate_two_year_exact_enrollment
0000189,한국기술교육대학교,한국기술교육대학교,한국기술교육대학교 _ 본교,한국기술교육대학교 _ 본교,대학,대학,대학교,대학교,본교,본교,충남,충남,5819,5872,1,1,7530472457,7530472457,7530472457,academyinfo_two_year_exact_enrollment_school_context,candidate_two_year_exact_enrollment
0000191,한국성서대학교,한국성서대학교,한국성서대학교 _ 본교,한국성서대학교 _ 본교,대학,대학,대학교,대학교,본교,본교,서울,서울,1195,1133,1,1,6212758958,6212758958,6212758958,academyinfo_two_year_exact_enrollment_school_context,candidate_two_year_exact_enrollment
0000192,한국외국어대학교,한국외국어대학교,한국외국어대학교 _ 본교,한국외국어대학교 _ 본교,대학,대학,대학교,대학교,본교,본교,서울,서울,22631,22599,0,0,,,,,unresolved_two_year_exact_match_not_unique
0000194,한국항공대학교,한국항공대학교,한국항공대학교 _ 본교,한국항공대학교 _ 본교,대학,대학,대학교,대학교,본교,본교,경기,경기,5899,5907,1,1,8684313714,8684313714,8684313714,academyinfo_two_year_exact_enrollment_school_context,candidate_two_year_exact_enrollment
0000195,한남대학교,한남대학교,한남대학교 _ 본교,한남대학교 _ 본교,대학,대학,대학교,대학교,본교,본교,대전,대전,15273,15555,0,0,,,,,unresolved_two_year_exact_match_not_unique
0000196,한동대학교,한동대학교,한동대학교 _ 본교,한동대학교 _ 본교,대학,대학,대학교,대학교,본교,본교,경북,경북,5339,5307,1,1,7974777162,7974777162,7974777162,academyinfo_two_year_exact_enrollment_school_context,candidate_two_year_exact_enrollment
0000197,한라대학교,한라대학교,한라대학교 _ 본교,한라대학교 _ 본교,대학,대학,대학교,대학교,본교,본교,강원,강원,4172,4080,1,1,6306250035,6306250035,6306250035,academyinfo_two_year_exact_enrollment_school_context,candidate_two_year_exact_enrollment
0000198,한림대학교,한림대학교,한림대학교 _ 본교,한림대학교 _ 본교,대학,대학,대학교,대학교,본교,본교,강원,강원,10314,10348,1,1,6450987398,6450987398,6450987398,academyinfo_two_year_exact_enrollment_school_context,candidate_two_year_exact_enrollment
0000199,한서대학교,한서대학교,한서대학교 _ 본교,한서대학교 _ 본교,대학,대학,대학교,대학교,본교,본교,충남,충남,8555,8167,0,0,,,,,unresolved_two_year_exact_match_not_unique
0000200,한성대학교,한성대학교,한성대학교 _ 본교,한성대학교 _ 본교,대학,대학,대학교,대학교,본교,본교,서울,서울,9415,9442,0,0,,,,,unresolved_two_year_exact_match_not_unique
0000201,한세대학교,한세대학교,한세대학교 _ 본교,한세대학교 _ 본교,대학,대학,대학교,대학교,본교,본교,경기,경기,3300,3261,1,1,5550205051,5550205051,5550205051,academyinfo_two_year_exact_enrollment_school_context,candidate_two_year_exact_enrollment
0000202,한신대학교,한신대학교,한신대학교 _ 본교,한신대학교 _ 본교,대학,대학,대학교,대학교,본교,본교,경기,경기,7530,7388,1,1,5703346312,5703346312,5703346312,academyinfo_two_year_exact_enrollment_school_context,candidate_two_year_exact_enrollment
0000203,한양대학교,한양대학교,한양대학교 _ 본교,한양대학교 _ 본교,대학,대학,대학교,대학교,본교,본교,서울,서울,22334,22610,1,1,9258313953,9258313953,9258313953,academyinfo_two_year_exact_enrollment_school_context,candidate_two_year_exact_enrollment
0000204,한양대학교(ERICA),한양대학교(ERICA),한양대학교(ERICA) _ 분교,한양대학교(ERICA) _ 분교,대학,대학,대학교,대학교,분교,분교,경기,경기,14347,14632,0,0,,,,,unresolved_two_year_exact_match_not_unique
0000205,서울한영대학교,서울한영대학교,서울한영대학교 _ 본교,서울한영대학교 _ 본교,대학,대학,대학교,대학교,본교,본교,서울,서울,839,825,1,1,8578089654,8578089654,8578089654,academyinfo_two_year_exact_enrollment_school_context,candidate_two_year_exact_enrollment
0000206,한일장신대학교,한일장신대학교,한일장신대학교 _ 본교,한일장신대학교 _ 본교,대학,대학,대학교,대학교,본교,본교,전북,전북,961,911,1,1,2319199979,2319199979,2319199979,academyinfo_two_year_exact_enrollment_school_context,candidate_two_year_exact_enrollment
0000207,협성대학교,협성대학교,협성대학교 _ 본교,협성대학교 _ 본교,대학,대학,대학교,대학교,본교,본교,경기,경기,5258,5192,1,1,5622947633,5622947633,5622947633,academyinfo_two_year_exact_enrollment_school_context,candidate_two_year_exact_enrollment
0000208,호남대학교,호남대학교,호남대학교 _ 본교,호남대학교 _ 본교,대학,대학,대학교,대학교,본교,본교,전남광주,전남광주,8401,8346,1,1,7015211522,7015211522,7015211522,academyinfo_two_year_exact_enrollment_school_context,candidate_two_year_exact_enrollment
0000209,호남신학대학교,호남신학대학교,호남신학대학교 _ 본교,호남신학대학교 _ 본교,대학,대학,대학교,대학교,본교,본교,전남광주,전남광주,780,765,1,1,4745576679,4745576679,4745576679,academyinfo_two_year_exact_enrollment_school_context,candidate_two_year_exact_enrollment
0000211,호서대학교,호서대학교,호서대학교 _ 본교,호서대학교 _ 본교,대학,대학,대학교,대학교,본교,본교,충남,충남,16124,15735,0,0,,,,,unresolved_two_year_exact_match_not_unique
0000212,홍익대학교,홍익대학교,홍익대학교 _ 본교,홍익대학교 _ 본교,대학,대학,대학교,대학교,본교,본교,서울,서울,24869,24835,0,0,,,,,unresolved_two_year_exact_match_not_unique
0000215,가톨릭꽃동네대학교,가톨릭꽃동네대학교,가톨릭꽃동네대학교 _ 본교,가톨릭꽃동네대학교 _ 본교,대학,대학,대학교,대학교,본교,본교,충북,충북,554,557,1,1,9979787409,9979787409,9979787409,academyinfo_two_year_exact_enrollment_school_context,candidate_two_year_exact_enrollment
0000216,남부대학교,남부대학교,남부대학교 _ 본교,남부대학교 _ 본교,대학,대학,대학교,대학교,본교,본교,전남광주,전남광주,3340,3033,1,1,9043817162,9043817162,9043817162,academyinfo_two_year_exact_enrollment_school_context,candidate_two_year_exact_enrollment
0000218,예원예술대학교,예원예술대학교,예원예술대학교 _ 본교,예원예술대학교 _ 본교,대학,대학,대학교,대학교,본교,본교,전북,전북,1548,1675,0,0,,,,,unresolved_two_year_exact_match_not_unique
0000219,예원예술대학교,예원예술대학교,예원예술대학교 _ 제2캠퍼스,예원예술대학교 _ 제2캠퍼스,대학,대학,대학교,대학교,제2캠퍼스,제2캠퍼스,경기,경기,,,0,0,,,,,unresolved_missing_two_year_numeric_enrollment
0000220,한중대학교,한중대학교,한중대학교 _ 본교,한중대학교 _ 본교,대학,대학,대학교,대학교,본교,본교,강원,강원,,,0,0,,,,,unresolved_missing_two_year_numeric_enrollment
0000221,목포가톨릭대학교,목포가톨릭대학교,목포가톨릭대학교 _ 본교,목포가톨릭대학교 _ 본교,대학,대학,대학교,대학교,본교,본교,전남광주,전남광주,567,535,1,1,2892641246,2892641246,2892641246,academyinfo_two_year_exact_enrollment_school_context,candidate_two_year_exact_enrollment
0000222,부산장신대학교,부산장신대학교,부산장신대학교 _ 본교,부산장신대학교 _ 본교,대학,대학,대학교,대학교,본교,본교,경남,경남,158,152,1,1,5888007283,5888007283,5888007283,academyinfo_two_year_exact_enrollment_school_context,candidate_two_year_exact_enrollment
0000224,금강대학교,금강대학교,금강대학교 _ 본교,금강대학교 _ 본교,대학,대학,대학교,대학교,본교,본교,충남,충남,287,156,1,1,9802317440,9802317440,9802317440,academyinfo_two_year_exact_enrollment_school_context,candidate_two_year_exact_enrollment
0000225,대구외국어대학교,대구외국어대학교,대구외국어대학교 _ 본교,대구외국어대학교 _ 본교,대학,대학,대학교,대학교,본교,본교,경북,경북,,,0,0,,,,,unresolved_missing_two_year_numeric_enrollment
0000228,예수대학교,예수대학교,예수대학교 _ 본교,예수대학교 _ 본교,대학,대학,대학교,대학교,본교,본교,전북,전북,567,560,1,1,4929824054,4929824054,4929824054,academyinfo_two_year_exact_enrollment_school_context,candidate_two_year_exact_enrollment
0000229,한국국제대학교,,한국국제대학교 _ 본교,,대학,,대학교,,본교,,경남,,,,0,0,,,,,unresolved_missing_two_year_numeric_enrollment
0000230,한북대학교,한북대학교,한북대학교 _ 본교,한북대학교 _ 본교,대학,대학,대학교,대학교,본교,본교,경기,경기,,,0,0,,,,,unresolved_missing_two_year_numeric_enrollment
0000231,광주대학교,광주대학교,광주대학교 _ 본교,광주대학교 _ 본교,대학,대학,대학교,대학교,본교,본교,전남광주,전남광주,7359,6777,1,1,6217789173,6217789173,6217789173,academyinfo_two_year_exact_enrollment_school_context,candidate_two_year_exact_enrollment
0000233,화성의과학대학교,화성의과학대학교,화성의과학대학교 _ 본교,화성의과학대학교 _ 본교,대학,대학,대학교,대학교,본교,본교,경기,경기,574,603,1,1,1688166320,1688166320,1688166320,academyinfo_two_year_exact_enrollment_school_context,candidate_two_year_exact_enrollment
0000235,동명대학교,동명대학교,동명대학교 _ 본교,동명대학교 _ 본교,대학,대학,대학교,대학교,본교,본교,부산,부산,9801,9276,1,1,2269515275,2269515275,2269515275,academyinfo_two_year_exact_enrollment_school_context,candidate_two_year_exact_enrollment
0000236,영산대학교,,영산대학교 _ 본교,,대학,,대학교,,본교,,경남,,6989,,0,0,,,,,unresolved_missing_two_year_numeric_enrollment
0000237,영산대학교,,영산대학교 _ 제2캠퍼스,,대학,,대학교,,제2캠퍼스,,부산,,,,0,0,,,,,unresolved_missing_two_year_numeric_enrollment
0000238,대전신학대학교,대전신학대학교,대전신학대학교 _ 본교,대전신학대학교 _ 본교,대학,대학,대학교,대학교,본교,본교,대전,대전,54,57,1,1,3256466805,3256466805,3256466805,academyinfo_two_year_exact_enrollment_school_context,candidate_two_year_exact_enrollment
0000239,중원대학교,중원대학교,중원대학교 _ 본교,중원대학교 _ 본교,대학,대학,대학교,대학교,본교,본교,충북,충북,4257,4009,1,1,8605822086,8605822086,8605822086,academyinfo_two_year_exact_enrollment_school_context,candidate_two_year_exact_enrollment
0000240,우송대학교,우송대학교,우송대학교 _ 본교,우송대학교 _ 본교,대학,대학,대학교,대학교,본교,본교,대전,대전,12760,12856,0,1,,8030658304,,,unresolved_two_year_exact_match_not_unique
0000241,김천대학교,김천대학교,김천대학교 _ 본교,김천대학교 _ 본교,대학,대학,대학교,대학교,본교,본교,경북,경북,2947,2688,1,1,6974740743,6974740743,6974740743,academyinfo_two_year_exact_enrollment_school_context,candidate_two_year_exact_enrollment
0000242,한려대학교,한려대학교,한려대학교 _ 본교,한려대학교 _ 본교,대학,대학,대학교,대학교,본교,본교,전남광주,전남광주,,,0,0,,,,,unresolved_missing_two_year_numeric_enrollment
0000243,송원대학교,송원대학교,송원대학교 _ 본교,송원대학교 _ 본교,대학,대학,대학교,대학교,본교,본교,전남광주,전남광주,3403,3297,1,1,2053851187,2053851187,2053851187,academyinfo_two_year_exact_enrollment_school_context,candidate_two_year_exact_enrollment
0000244,경운대학교,경운대학교,경운대학교 _ 본교,경운대학교 _ 본교,대학,대학,대학교,대학교,본교,본교,경북,경북,5719,5965,2,1,1562454402|7625677466,1562454402,,,unresolved_two_year_exact_match_not_unique
0000245,남서울대학교,남서울대학교,남서울대학교 _ 본교,남서울대학교 _ 본교,대학,대학,대학교,대학교,본교,본교,충남,충남,12128,11997,1,1,8574780881,8574780881,8574780881,academyinfo_two_year_exact_enrollment_school_context,candidate_two_year_exact_enrollment
0000246,초당대학교,초당대학교,초당대학교 _ 본교,초당대학교 _ 본교,대학,대학,대학교,대학교,본교,본교,전남광주,전남광주,3492,3087,0,1,,3816389739,,,unresolved_two_year_exact_match_not_unique
0000247,한국공학대학교,한국공학대학교,한국공학대학교 _ 본교,한국공학대학교 _ 본교,대학,대학,대학교,대학교,본교,본교,경기,경기,9957,9979,1,1,8616076707,8616076707,8616076707,academyinfo_two_year_exact_enrollment_school_context,candidate_two_year_exact_enrollment
0000248,제주국제대학교,제주국제대학교,제주국제대학교 _ 본교,제주국제대학교 _ 본교,대학,대학,대학교,대학교,본교,본교,제주,제주,533,402,1,1,1942845821,1942845821,1942845821,academyinfo_two_year_exact_enrollment_school_context,candidate_two_year_exact_enrollment
0000249,창신대학교,창신대학교,창신대학교 _ 본교,창신대학교 _ 본교,대학,대학,대학교,대학교,본교,본교,경남,경남,2061,1969,1,1,8881708741,8881708741,8881708741,academyinfo_two_year_exact_enrollment_school_context,candidate_two_year_exact_enrollment
0000250,울산과학기술원,울산과학기술원,울산과학기술원 _ 본교,울산과학기술원 _ 본교,대학,대학,대학교,대학교,본교,본교,울산,울산,2342,2358,1,1,4205115854,4205115854,4205115854,academyinfo_two_year_exact_enrollment_school_context,candidate_two_year_exact_enrollment
0000251,공주교육대학교,공주교육대학교,공주교육대학교 _ 본교,공주교육대학교 _ 본교,대학,대학,교육대학,교육대학,본교,본교,충남,충남,1419,1422,1,1,4128983497,4128983497,4128983497,academyinfo_two_year_exact_enrollment_school_context,candidate_two_year_exact_enrollment
0000252,광주교육대학교,광주교육대학교,광주교육대학교 _ 본교,광주교육대학교 _ 본교,대학,대학,교육대학,교육대학,본교,본교,전남광주,전남광주,1335,1319,1,1,7730154871,7730154871,7730154871,academyinfo_two_year_exact_enrollment_school_context,candidate_two_year_exact_enrollment
0000253,대구교육대학교,대구교육대학교,대구교육대학교 _ 본교,대구교육대학교 _ 본교,대학,대학,교육대학,교육대학,본교,본교,대구,대구,1602,1589,1,1,2183489322,2183489322,2183489322,academyinfo_two_year_exact_enrollment_school_context,candidate_two_year_exact_enrollment
0000254,부산교육대학교,부산교육대학교,부산교육대학교 _ 본교,부산교육대학교 _ 본교,대학,대학,교육대학,교육대학,본교,본교,부산,부산,1499,1476,1,1,6089915394,6089915394,6089915394,academyinfo_two_year_exact_enrollment_school_context,candidate_two_year_exact_enrollment
0000255,서울교육대학교,서울교육대학교,서울교육대학교 _ 본교,서울교육대학교 _ 본교,대학,대학,교육대학,교육대학,본교,본교,서울,서울,1497,1413,1,1,8185494184,8185494184,8185494184,academyinfo_two_year_exact_enrollment_school_context,candidate_two_year_exact_enrollment
0000256,경인교육대학교,경인교육대학교,경인교육대학교 _ 본교,경인교육대학교 _ 본교,대학,대학,교육대학,교육대학,본교,본교,인천,인천,2576,2508,0,0,,,,,unresolved_two_year_exact_match_not_unique
0000257,경인교육대학교,경인교육대학교,경인교육대학교 _ 제2캠퍼스,경인교육대학교 _ 제2캠퍼스,대학,대학,교육대학,교육대학,제2캠퍼스,제2캠퍼스,경기,경기,,,0,0,,,,,unresolved_missing_two_year_numeric_enrollment
0000258,전주교육대학교,전주교육대학교,전주교육대학교 _ 본교,전주교육대학교 _ 본교,대학,대학,교육대학,교육대학,본교,본교,전북,전북,1152,1118,1,1,1867613613,1867613613,1867613613,academyinfo_two_year_exact_enrollment_school_context,candidate_two_year_exact_enrollment
0000260,진주교육대학교,진주교육대학교,진주교육대학교 _ 본교,진주교육대학교 _ 본교,대학,대학,교육대학,교육대학,본교,본교,경남,경남,1287,1284,1,1,7351759016,7351759016,7351759016,academyinfo_two_year_exact_enrollment_school_context,candidate_two_year_exact_enrollment
0000261,청주교육대학교,청주교육대학교,청주교육대학교 _ 본교,청주교육대학교 _ 본교,대학,대학,교육대학,교육대학,본교,본교,충북,충북,1189,1159,0,1,,7741671741,,,unresolved_two_year_exact_match_not_unique
0000262,춘천교육대학교,춘천교육대학교,춘천교육대학교 _ 본교,춘천교육대학교 _ 본교,대학,대학,교육대학,교육대학,본교,본교,강원,강원,1302,1285,1,1,8537263214,8537263214,8537263214,academyinfo_two_year_exact_enrollment_school_context,candidate_two_year_exact_enrollment
0000374,한국과학기술원,한국과학기술원,한국과학기술원 _ 본교,한국과학기술원 _ 본교,대학,대학,대학교,대학교,본교,본교,대전,대전,4912,5001,1,1,9837188839,9837188839,9837188839,academyinfo_two_year_exact_enrollment_school_context,candidate_two_year_exact_enrollment
0000381,광주과학기술원,광주과학기술원,광주과학기술원 _ 본교,광주과학기술원 _ 본교,대학,대학,대학교,대학교,본교,본교,전남광주,전남광주,1050,1119,1,1,8319158315,8319158315,8319158315,academyinfo_two_year_exact_enrollment_school_context,candidate_two_year_exact_enrollment
0000382,대구경북과학기술원,대구경북과학기술원,대구경북과학기술원 _ 본교,대구경북과학기술원 _ 본교,대학,대학,대학교,대학교,본교,본교,대구,대구,1073,1095,1,1,8862205862,8862205862,8862205862,academyinfo_two_year_exact_enrollment_school_context,candidate_two_year_exact_enrollment
0000402,경남도립거창대학,경남도립거창대학,경남도립거창대학 _ 본교,경남도립거창대학 _ 본교,전문대학,전문대학,전문대학,전문대학,본교,본교,경남,경남,1117,1137,1,1,6597150623,6597150623,6597150623,academyinfo_two_year_exact_enrollment_school_context,candidate_two_year_exact_enrollment
0000403,경남도립남해대학,경남도립남해대학,경남도립남해대학 _ 본교,경남도립남해대학 _ 본교,전문대학,전문대학,전문대학,전문대학,본교,본교,경남,경남,1071,1059,1,1,4694034814,4694034814,4694034814,academyinfo_two_year_exact_enrollment_school_context,candidate_two_year_exact_enrollment
0000405,경북도립대학교,경북도립대학교,경북도립대학교 _ 본교,경북도립대학교 _ 본교,전문대학,전문대학,전문대학,전문대학,본교,본교,경북,경북,1091,903,1,1,2756348550,2756348550,2756348550,academyinfo_two_year_exact_enrollment_school_context,candidate_two_year_exact_enrollment
0000406,충북도립대학교,충북도립대학교,충북도립대학교 _ 본교,충북도립대학교 _ 본교,전문대학,전문대학,전문대학,전문대학,본교,본교,충북,충북,1048,954,0,0,,,,,unresolved_two_year_exact_match_not_unique
0000407,인천전문대학,,인천전문대학 _ 본교,,전문대학,,전문대학,,본교,,인천,,,,0,0,,,,,unresolved_missing_two_year_numeric_enrollment
0000410,가톨릭상지대학교,가톨릭상지대학교,가톨릭상지대학교 _ 본교,가톨릭상지대학교 _ 본교,전문대학,전문대학,전문대학,전문대학,본교,본교,경북,경북,2282,2206,1,1,1930877268,1930877268,1930877268,academyinfo_two_year_exact_enrollment_school_context,candidate_two_year_exact_enrollment
0000412,거제대학교,거제대학교,거제대학교 _ 본교,거제대학교 _ 본교,전문대학,전문대학,전문대학,전문대학,본교,본교,경남,경남,1256,1293,1,1,2398071944,2398071944,2398071944,academyinfo_two_year_exact_enrollment_school_context,candidate_two_year_exact_enrollment
0000415,호산대학교,호산대학교,호산대학교 _ 본교,호산대학교 _ 본교,전문대학,전문대학,전문대학,전문대학,본교,본교,경북,경북,2159,2624,1,1,7729016542,7729016542,7729016542,academyinfo_two_year_exact_enrollment_school_context,candidate_two_year_exact_enrollment
0000416,경민대학교,경민대학교,경민대학교 _ 본교,경민대학교 _ 본교,전문대학,전문대학,전문대학,전문대학,본교,본교,경기,경기,6353,6464,1,1,3925817430,3925817430,3925817430,academyinfo_two_year_exact_enrollment_school_context,candidate_two_year_exact_enrollment
0000418,영남외국어대학,영남외국어대학,영남외국어대학 _ 본교,영남외국어대학 _ 본교,전문대학,전문대학,전문대학,전문대학,본교,본교,경북,경북,445,541,1,1,4389398634,4389398634,4389398634,academyinfo_two_year_exact_enrollment_school_context,candidate_two_year_exact_enrollment
0000422,경인여자대학교,경인여자대학교,경인여자대학교 _ 본교,경인여자대학교 _ 본교,전문대학,전문대학,전문대학,전문대학,본교,본교,인천,인천,4187,3876,1,1,6690823018,6690823018,6690823018,academyinfo_two_year_exact_enrollment_school_context,candidate_two_year_exact_enrollment
0000425,계명문화대학교,계명문화대학교,계명문화대학교 _ 본교,계명문화대학교 _ 본교,전문대학,전문대학,전문대학,전문대학,본교,본교,대구,대구,6321,5964,1,1,6783237993,6783237993,6783237993,academyinfo_two_year_exact_enrollment_school_context,candidate_two_year_exact_enrollment
0000426,계원예술대학교,계원예술대학교,계원예술대학교 _ 본교,계원예술대학교 _ 본교,전문대학,전문대학,전문대학,전문대학,본교,본교,경기,경기,3838,3715,1,1,2279083251,2279083251,2279083251,academyinfo_two_year_exact_enrollment_school_context,candidate_two_year_exact_enrollment
0000428,광양보건대학교,광양보건대학교,광양보건대학교 _ 본교,광양보건대학교 _ 본교,전문대학,전문대학,전문대학,전문대학,본교,본교,전남광주,전남광주,141,131,1,1,5043034195,5043034195,5043034195,academyinfo_two_year_exact_enrollment_school_context,candidate_two_year_exact_enrollment
0000429,광주보건대학교,광주보건대학교,광주보건대학교 _ 본교,광주보건대학교 _ 본교,전문대학,전문대학,전문대학,전문대학,본교,본교,전남광주,전남광주,4564,4491,1,1,8598524332,8598524332,8598524332,academyinfo_two_year_exact_enrollment_school_context,candidate_two_year_exact_enrollment
0000430,구미대학교,구미대학교,구미대학교 _ 본교,구미대학교 _ 본교,전문대학,전문대학,전문대학,전문대학,본교,본교,경북,경북,6701,6779,1,1,6217320322,6217320322,6217320322,academyinfo_two_year_exact_enrollment_school_context,candidate_two_year_exact_enrollment
0000431,서해대학,서해대학,서해대학 _ 본교,서해대학 _ 본교,전문대학,전문대학,전문대학,전문대학,본교,본교,전북,전북,,,0,0,,,,,unresolved_missing_two_year_numeric_enrollment
0000432,군장대학교,군장대학교,군장대학교 _ 본교,군장대학교 _ 본교,전문대학,전문대학,전문대학,전문대학,본교,본교,전북,전북,1749,1750,1,0,3860947132,,,,unresolved_two_year_exact_match_not_unique
0000433,강동대학교,강동대학교,강동대학교 _ 본교,강동대학교 _ 본교,전문대학,전문대학,전문대학,전문대학,본교,본교,충북,충북,3809,4018,1,1,2568355739,2568355739,2568355739,academyinfo_two_year_exact_enrollment_school_context,candidate_two_year_exact_enrollment
0000435,나주대학교,나주대학교,나주대학교 _ 본교,나주대학교 _ 본교,전문대학,전문대학,전문대학,전문대학,본교,본교,전남광주,전남광주,1485,1429,1,1,5823754429,5823754429,5823754429,academyinfo_two_year_exact_enrollment_school_context,candidate_two_year_exact_enrollment
0000437,전주기전대학,전주기전대학,전주기전대학 _ 본교,전주기전대학 _ 본교,전문대학,전문대학,전문대학,전문대학,본교,본교,전북,전북,1819,1872,1,1,2520514249,2520514249,2520514249,academyinfo_two_year_exact_enrollment_school_context,candidate_two_year_exact_enrollment
0000438,경북보건대학교,경북보건대학교,경북보건대학교 _ 본교,경북보건대학교 _ 본교,전문대학,전문대학,전문대학,전문대학,본교,본교,경북,경북,1458,1480,1,1,2162164151,2162164151,2162164151,academyinfo_two_year_exact_enrollment_school_context,candidate_two_year_exact_enrollment
0000440,김포대학교,김포대학교,김포대학교 _ 본교,김포대학교 _ 본교,전문대학,전문대학,전문대학,전문대학,본교,본교,경기,경기,2393,2266,1,1,7614396095,7614396095,7614396095,academyinfo_two_year_exact_enrollment_school_context,candidate_two_year_exact_enrollment
0000441,농협대학교,농협대학교,농협대학교 _ 본교,농협대학교 _ 본교,전문대학,전문대학,전문대학,전문대학,본교,본교,경기,경기,471,495,1,1,8429990410,8429990410,8429990410,academyinfo_two_year_exact_enrollment_school_context,candidate_two_year_exact_enrollment
0000442,대경대학교,대경대학교,대경대학교 _ 본교,대경대학교 _ 본교,전문대학,전문대학,전문대학,전문대학,본교,본교,경북,경북,4475,4169,0,0,,,,,unresolved_two_year_exact_match_not_unique
0000443,대구공업대학교,대구공업대학교,대구공업대학교 _ 본교,대구공업대학교 _ 본교,전문대학,전문대학,전문대학,전문대학,본교,본교,대구,대구,1503,1322,1,1,6403395891,6403395891,6403395891,academyinfo_two_year_exact_enrollment_school_context,candidate_two_year_exact_enrollment
0000444,대구보건대학교,대구보건대학교,대구보건대학교 _ 본교,대구보건대학교 _ 본교,전문대학,전문대학,전문대학,전문대학,본교,본교,대구,대구,8390,8276,1,1,4123382508,4123382508,4123382508,academyinfo_two_year_exact_enrollment_school_context,candidate_two_year_exact_enrollment
0000446,대구과학대학교,대구과학대학교,대구과학대학교 _ 본교,대구과학대학교 _ 본교,전문대학,전문대학,전문대학,전문대학,본교,본교,대구,대구,4976,4840,1,1,1140140593,1140140593,1140140593,academyinfo_two_year_exact_enrollment_school_context,candidate_two_year_exact_enrollment
0000447,대동대학교,대동대학교,대동대학교 _ 본교,대동대학교 _ 본교,전문대학,전문대학,전문대학,전문대학,본교,본교,부산,부산,1655,1690,1,1,4262574672,4262574672,4262574672,academyinfo_two_year_exact_enrollment_school_context,candidate_two_year_exact_enrollment
0000448,대림대학교,대림대학교,대림대학교 _ 본교,대림대학교 _ 본교,전문대학,전문대학,전문대학,전문대학,본교,본교,경기,경기,10418,10087,1,1,2708199679,2708199679,2708199679,academyinfo_two_year_exact_enrollment_school_context,candidate_two_year_exact_enrollment
0000449,대원대학교,대원대학교,대원대학교 _ 본교,대원대학교 _ 본교,전문대학,전문대학,전문대학,전문대학,본교,본교,충북,충북,2270,1944,1,1,1370042920,1370042920,1370042920,academyinfo_two_year_exact_enrollment_school_context,candidate_two_year_exact_enrollment
0000450,동서울대학교,동서울대학교,동서울대학교 _ 본교,동서울대학교 _ 본교,전문대학,전문대학,전문대학,전문대학,본교,본교,경기,경기,8112,8051,1,1,7075858414,7075858414,7075858414,academyinfo_two_year_exact_enrollment_school_context,candidate_two_year_exact_enrollment
0000451,대전보건대학교,대전보건대학교,대전보건대학교 _ 본교,대전보건대학교 _ 본교,전문대학,전문대학,전문대학,전문대학,본교,본교,대전,대전,5890,5522,1,1,6821876287,6821876287,6821876287,academyinfo_two_year_exact_enrollment_school_context,candidate_two_year_exact_enrollment
0000452,우송정보대학,우송정보대학,우송정보대학 _ 본교,우송정보대학 _ 본교,전문대학,전문대학,전문대학,전문대학,본교,본교,대전,대전,4619,4127,1,1,8180929601,8180929601,8180929601,academyinfo_two_year_exact_enrollment_school_context,candidate_two_year_exact_enrollment
0000453,대전과학기술대학교,대전과학기술대학교,대전과학기술대학교 _ 본교,대전과학기술대학교 _ 본교,전문대학,전문대학,전문대학,전문대학,본교,본교,대전,대전,4572,4380,1,1,1749948859,1749948859,1749948859,academyinfo_two_year_exact_enrollment_school_context,candidate_two_year_exact_enrollment
0000454,아주자동차대학교,아주자동차대학교,아주자동차대학교 _ 본교,아주자동차대학교 _ 본교,전문대학,전문대학,전문대학,전문대학,본교,본교,충남,충남,1541,1942,0,1,,2791853487,,,unresolved_two_year_exact_match_not_unique
0000455,재능대학교,재능대학교,재능대학교 _ 본교,재능대학교 _ 본교,전문대학,전문대학,전문대학,전문대학,본교,본교,인천,인천,4650,4480,0,0,,,,,unresolved_two_year_exact_match_not_unique
0000456,경북과학대학교,경북과학대학교,경북과학대학교 _ 본교,경북과학대학교 _ 본교,전문대학,전문대학,전문대학,전문대학,본교,본교,경북,경북,1925,2085,1,1,9777717292,9777717292,9777717292,academyinfo_two_year_exact_enrollment_school_context,candidate_two_year_exact_enrollment
0000457,동남보건대학교,동남보건대학교,동남보건대학교 _ 본교,동남보건대학교 _ 본교,전문대학,전문대학,전문대학,전문대학,본교,본교,경기,경기,5697,5699,1,1,7605337738,7605337738,7605337738,academyinfo_two_year_exact_enrollment_school_context,candidate_two_year_exact_enrollment
0000459,동부산대학교,동부산대학교,동부산대학교 _ 본교,동부산대학교 _ 본교,전문대학,전문대학,전문대학,전문대학,본교,본교,부산,부산,,,0,0,,,,,unresolved_missing_two_year_numeric_enrollment
0000460,동강대학교,동강대학교,동강대학교 _ 본교,동강대학교 _ 본교,전문대학,전문대학,전문대학,전문대학,본교,본교,전남광주,전남광주,2837,2791,0,0,,,,,unresolved_two_year_exact_match_not_unique
0000461,동아방송예술대학교,동아방송예술대학교,동아방송예술대학교 _ 본교,동아방송예술대학교 _ 본교,전문대학,전문대학,전문대학,전문대학,본교,본교,경기,경기,4203,4159,1,1,6776323795,6776323795,6776323795,academyinfo_two_year_exact_enrollment_school_context,candidate_two_year_exact_enrollment
0000462,동아보건대학교,동아보건대학교,동아보건대학교 _ 본교,동아보건대학교 _ 본교,전문대학,전문대학,전문대학,전문대학,본교,본교,전남광주,전남광주,1144,1014,1,1,8324178874,8324178874,8324178874,academyinfo_two_year_exact_enrollment_school_context,candidate_two_year_exact_enrollment
0000463,동양미래대학교,동양미래대학교,동양미래대학교 _ 본교,동양미래대학교 _ 본교,전문대학,전문대학,전문대학,전문대학,본교,본교,서울,서울,9697,9568,1,1,8050425648,8050425648,8050425648,academyinfo_two_year_exact_enrollment_school_context,candidate_two_year_exact_enrollment
0000464,동우대학,동우대학,동우대학 _ 본교,동우대학 _ 본교,전문대학,전문대학,전문대학,전문대학,본교,본교,강원,강원,,,0,0,,,,,unresolved_missing_two_year_numeric_enrollment
0000465,동원대학교,동원대학교,동원대학교 _ 본교,동원대학교 _ 본교,전문대학,전문대학,전문대학,전문대학,본교,본교,경기,경기,3586,3621,1,1,4455086469,4455086469,4455086469,academyinfo_two_year_exact_enrollment_school_context,candidate_two_year_exact_enrollment
0000466,동의과학대학교,동의과학대학교,동의과학대학교 _ 본교,동의과학대학교 _ 본교,전문대학,전문대학,전문대학,전문대학,본교,본교,부산,부산,5641,5008,0,0,,,,,unresolved_two_year_exact_match_not_unique
0000467,부산보건대학교,부산보건대학교,부산보건대학교 _ 본교,부산보건대학교 _ 본교,전문대학,전문대학,전문대학,전문대학,본교,본교,부산,부산,3119,2980,1,1,3036731123,3036731123,3036731123,academyinfo_two_year_exact_enrollment_school_context,candidate_two_year_exact_enrollment
0000469,두원공과대학교,두원공과대학교,두원공과대학교 _ 본교,두원공과대학교 _ 본교,전문대학,전문대학,전문대학,전문대학,본교,본교,경기,경기,3525,2991,0,0,,,,,unresolved_two_year_exact_match_not_unique
0000470,마산대학교,마산대학교,마산대학교 _ 본교,마산대학교 _ 본교,전문대학,전문대학,전문대학,전문대학,본교,본교,경남,경남,6502,6273,1,1,9725025832,9725025832,9725025832,academyinfo_two_year_exact_enrollment_school_context,candidate_two_year_exact_enrollment
0000473,명지전문대학,명지전문대학,명지전문대학 _ 본교,명지전문대학 _ 본교,전문대학,전문대학,전문대학,전문대학,본교,본교,서울,서울,9379,9350,0,0,,,,,unresolved_two_year_exact_match_not_unique
0000474,목포과학대학교,목포과학대학교,목포과학대학교 _ 본교,목포과학대학교 _ 본교,전문대학,전문대학,전문대학,전문대학,본교,본교,전남광주,전남광주,3067,3133,1,1,4209855318,4209855318,4209855318,academyinfo_two_year_exact_enrollment_school_context,candidate_two_year_exact_enrollment
0000475,문경대학교,문경대학교,문경대학교 _ 본교,문경대학교 _ 본교,전문대학,전문대학,전문대학,전문대학,본교,본교,경북,경북,995,912,0,1,,9174707353,,,unresolved_two_year_exact_match_not_unique
0000476,배화여자대학교,배화여자대학교,배화여자대학교 _ 본교,배화여자대학교 _ 본교,전문대학,전문대학,전문대학,전문대학,본교,본교,서울,서울,3139,3086,1,1,5795471072,5795471072,5795471072,academyinfo_two_year_exact_enrollment_school_context,candidate_two_year_exact_enrollment
0000477,백제예술대학교,백제예술대학교,백제예술대학교 _ 본교,백제예술대학교 _ 본교,전문대학,전문대학,전문대학,전문대학,본교,본교,전북,전북,1213,1016,1,1,1074720442,1074720442,1074720442,academyinfo_two_year_exact_enrollment_school_context,candidate_two_year_exact_enrollment
0000479,부산경상대학교,부산경상대학교,부산경상대학교 _ 본교,부산경상대학교 _ 본교,전문대학,전문대학,전문대학,전문대학,본교,본교,부산,부산,2832,2364,1,1,6373324573,6373324573,6373324573,academyinfo_two_year_exact_enrollment_school_context,candidate_two_year_exact_enrollment
0000480,부산여자대학교,부산여자대학교,부산여자대학교 _ 본교,부산여자대학교 _ 본교,전문대학,전문대학,전문대학,전문대학,본교,본교,부산,부산,2032,1857,1,1,1993808865,1993808865,1993808865,academyinfo_two_year_exact_enrollment_school_context,candidate_two_year_exact_enrollment
0000481,부산과학기술대학교,부산과학기술대학교,부산과학기술대학교 _ 본교,부산과학기술대학교 _ 본교,전문대학,전문대학,전문대학,전문대학,본교,본교,부산,부산,4559,4738,0,0,,,,,unresolved_two_year_exact_match_not_unique
0000482,부천대학교,부천대학교,부천대학교 _ 본교,부천대학교 _ 본교,전문대학,전문대학,전문대학,전문대학,본교,본교,경기,경기,9806,9685,1,1,4188858449,4188858449,4188858449,academyinfo_two_year_exact_enrollment_school_context,candidate_two_year_exact_enrollment
0000483,삼육보건대학교,삼육보건대학교,삼육보건대학교 _ 본교,삼육보건대학교 _ 본교,전문대학,전문대학,전문대학,전문대학,본교,본교,서울,서울,1542,1598,1,1,7960869371,7960869371,7960869371,academyinfo_two_year_exact_enrollment_school_context,candidate_two_year_exact_enrollment
0000485,상지영서대학교,상지영서대학교,상지영서대학교 _ 본교,상지영서대학교 _ 본교,전문대학,전문대학,전문대학,전문대학,본교,본교,강원,강원,298,271,1,1,3177766501,3177766501,3177766501,academyinfo_two_year_exact_enrollment_school_context,candidate_two_year_exact_enrollment
0000489,서울예술대학교,서울예술대학교,서울예술대학교 _ 본교,서울예술대학교 _ 본교,전문대학,전문대학,전문대학,전문대학,본교,본교,경기,경기,4152,4122,1,1,5663107812,5663107812,5663107812,academyinfo_two_year_exact_enrollment_school_context,candidate_two_year_exact_enrollment
0000490,서일대학교,서일대학교,서일대학교 _ 본교,서일대학교 _ 본교,전문대학,전문대학,전문대학,전문대학,본교,본교,서울,서울,8536,8562,1,0,5967965006,,,,unresolved_two_year_exact_match_not_unique
0000493,성심외국어대학,성심외국어대학,성심외국어대학 _ 본교,성심외국어대학 _ 본교,전문대학,전문대학,전문대학,전문대학,본교,본교,부산,부산,1239,1239,1,1,6579098820,6579098820,6579098820,academyinfo_two_year_exact_enrollment_school_context,candidate_two_year_exact_enrollment
0000496,수원여자대학교,수원여자대학교,수원여자대학교 _ 본교,수원여자대학교 _ 본교,전문대학,전문대학,전문대학,전문대학,본교,본교,경기,경기,4131,4024,0,0,,,,,unresolved_two_year_exact_match_not_unique
0000497,수원과학대학교,수원과학대학교,수원과학대학교 _ 본교,수원과학대학교 _ 본교,전문대학,전문대학,전문대학,전문대학,본교,본교,경기,경기,4915,4121,1,1,7960820555,7960820555,7960820555,academyinfo_two_year_exact_enrollment_school_context,candidate_two_year_exact_enrollment
0000498,순천제일대학교,순천제일대학교,순천제일대학교 _ 본교,순천제일대학교 _ 본교,전문대학,전문대학,전문대학,전문대학,본교,본교,전남광주,전남광주,3173,3165,1,1,7951230585,7951230585,7951230585,academyinfo_two_year_exact_enrollment_school_context,candidate_two_year_exact_enrollment
0000500,숭의여자대학교,숭의여자대학교,숭의여자대학교 _ 본교,숭의여자대학교 _ 본교,전문대학,전문대학,전문대학,전문대학,본교,본교,서울,서울,3360,3312,1,1,7467970550,7467970550,7467970550,academyinfo_two_year_exact_enrollment_school_context,candidate_two_year_exact_enrollment
0000501,신구대학교,신구대학교,신구대학교 _ 본교,신구대학교 _ 본교,전문대학,전문대학,전문대학,전문대학,본교,본교,경기,경기,8097,8027,1,1,2150788903,2150788903,2150788903,academyinfo_two_year_exact_enrollment_school_context,candidate_two_year_exact_enrollment
0000502,신성대학교,신성대학교,신성대학교 _ 본교,신성대학교 _ 본교,전문대학,전문대학,전문대학,전문대학,본교,본교,충남,충남,3546,3359,1,1,1429644823,1429644823,1429644823,academyinfo_two_year_exact_enrollment_school_context,candidate_two_year_exact_enrollment
0000503,신흥대학교,신흥대학교,신흥대학교 _ 본교,신흥대학교 _ 본교,전문대학,전문대학,전문대학,전문대학,본교,본교,경기,경기,,,0,0,,,,,unresolved_missing_two_year_numeric_enrollment
0000506,신안산대학교,신안산대학교,신안산대학교 _ 본교,신안산대학교 _ 본교,전문대학,전문대학,전문대학,전문대학,본교,본교,경기,경기,3367,2786,1,1,1849240481,1849240481,1849240481,academyinfo_two_year_exact_enrollment_school_context,candidate_two_year_exact_enrollment
0000507,안산대학교,안산대학교,안산대학교 _ 본교,안산대학교 _ 본교,전문대학,전문대학,전문대학,전문대학,본교,본교,경기,경기,5450,5637,1,1,2435201764,2435201764,2435201764,academyinfo_two_year_exact_enrollment_school_context,candidate_two_year_exact_enrollment
0000509,동원과학기술대학교,동원과학기술대학교,동원과학기술대학교 _ 본교,동원과학기술대학교 _ 본교,전문대학,전문대학,전문대학,전문대학,본교,본교,경남,경남,2894,2801,1,1,7197368383,7197368383,7197368383,academyinfo_two_year_exact_enrollment_school_context,candidate_two_year_exact_enrollment
0000510,여주대학교,여주대학교,여주대학교 _ 본교,여주대학교 _ 본교,전문대학,전문대학,전문대학,전문대학,본교,본교,경기,경기,5051,4093,1,1,2870859563,2870859563,2870859563,academyinfo_two_year_exact_enrollment_school_context,candidate_two_year_exact_enrollment
0000512,연암대학교,연암대학교,연암대학교 _ 본교,연암대학교 _ 본교,전문대학,전문대학,전문대학,전문대학,본교,본교,충남,충남,1588,1552,1,1,9599737167,9599737167,9599737167,academyinfo_two_year_exact_enrollment_school_context,candidate_two_year_exact_enrollment
0000513,영남이공대학교,영남이공대학교,영남이공대학교 _ 본교,영남이공대학교 _ 본교,전문대학,전문대학,전문대학,전문대학,본교,본교,대구,대구,8108,7982,1,1,9018763184,9018763184,9018763184,academyinfo_two_year_exact_enrollment_school_context,candidate_two_year_exact_enrollment
0000514,강릉영동대학교,강릉영동대학교,강릉영동대학교 _ 본교,강릉영동대학교 _ 본교,전문대학,전문대학,전문대학,전문대학,본교,본교,강원,강원,3953,4271,1,1,6458310902,6458310902,6458310902,academyinfo_two_year_exact_enrollment_school_context,candidate_two_year_exact_enrollment
0000515,세경대학교,세경대학교,세경대학교 _ 본교,세경대학교 _ 본교,전문대학,전문대학,전문대학,전문대학,본교,본교,강원,강원,1067,921,1,1,9188678979,9188678979,9188678979,academyinfo_two_year_exact_enrollment_school_context,candidate_two_year_exact_enrollment
0000517,영진전문대학교,영진전문대학교,영진전문대학교 _ 본교,영진전문대학교 _ 본교,전문대학,전문대학,전문대학,전문대학,본교,본교,대구,대구,10094,9595,1,1,4038041055,4038041055,4038041055,academyinfo_two_year_exact_enrollment_school_context,candidate_two_year_exact_enrollment
0000520,용인예술과학대학교,용인예술과학대학교,용인예술과학대학교 _ 본교,용인예술과학대학교 _ 본교,전문대학,전문대학,전문대학,전문대학,본교,본교,경기,경기,3809,3456,1,1,2655661106,2655661106,2655661106,academyinfo_two_year_exact_enrollment_school_context,candidate_two_year_exact_enrollment
0000521,울산과학대학교,울산과학대학교,울산과학대학교 _ 본교,울산과학대학교 _ 본교,전문대학,전문대학,전문대학,전문대학,본교,본교,울산,울산,7520,7268,0,0,,,,,unresolved_two_year_exact_match_not_unique
0000522,한국영상대학교,한국영상대학교,한국영상대학교 _ 본교,한국영상대학교 _ 본교,전문대학,전문대학,전문대학,전문대학,본교,본교,세종,세종,4073,4090,1,1,8441023945,8441023945,8441023945,academyinfo_two_year_exact_enrollment_school_context,candidate_two_year_exact_enrollment
0000523,원광보건대학교,원광보건대학교,원광보건대학교 _ 본교,원광보건대학교 _ 본교,전문대학,전문대학,전문대학,전문대학,본교,본교,전북,전북,5584,5323,1,1,3259533643,3259533643,3259533643,academyinfo_two_year_exact_enrollment_school_context,candidate_two_year_exact_enrollment
0000524,유한대학교,유한대학교,유한대학교 _ 본교,유한대학교 _ 본교,전문대학,전문대학,전문대학,전문대학,본교,본교,경기,경기,7237,6896,1,1,3878318190,3878318190,3878318190,academyinfo_two_year_exact_enrollment_school_context,candidate_two_year_exact_enrollment
0000525,인덕대학교,인덕대학교,인덕대학교 _ 본교,인덕대학교 _ 본교,전문대학,전문대학,전문대학,전문대학,본교,본교,서울,서울,8375,8163,1,1,3622565805,3622565805,3622565805,academyinfo_two_year_exact_enrollment_school_context,candidate_two_year_exact_enrollment
0000527,장안대학교,장안대학교,장안대학교 _ 본교,장안대학교 _ 본교,전문대학,전문대학,전문대학,전문대학,본교,본교,경기,경기,3654,2790,1,1,3138893783,3138893783,3138893783,academyinfo_two_year_exact_enrollment_school_context,candidate_two_year_exact_enrollment
0000528,적십자간호대학,적십자간호대학,적십자간호대학 _ 본교,적십자간호대학 _ 본교,전문대학,전문대학,전문대학,전문대학,본교,본교,서울,서울,,,0,0,,,,,unresolved_missing_two_year_numeric_enrollment
0000529,전남과학대학교,전남과학대학교,전남과학대학교 _ 본교,전남과학대학교 _ 본교,전문대학,전문대학,전문대학,전문대학,본교,본교,전남광주,전남광주,3612,3374,1,1,2751910030,2751910030,2751910030,academyinfo_two_year_exact_enrollment_school_context,candidate_two_year_exact_enrollment
0000530,전주비전대학교,전주비전대학교,전주비전대학교 _ 본교,전주비전대학교 _ 본교,전문대학,전문대학,전문대학,전문대학,본교,본교,전북,전북,4195,3965,1,1,7344014406,7344014406,7344014406,academyinfo_two_year_exact_enrollment_school_context,candidate_two_year_exact_enrollment
0000531,전북과학대학교,전북과학대학교,전북과학대학교 _ 본교,전북과학대학교 _ 본교,전문대학,전문대학,전문대학,전문대학,본교,본교,전북,전북,1726,1727,1,1,3463636338,3463636338,3463636338,academyinfo_two_year_exact_enrollment_school_context,candidate_two_year_exact_enrollment
0000532,제주관광대학교,제주관광대학교,제주관광대학교 _ 본교,제주관광대학교 _ 본교,전문대학,전문대학,전문대학,전문대학,본교,본교,제주,제주,2089,1953,1,1,2854465365,2854465365,2854465365,academyinfo_two_year_exact_enrollment_school_context,candidate_two_year_exact_enrollment
0000533,제주산업정보대학,제주산업정보대학,제주산업정보대학 _ 본교,제주산업정보대학 _ 본교,전문대학,전문대학,전문대학,전문대학,본교,본교,제주,제주,,,0,0,,,,,unresolved_missing_two_year_numeric_enrollment
0000534,조선이공대학교,조선이공대학교,조선이공대학교 _ 본교,조선이공대학교 _ 본교,전문대학,전문대학,전문대학,전문대학,본교,본교,전남광주,전남광주,4725,4379,1,1,9725471615,9725471615,9725471615,academyinfo_two_year_exact_enrollment_school_context,candidate_two_year_exact_enrollment
0000536,충북보건과학대학교,충북보건과학대학교,충북보건과학대학교 _ 본교,충북보건과학대학교 _ 본교,전문대학,전문대학,전문대학,전문대학,본교,본교,충북,충북,2917,2785,1,1,2954328298,2954328298,2954328298,academyinfo_two_year_exact_enrollment_school_context,candidate_two_year_exact_enrollment
0000539,진주보건대학교,진주보건대학교,진주보건대학교 _ 본교,진주보건대학교 _ 본교,전문대학,전문대학,전문대학,전문대학,본교,본교,경남,경남,2841,2723,1,1,2344360709,2344360709,2344360709,academyinfo_two_year_exact_enrollment_school_context,candidate_two_year_exact_enrollment
0000541,창신대학,창신대학,창신대학 _ 본교,창신대학 _ 본교,전문대학,전문대학,전문대학,전문대학,본교,본교,경남,경남,,,0,0,,,,,unresolved_missing_two_year_numeric_enrollment
0000542,창원문성대학교,창원문성대학교,창원문성대학교 _ 본교,창원문성대학교 _ 본교,전문대학,전문대학,전문대학,전문대학,본교,본교,경남,경남,1877,1182,1,1,4433675467,4433675467,4433675467,academyinfo_two_year_exact_enrollment_school_context,candidate_two_year_exact_enrollment
0000543,백석문화대학교,백석문화대학교,백석문화대학교 _ 본교,백석문화대학교 _ 본교,전문대학,전문대학,전문대학,전문대학,본교,본교,충남,충남,5775,5077,0,0,,,,,unresolved_two_year_exact_match_not_unique
0000544,청강문화산업대학교,청강문화산업대학교,청강문화산업대학교 _ 본교,청강문화산업대학교 _ 본교,전문대학,전문대학,전문대학,전문대학,본교,본교,경기,경기,5116,5100,1,1,5157359063,5157359063,5157359063,academyinfo_two_year_exact_enrollment_school_context,candidate_two_year_exact_enrollment
0000545,춘해보건대학교,춘해보건대학교,춘해보건대학교 _ 본교,춘해보건대학교 _ 본교,전문대학,전문대학,전문대학,전문대학,본교,본교,울산,울산,2958,2983,1,1,7660992503,7660992503,7660992503,academyinfo_two_year_exact_enrollment_school_context,candidate_two_year_exact_enrollment
0000546,대덕대학교,대덕대학교,대덕대학교 _ 본교,대덕대학교 _ 본교,전문대학,전문대학,전문대학,전문대학,본교,본교,대전,대전,2581,2328,1,1,8037726461,8037726461,8037726461,academyinfo_two_year_exact_enrollment_school_context,candidate_two_year_exact_enrollment
0000547,충청대학교,충청대학교,충청대학교 _ 본교,충청대학교 _ 본교,전문대학,전문대학,전문대학,전문대학,본교,본교,충북,충북,4273,4088,1,1,5182121753,5182121753,5182121753,academyinfo_two_year_exact_enrollment_school_context,candidate_two_year_exact_enrollment
0000548,강원관광대학교,강원관광대학교,강원관광대학교 _ 본교,강원관광대학교 _ 본교,전문대학,전문대학,전문대학,전문대학,본교,본교,강원,강원,469,,1,0,7112644374,,,,unresolved_missing_two_year_numeric_enrollment
0000549,국제대학교,국제대학교,국제대학교 _ 본교,국제대학교 _ 본교,전문대학,전문대학,전문대학,전문대학,본교,본교,경기,경기,3584,3219,1,1,2667451024,2667451024,2667451024,academyinfo_two_year_exact_enrollment_school_context,candidate_two_year_exact_enrollment
0000550,선린대학교,선린대학교,선린대학교 _ 본교,선린대학교 _ 본교,전문대학,전문대학,전문대학,전문대학,본교,본교,경북,경북,2483,2399,1,1,4651407539,4651407539,4651407539,academyinfo_two_year_exact_enrollment_school_context,candidate_two_year_exact_enrollment
0000553,한림성심대학교,한림성심대학교,한림성심대학교 _ 본교,한림성심대학교 _ 본교,전문대학,전문대학,전문대학,전문대학,본교,본교,강원,강원,3709,3422,1,1,2969926416,2969926416,2969926416,academyinfo_two_year_exact_enrollment_school_context,candidate_two_year_exact_enrollment
0000554,한양여자대학교,한양여자대학교,한양여자대학교 _ 본교,한양여자대학교 _ 본교,전문대학,전문대학,전문대학,전문대학,본교,본교,서울,서울,7780,7538,1,1,2735845208,2735845208,2735845208,academyinfo_two_year_exact_enrollment_school_context,candidate_two_year_exact_enrollment
0000555,한영대학교,한영대학교,한영대학교 _ 본교,한영대학교 _ 본교,전문대학,전문대학,전문대학,전문대학,본교,본교,전남광주,전남광주,1888,1811,1,1,6208432018,6208432018,6208432018,academyinfo_two_year_exact_enrollment_school_context,candidate_two_year_exact_enrollment
0000556,혜전대학교,혜전대학교,혜전대학교 _ 본교,혜전대학교 _ 본교,전문대학,전문대학,전문대학,전문대학,본교,본교,충남,충남,3287,3300,1,1,4234214067,4234214067,4234214067,academyinfo_two_year_exact_enrollment_school_context,candidate_two_year_exact_enrollment
0000560,경기과학기술대학교,경기과학기술대학교,경기과학기술대학교 _ 본교,경기과학기술대학교 _ 본교,전문대학,전문대학,전문대학,전문대학,본교,본교,경기,경기,6989,6671,0,0,,,,,unresolved_two_year_exact_match_not_unique
0000561,부산예술대학교,부산예술대학교,부산예술대학교 _ 본교,부산예술대학교 _ 본교,전문대학,전문대학,전문대학,전문대학,본교,본교,부산,부산,727,741,1,1,6542043566,6542043566,6542043566,academyinfo_two_year_exact_enrollment_school_context,candidate_two_year_exact_enrollment
0000562,전남도립대학교,전남도립대학교,전남도립대학교 _ 본교,전남도립대학교 _ 본교,전문대학,전문대학,전문대학,전문대학,본교,본교,전남광주,전남광주,1255,1067,1,1,7043987333,7043987333,7043987333,academyinfo_two_year_exact_enrollment_school_context,candidate_two_year_exact_enrollment
0000564,송호대학교,송호대학교,송호대학교 _ 본교,송호대학교 _ 본교,전문대학,전문대학,전문대학,전문대학,본교,본교,강원,강원,951,987,1,1,3215096950,3215096950,3215096950,academyinfo_two_year_exact_enrollment_school_context,candidate_two_year_exact_enrollment
0000565,한국관광대학교,한국관광대학교,한국관광대학교 _ 본교,한국관광대학교 _ 본교,전문대학,전문대학,전문대학,전문대학,본교,본교,경기,경기,1946,1754,1,1,9858445346,9858445346,9858445346,academyinfo_two_year_exact_enrollment_school_context,candidate_two_year_exact_enrollment
0000566,서정대학교,서정대학교,서정대학교 _ 본교,서정대학교 _ 본교,전문대학,전문대학,전문대학,전문대학,본교,본교,경기,경기,9718,10849,1,1,3895868420,3895868420,3895868420,academyinfo_two_year_exact_enrollment_school_context,candidate_two_year_exact_enrollment
0000567,송곡대학교,송곡대학교,송곡대학교 _ 본교,송곡대학교 _ 본교,전문대학,전문대학,전문대학,전문대학,본교,본교,강원,강원,950,959,1,1,8568694412,8568694412,8568694412,academyinfo_two_year_exact_enrollment_school_context,candidate_two_year_exact_enrollment
0000568,웅지세무대학교,웅지세무대학교,웅지세무대학교 _ 본교,웅지세무대학교 _ 본교,전문대학,전문대학,전문대학,전문대학,본교,본교,경기,경기,932,669,1,1,2132430791,2132430791,2132430791,academyinfo_two_year_exact_enrollment_school_context,candidate_two_year_exact_enrollment
0000569,김해대학교,김해대학교,김해대학교 _ 본교,김해대학교 _ 본교,전문대학,전문대학,전문대학,전문대학,본교,본교,경남,경남,1675,1632,1,1,4882078588,4882078588,4882078588,academyinfo_two_year_exact_enrollment_school_context,candidate_two_year_exact_enrollment
0000570,한국승강기대학교,한국승강기대학교,한국승강기대학교 _ 본교,한국승강기대학교 _ 본교,전문대학,전문대학,전문대학,전문대학,본교,본교,경남,경남,1158,1041,1,1,9748064398,9748064398,9748064398,academyinfo_two_year_exact_enrollment_school_context,candidate_two_year_exact_enrollment
0000578,한국골프과학기술대학교,한국골프과학기술대학교,한국골프과학기술대학교 _ 본교,한국골프과학기술대학교 _ 본교,전문대학,전문대학,전문대학,전문대학,본교,본교,강원,강원,625,641,1,1,7180546641,7180546641,7180546641,academyinfo_two_year_exact_enrollment_school_context,candidate_two_year_exact_enrollment
0002573,경동대학교,경동대학교,경동대학교 _ 제2캠퍼스,경동대학교 _ 제2캠퍼스,대학,대학,대학교,대학교,제2캠퍼스,제2캠퍼스,강원,강원,,,0,0,,,,,unresolved_missing_two_year_numeric_enrollment
0002574,경동대학교,경동대학교,경동대학교 _ 제3캠퍼스,경동대학교 _ 제3캠퍼스,대학,대학,대학교,대학교,제3캠퍼스,제3캠퍼스,강원,강원,,,0,0,,,,,unresolved_missing_two_year_numeric_enrollment
0002639,강원도립대학교,강원도립대학교,강원도립대학교 _ 본교,강원도립대학교 _ 본교,전문대학,전문대학,전문대학,전문대학,본교,본교,강원,강원,909,901,1,1,7425608277,7425608277,7425608277,academyinfo_two_year_exact_enrollment_school_context,candidate_two_year_exact_enrollment
0002640,경남정보대학교,경남정보대학교,경남정보대학교 _ 본교,경남정보대학교 _ 본교,전문대학,전문대학,전문대학,전문대학,본교,본교,부산,부산,9457,8741,0,0,,,,,unresolved_two_year_exact_match_not_unique
0002641,경복대학교,경복대학교,경복대학교 _ 본교,경복대학교 _ 본교,전문대학,전문대학,전문대학,전문대학,본교,본교,경기,경기,7793,7941,0,1,,4695447266,,,unresolved_two_year_exact_match_not_unique
0002642,경북전문대학교,경북전문대학교,경북전문대학교 _ 본교,경북전문대학교 _ 본교,전문대학,전문대학,전문대학,전문대학,본교,본교,경북,경북,3172,3128,1,1,5197615802,5197615802,5197615802,academyinfo_two_year_exact_enrollment_school_context,candidate_two_year_exact_enrollment
0002644,대구미래대학교,대구미래대학교,대구미래대학교 _ 본교,대구미래대학교 _ 본교,전문대학,전문대학,전문대학,전문대학,본교,본교,경북,경북,,,0,0,,,,,unresolved_missing_two_year_numeric_enrollment
0002645,서라벌대학교,서라벌대학교,서라벌대학교 _ 본교,서라벌대학교 _ 본교,전문대학,전문대학,전문대학,전문대학,본교,본교,경북,경북,680,464,1,1,3319877982,3319877982,3319877982,academyinfo_two_year_exact_enrollment_school_context,candidate_two_year_exact_enrollment
0002646,서영대학교,서영대학교,서영대학교 _ 본교,서영대학교 _ 본교,전문대학,전문대학,전문대학,전문대학,본교,본교,전남광주,전남광주,6953,6881,0,0,,,,,unresolved_two_year_exact_match_not_unique
0002647,성운대학교,성운대학교,성운대학교 _ 본교,성운대학교 _ 본교,전문대학,전문대학,전문대학,전문대학,본교,본교,경북,경북,1607,1612,1,1,4644152700,4644152700,4644152700,academyinfo_two_year_exact_enrollment_school_context,candidate_two_year_exact_enrollment
0002649,수성대학교,수성대학교,수성대학교 _ 본교,수성대학교 _ 본교,전문대학,전문대학,전문대학,전문대학,본교,본교,대구,대구,4200,4209,1,1,7361554980,7361554980,7361554980,academyinfo_two_year_exact_enrollment_school_context,candidate_two_year_exact_enrollment
0002650,안동과학대학교,안동과학대학교,안동과학대학교 _ 본교,안동과학대학교 _ 본교,전문대학,전문대학,전문대학,전문대학,본교,본교,경북,경북,2573,2487,1,1,3716863155,3716863155,3716863155,academyinfo_two_year_exact_enrollment_school_context,candidate_two_year_exact_enrollment
0002651,연성대학교,연성대학교,연성대학교 _ 본교,연성대학교 _ 본교,전문대학,전문대학,전문대학,전문대학,본교,본교,경기,경기,8299,8437,1,1,8415538132,8415538132,8415538132,academyinfo_two_year_exact_enrollment_school_context,candidate_two_year_exact_enrollment
0002652,연암공과대학교,연암공과대학교,연암공과대학교 _ 본교,연암공과대학교 _ 본교,전문대학,전문대학,전문대학,전문대학,본교,본교,경남,경남,2255,2084,1,1,3230940222,3230940222,3230940222,academyinfo_two_year_exact_enrollment_school_context,candidate_two_year_exact_enrollment
0002653,오산대학교,오산대학교,오산대학교 _ 본교,오산대학교 _ 본교,전문대학,전문대학,전문대학,전문대학,본교,본교,경기,경기,6031,6119,1,1,5241208136,5241208136,5241208136,academyinfo_two_year_exact_enrollment_school_context,candidate_two_year_exact_enrollment
0002654,인하공업전문대학,인하공업전문대학,인하공업전문대학 _ 본교,인하공업전문대학 _ 본교,전문대학,전문대학,전문대학,전문대학,본교,본교,인천,인천,10603,10815,1,1,7217154502,7217154502,7217154502,academyinfo_two_year_exact_enrollment_school_context,candidate_two_year_exact_enrollment
0002655,제주한라대학교,제주한라대학교,제주한라대학교 _ 본교,제주한라대학교 _ 본교,전문대학,전문대학,전문대학,전문대학,본교,본교,제주,제주,8588,7701,1,1,3780793607,3780793607,3780793607,academyinfo_two_year_exact_enrollment_school_context,candidate_two_year_exact_enrollment
0002656,청암대학교,청암대학교,청암대학교 _ 본교,청암대학교 _ 본교,전문대학,전문대학,전문대학,전문대학,본교,본교,전남광주,전남광주,2898,2759,1,1,7502644538,7502644538,7502644538,academyinfo_two_year_exact_enrollment_school_context,candidate_two_year_exact_enrollment
0002657,충남도립대학교,충남도립대학교,충남도립대학교 _ 본교,충남도립대학교 _ 본교,전문대학,전문대학,전문대학,전문대학,본교,본교,충남,충남,1507,1443,1,1,9276983737,9276983737,9276983737,academyinfo_two_year_exact_enrollment_school_context,candidate_two_year_exact_enrollment
0002658,포항대학교,포항대학교,포항대학교 _ 본교,포항대학교 _ 본교,전문대학,전문대학,전문대학,전문대학,본교,본교,경북,경북,1948,1904,1,1,9691908597,9691908597,9691908597,academyinfo_two_year_exact_enrollment_school_context,candidate_two_year_exact_enrollment
0002659,한국복지대학교,한국복지대학교,한국복지대학교 _ 본교,한국복지대학교 _ 본교,전문대학,전문대학,전문대학,전문대학,본교,본교,경기,경기,614,405,1,1,1560480296,1560480296,1560480296,academyinfo_two_year_exact_enrollment_school_context,candidate_two_year_exact_enrollment
0002660,인천대학교,인천대학교,인천대학교 _ 본교,인천대학교 _ 본교,대학,대학,대학교,대학교,본교,본교,인천,인천,15656,15640,0,0,,,,,unresolved_two_year_exact_match_not_unique
0002712,신한대학교,신한대학교,신한대학교 _ 본교,신한대학교 _ 본교,대학,대학,대학교,대학교,본교,본교,경기,경기,7961,7915,0,0,,,,,unresolved_two_year_exact_match_not_unique
0002726,단국대학교,단국대학교,단국대학교 _ 제2캠퍼스,단국대학교 _ 제2캠퍼스,대학,대학,대학교,대학교,제2캠퍼스,제2캠퍼스,충남,충남,,,0,0,,,,,unresolved_missing_two_year_numeric_enrollment
0002744,경동대학교,경동대학교,경동대학교 _ 제4캠퍼스,경동대학교 _ 제4캠퍼스,대학,대학,대학교,대학교,제4캠퍼스,제4캠퍼스,경기,경기,,,0,0,,,,,unresolved_missing_two_year_numeric_enrollment
0002748,가야대학교(김해),가야대학교(김해),가야대학교(김해) _ 본교,가야대학교(김해) _ 본교,대학,대학,대학교,대학교,본교,본교,경남,경남,2153,2012,1,1,4998354494,4998354494,4998354494,academyinfo_two_year_exact_enrollment_school_context,candidate_two_year_exact_enrollment
0002749,가야대학교(고령),가야대학교(고령),가야대학교(고령) _ 제2캠퍼스,가야대학교(고령) _ 제2캠퍼스,대학,대학,대학교,대학교,제2캠퍼스,제2캠퍼스,경북,경북,,,0,0,,,,,unresolved_missing_two_year_numeric_enrollment
0002800,신한대학교,신한대학교,신한대학교 _ 제2캠퍼스,신한대학교 _ 제2캠퍼스,대학,대학,대학교,대학교,제2캠퍼스,제2캠퍼스,경기,경기,,,0,0,,,,,unresolved_missing_two_year_numeric_enrollment
0002911,을지대학교,을지대학교,을지대학교 _ 제3캠퍼스,을지대학교 _ 제3캠퍼스,대학,대학,대학교,대학교,제3캠퍼스,제3캠퍼스,경기,경기,,,0,0,,,,,unresolved_missing_two_year_numeric_enrollment
0002949,홍익대학교,홍익대학교,홍익대학교 _ 제2캠퍼스,홍익대학교 _ 제2캠퍼스,대학,대학,대학교,대학교,제2캠퍼스,제2캠퍼스,세종,세종,,,0,0,,,,,unresolved_missing_two_year_numeric_enrollment
0002959,상명대학교,상명대학교,상명대학교 _ 제2캠퍼스,상명대학교 _ 제2캠퍼스,대학,대학,대학교,대학교,제2캠퍼스,제2캠퍼스,충남,충남,,,0,0,,,,,unresolved_missing_two_year_numeric_enrollment
0002971,군산간호대학교,군산간호대학교,군산간호대학교 _ 본교,군산간호대학교 _ 본교,전문대학,전문대학,전문대학,전문대학,본교,본교,전북,전북,1288,1272,1,1,6878157615,6878157615,6878157615,academyinfo_two_year_exact_enrollment_school_context,candidate_two_year_exact_enrollment
0002972,기독간호대학교,기독간호대학교,기독간호대학교 _ 본교,기독간호대학교 _ 본교,전문대학,전문대학,전문대학,전문대학,본교,본교,전남광주,전남광주,651,673,1,1,8612184822,8612184822,8612184822,academyinfo_two_year_exact_enrollment_school_context,candidate_two_year_exact_enrollment
0002973,서울여자간호대학교,서울여자간호대학교,서울여자간호대학교 _ 본교,서울여자간호대학교 _ 본교,전문대학,전문대학,전문대학,전문대학,본교,본교,서울,서울,937,960,1,1,3049030125,3049030125,3049030125,academyinfo_two_year_exact_enrollment_school_context,candidate_two_year_exact_enrollment
0002974,조선간호대학교,조선간호대학교,조선간호대학교 _ 본교,조선간호대학교 _ 본교,전문대학,전문대학,전문대학,전문대학,본교,본교,전남광주,전남광주,824,820,1,1,1187306702,1187306702,1187306702,academyinfo_two_year_exact_enrollment_school_context,candidate_two_year_exact_enrollment
0003019,한국농수산대학교,한국농수산대학교,한국농수산대학교 _ 본교,한국농수산대학교 _ 본교,전문대학,전문대학,전문대학,전문대학,본교,본교,전북,전북,2031,1898,1,1,8106570184,8106570184,8106570184,academyinfo_two_year_exact_enrollment_school_context,candidate_two_year_exact_enrollment
0003022,한국전통문화대학교,한국전통문화대학교,한국전통문화대학교 _ 본교,한국전통문화대학교 _ 본교,대학,대학,대학교,대학교,본교,본교,충남,충남,728,730,1,1,3459668815,3459668815,3459668815,academyinfo_two_year_exact_enrollment_school_context,candidate_two_year_exact_enrollment
0003139,한국에너지공과대학교,한국에너지공과대학교,한국에너지공과대학교 _ 본교,한국에너지공과대학교 _ 본교,대학,대학,대학교,대학교,본교,본교,전남광주,전남광주,209,308,1,1,3329069375,3329069375,3329069375,academyinfo_two_year_exact_enrollment_school_context,candidate_two_year_exact_enrollment
0003193,,영산대학교(해운대),,영산대학교(해운대) _ 본교,,대학,,대학교,,본교,,부산,,6719,0,0,,,,,unresolved_missing_two_year_numeric_enrollment
0003194,,영산대학교(양산),,영산대학교(양산) _ 제2캠퍼스,,대학,,대학교,,제2캠퍼스,,경남,,,0,0,,,,,unresolved_missing_two_year_numeric_enrollment
