source_group,dataset_id,dataset_name,provider,delivery_type,official_url,reference_years,unit,major_fields,priority,format_or_endpoint,modified,license,download_status,notes
EDSS,16918,고등교육학교개황,교육부·한국교육학술정보원 EDSS,파일데이터,https://www.edmgr.kr/edss/es/opd/odd/od/es_opd_oddod01_001,2009~2025,원본 필드 및 행 수준 확인 필요,"조사년도,학교구분명,시도명,지역명,본분교명,학제유형명,학사심화과정2학년재적학생수,학사심화과정1학년재적여학생수,학사심화과정1학년재적학생수,학사심화과정재적여학생수,학사심화과정재적학생수,6학년재적여학생수,6학년재적학생수,5학년재적여학생수,5학년재적학생수,4학년재적여학생수,4학년재적학생수,3학년재적여학생수,3학년재적학생수,2학년재적여학생수,학사심화과정2학년재적여학생수,학사심화과정3학년재적학생수,학사심화과정3학년재적여학생수,학사심화과정4학년재적학생수,학사심화과정4학년재적여학생수,고등교육학교_입학생수,고등교육학교_학사심화과정입학생수,고등교육학교_여자입학생수,고등교육학교_학사심화과정여자입학생수,고등교육학교_졸업생수,고등교육학교_여자졸업생수,고등교육학교_교원수,고등교육학교_여자교원수,고등교육학교_사무직원수,고등교육학교_여자사무직원수,고등교육학교_건물면적,2학년재적학생수,1학년재적여학생수,고등교육학교_학교수,주간학교수,야간학교수,주야간학교수,남자학교수,여자학교수,공학학교수,고등교육학교_분교학교수,주간분교학교수,야간분교학교수,주야간분교학교수,남자분교학교수,여자분교학교수,1학년재적학생수,고등교육학교_재적여학생수,고등교육학교_재적학생수,고등교육학교_박사과정학과수,고등교육학교_심화과정학과수,고등교육학교_학과수,공학대학원대학교수,여자대학원대학교수,남자대학원대학교수,주야간대학원대학교수,야간대학원대학교수,주간대학원대학교수,대학원대학교수,공학분교학교수",1,공식 연도별/전체 파일,,EDSS 다운로드 정책 확인 필요,연도별 파일 목록 확인; 다운로드 엔드포인트 실측 대상,catalog_code=0101; domnCd=16918
EDSS,16920,대학교학생개황,교육부·한국교육학술정보원 EDSS,파일데이터,https://www.edmgr.kr/edss/es/opd/odd/od/es_opd_oddod01_001,2009~2025,원본 필드 및 행 수준 확인 필요,"조사년도,학교구분명,학과계열구분명,학제유형명,학제유형그룹명,단과대학명,학과명,수업형태명,학과특성명,대학교학생_야간6학년재적학생수,대학교학생_야간5학년재적여학생수,대학교학생_야간5학년재적학생수,대학교학생_야간4학년재적여학생수,대학교학생_야간4학년재적학생수,대학교학생_야간3학년재적여학생수,대학교학생_야간3학년재적학생수,대학교학생_야간2학년재적여학생수,대학교학생_야간2학년재적학생수,대학교학생_야간1학년재적여학생수,대학교학생_야간1학년재적학생수,대학교학생_야간여자휴학생수,대학교학생_야간휴학생수,대학교학생_야간여자재학생수,대학교학생_야간재학생수,대학교학생_야간6학년재적여학생수,대학교학생_입학지원자수,대학교학생_여자국가기술자격취득자수,대학교학생_국가기술자격취득자수,대학교학생_입대학생수,대학교학생_여자취업불가능자수,대학교학생_취업불가능수,대학교학생_여자외국인유학생수,대학교학생_외국인유학생수,대학교학생개황_여자취업자수,대학교학생개황_취업자수,대학교학생_여자졸업생수,대학교학생_졸업생수,대학교학생_여자입학생수,대학교학생_입학생수,대학교학생_여자입학지원자수,대학교학생_주간6학년재적여학생수,대학교학생_주간6학년재적학생수,대학교학생_주간5학년재적여학생수,대학교학생_재적여학생수,대학교학생_재적학생수,대학교학생_야간입학정원수,대학교학생_주간입학정원수,대학교학생_입학정원수,대학교학생_학과수,대학교학생_재학생수,대학교학생_여자재학생수,대학교학생_주간5학년재적학생수,대학교학생_주간4학년재적여학생수,대학교학생_주간4학년재적학생수,대학교학생_주간3학년재적여학생수,대학교학생_주간3학년재적학생수,대학교학생_주간2학년재적여학생수,대학교학생_주간2학년재적학생수,대학교학생_주간1학년재적여학생수,대학교학생_주간1학년재적학생수,대학교학생_주간여자휴학생수,대학교학생_주간휴학생수,대학교학생_주간여자재학생수,대학교학생_주간재학생수,대학교학생_여자휴학생수,대학교학생_휴학생수
",1,공식 연도별/전체 파일,,EDSS 다운로드 정책 확인 필요,연도별 파일 목록 확인; 다운로드 엔드포인트 실측 대상,catalog_code=0103; domnCd=16920
EDSS,16922,대학원학생개황,교육부·한국교육학술정보원 EDSS,파일데이터,https://www.edmgr.kr/edss/es/opd/odd/od/es_opd_oddod01_001,2009~2025,원본 필드 및 행 수준 확인 필요,"조사년도,학교구분명,학과계열구분명,야간박사과정남자입학생수,야간박사과정여자입학생수,주야간박사과정입학생수,주야간박사과정남자입학생수,주야간박사과정여자입학생수,대학원학생_재적학생수,재적남학생수,야간석사과정남자재학생수,대학원_야간석사과정여자재학생수,대학원_주간박사과정재학생수,주간박사과정남자재학생수,대학원_주간박사과정여자재학생수,대학원_야간박사과정재학생수,야간박사과정남자재학생수,대학원_야간박사과정여자재학생수,대학원학생_휴학생수,남자휴학생수,대학원학생_여자휴학생수,석사과정휴학생수,대학원_야간석사과정재학생수,대학원_주간석사과정여자재학생수,주간석사과정남자재학생수,대학원_주간석사과정재학생수,박사과정여자재학생수,박사과정남자재학생수,박사과정재학생수,석사과정여자재학생수,석사과정남자재학생수,석사과정재학생수,대학원_여자재학생수,남자재학생수,대학원_재학생수,대학원학생_야간박사과정재적여학생수,야간박사과정재적남학생수,석사과정남자휴학생수,석사과정여자휴학생수,박사과정휴학생수,대학원학생_박사과정학과수,석사과정학과수,대학원학생_학과수,대학원학생_박사과정여자졸업생수,박사과정남자졸업생수,대학원학생_박사과정졸업생수,대학원학생_석사과정여자졸업생수,석사과정남자졸업생수,대학원학생_석사과정졸업생수,대학원학생_여자졸업생수,남자졸업생수,대학원학생_졸업생수,대학원학생_야간박사과정여자휴학생수,대학원_야간박사과정남자휴학생수,대학원학생_야간박사과정휴학생수,대학원학생_주간박사과정여자휴학생수,주간박사과정남자휴학생수,대학원학생_주간박사과정휴학생수,대학원학생_야간석사과정여자휴학생수,야간석사과정남자휴학생수,대학원학생_야간석사과정휴학생수,대학원학생_주간석사과정여자휴학생수,주간석사과정남자휴학생수,대학원학생_주간석사과정휴학생수,박사과정여자휴학생수,박사과정남자휴학생수,대학원학생_야간박사과정재적학생수,대학원학생_주간박사과정재적여학생수,야간석사과정남자입학생수,야간석사과정입학생수,주간석사과정여자입학생수,주간석사과정남자입학생수,주간석사과정입학생수,박사과정여자입학생수,박사과정남자입학생수,박사과정입학생수,석사과정여자입학생수,석사과정남자입학생수,석사과정입학생수,대학원학생_여자입학생수,남자입학생수,대학원학생_입학생수,주야간박사과정입학정원수,대학원학생_야간박사과정입학정원수,대학원학생_주야간석사과정입학정원수,대학원학생_야간석사과정입학정원수,대학원학생_주간석사과정입학정원수,대학원학생_박사과정입학정원수,대학원학생_석사과정입학정원수,대학원학생_입학정원수,야간석사과정여자입학생수,주야간석사과정입학생수,주야간석사과정남자입학생수,주간박사과정재적남학생수,대학원학생_주간박사과정재적학생수,대학원학생_야간석사과정재적여학생수,야간석사과정재적남학생수,대학원학생_야간석사과정재적학생수,대학원학생_주간석사과정재적여학생수,주간석사과정재적남학생수,대학원학생_주간석사과정재적학생수,박사과정재적여학생수,박사과정재적남학생수,박사과정재적학생수,석사과정재적여학생수,석사과정재적남학생수,석사과정재적학생수,대학원학생_재적여학생수,주야간석사과정여자입학생수,주간박사과정입학생수,주간박사과정남자입학생수,주간박사과정여자입학생수,야간박사과정입학생수,대학원학생_주간박사과정입학정원수
",1,공식 연도별/전체 파일,,EDSS 다운로드 정책 확인 필요,연도별 파일 목록 확인; 다운로드 엔드포인트 실측 대상,catalog_code=0105; domnCd=16922
EDSS,17129,신입생충원현황,교육부·한국교육학술정보원 EDSS,파일데이터,https://www.edmgr.kr/edss/es/opd/odd/od/es_opd_oddod01_001,2009~2025,원본 필드 및 행 수준 확인 필요,"조사년도,학교구분명,주야간계절구분명,학과명,학과상태명,학과특성명,단과대학명,적용년도,학과구분불가정원외지원자수,학과구분불가정원외모집인원수,총지원자수,신입생충원_정원외여자입학생수,신입생충원_정원외남자입학생수,신입생충원_정원내여자입학생수,신입생충원_정원내남자입학생수,정원외지원자수,정원내지원자수,정원외모집인원수,정원내모집인원수,신입생충원_입학정원수",1,공식 연도별/전체 파일,,EDSS 다운로드 정책 확인 필요,연도별 파일 목록 확인; 다운로드 엔드포인트 실측 대상,catalog_code=0305; domnCd=17129
EDSS,17132,재적학생현황,교육부·한국교육학술정보원 EDSS,파일데이터,https://www.edmgr.kr/edss/es/opd/odd/od/es_opd_oddod01_001,2009~2025,원본 필드 및 행 수준 확인 필요,"조사년도,학교구분명,주야간계절구분명,학과명,학과상태명,학과특성명,단과대학명,적용년도,재적학생_정원외여자휴학생수,재적학생_정원내여자휴학생수,재적학생_정원외남자휴학생수,재적학생_정원내남자휴학생수,재적학생_정원외여자재학생수,재적학생_정원내여자재학생수,재적학생_정원외남자재학생수,재적학생_정원내남자재학생수",1,공식 연도별/전체 파일,,EDSS 다운로드 정책 확인 필요,연도별 파일 목록 확인; 다운로드 엔드포인트 실측 대상,catalog_code=0310; domnCd=17132
EDSS,17141,중도탈락학생현황,교육부·한국교육학술정보원 EDSS,파일데이터,https://www.edmgr.kr/edss/es/opd/odd/od/es_opd_oddod01_001,2009~2025,원본 필드 및 행 수준 확인 필요,"조사년도,학교구분명,주야간계절구분명,학과명,학과상태명,학과특성명,학위과정구분명,단과대학명,적용년도,신입생재적학생수,신입생미등록중도탈락자수,신입생미복학중도탈락자수,신입생자퇴중도탈락자수,신입생학사경고중도탈락자수,신입생학생활동중도탈락자수,신입생유급제정중도탈락자수,신입생재학연한초과중도탈락자수,신입생기타중도탈락자수,중도탈락학생_기타중도탈락자수,중도탈락학생_재학연한초과중도탈락자수,중도탈락학생_유급제적중도탈락자수,중도탈락학생_학생활동중도탈락자수,중도탈락학생_학사경고중도탈락자수,중도탈락학생_자퇴중도탈락자수,중도탈락학생_미복학중도탈락자수,중도탈락학생_미등록중도탈락자수,중도탈락학생_재적학생수",1,공식 연도별/전체 파일,,EDSS 다운로드 정책 확인 필요,연도별 파일 목록 확인; 다운로드 엔드포인트 실측 대상,catalog_code=0316; domnCd=17141
EDSS,17312,전체교원대비전임교원현황,교육부·한국교육학술정보원 EDSS,파일데이터,https://www.edmgr.kr/edss/es/opd/odd/od/es_opd_oddod01_001,2009~2025,원본 필드 및 행 수준 확인 필요,"조사년도,학교구분명,학과한글명,단과대학명,적용년도,학부여자비전임겸임교원수,학부남자초빙비전임교원수,학부여자초빙비전임교원수,대학원여자전임강사전임교원수,대학원남자전임강사전임교원수,대학원여자조교수전임교원수,대학원남자조교수전임교원수,대학원여자부교수전임교원수,대학원남자부교수전임교원수,대학원여자교수전임교원수,대학원남자교수전임교원수,학부여자기타비전임교원수,대학원남자명예교수비전임교원수,대학원여자명예교수비전임교원수,대학원남자비전임겸임교원수,대학원여자비전임겸임교원수,대학원남자초빙비전임교원수,대학원여자초빙비전임교원수,대학원남자시간강사비전임교원수,대학원여자시간강사비전임교원수,대학원남자기타비전임교원수,대학원여자기타비전임교원수,학부남자기타비전임교원수,학부여자시간강사비전임교원수,학부남자시간강사비전임교원수,학부남자교수전임교원수,학부여자교수전임교원수,학부남자부교수전임교원수,학부여자부교수전임교원수,학부남자조교수전임교원수,학부여자조교수전임교원수,학부남자전임강사전임교원수,학부여자전임강사전임교원수,학부남자명예교수비전임교원수,학부여자명예교수비전임교원수,학부남자비전임겸임교원수",1,공식 연도별/전체 파일,,EDSS 다운로드 정책 확인 필요,연도별 파일 목록 확인; 다운로드 엔드포인트 실측 대상,catalog_code=0502; domnCd=17312
EDSS,17313,전임교원1인당학생현황,교육부·한국교육학술정보원 EDSS,파일데이터,https://www.edmgr.kr/edss/es/opd/odd/od/es_opd_oddod01_001,2009~2025,원본 필드 및 행 수준 확인 필요,"조사년도,학교구분명,대학계열명,적용년도,대학원재학생기준법정정원교원수,대학원학생정원기준법정정원교원수,학부재학생기준법정정원교원수,학부학생정원기준법정정원교원수,재학생기준전임교원수,1인당학생_전임교원수,대학원재학생수,대학원편제정원수,1인당학생_학부재학생수,1인당학생_학부편제정원수",1,공식 연도별/전체 파일,,EDSS 다운로드 정책 확인 필요,연도별 파일 목록 확인; 다운로드 엔드포인트 실측 대상,catalog_code=0503; domnCd=17313
EDSS,12543,국내외학술지게재논문실적,교육부·한국교육학술정보원 EDSS,파일데이터,https://www.edmgr.kr/edss/es/opd/odd/od/es_opd_oddod01_001,2009~2025,원본 필드 및 행 수준 확인 필요,"조사년도,학교구분명,학과한글명,적용년도,역서수_2017년이후_여자,저서수_2017년이후_남자,여자역서수,여자저서수,여자기타국제발간일반학술지등재건수,여자국제SCI급학술지등재건수,여자기타국내발간일반학술지등재건수,여자국내학술진흥재단등재건수,여자전임교원수,기타국제발간일반학술지등재건수_2017년이후_남자,국제SCOPUS학술지등재건수_2017년이후_남자,전임교원수_2017년이후_남자,국내학술진흥재단등재건수_2017년이후_남자,기타국내발간일반학술지등재건수_2017년이후_남자,국제SCI급학술지등재건수_2017년이후_남자",1,공식 연도별/전체 파일,,EDSS 다운로드 정책 확인 필요,연도별 파일 목록 확인; 다운로드 엔드포인트 실측 대상,catalog_code=0601; domnCd=12543
EDSS,17341,등록금현황,교육부·한국교육학술정보원 EDSS,파일데이터,https://www.edmgr.kr/edss/es/opd/odd/od/es_opd_oddod01_001,2009~2025,원본 필드 및 행 수준 확인 필요,"조사년도,학교구분명,주야간계절구분명,학과명,학과상태명,학과특성명,학위과정구분명,단과대학명,학년구분명,적용년도,등록금_전년도입학정원수,등록금_입학정원수,등록금_전학년도등록금,등록금_기성회비,등록금_수업료,등록금_입학금",1,공식 연도별/전체 파일,,EDSS 다운로드 정책 확인 필요,연도별 파일 목록 확인; 다운로드 엔드포인트 실측 대상,catalog_code=0714; domnCd=17341
EDSS,17215,연구비수혜실적,교육부·한국교육학술정보원 EDSS,파일데이터,https://www.edmgr.kr/edss/es/opd/odd/od/es_opd_oddod01_001,2009~2025,원본 필드 및 행 수준 확인 필요,"조사년도,학교구분명,적용년도,교외대응자금_2017년이후_남자,여자전임교원수,여자교내과제수,여자교내연구비,여자교외중앙정부과제수,여자교외중앙정부연구비,여자교외지방자치단체과제수,여자교외지방자치단체연구비,여자교외민간과제수,여자교외민간연구비,여자교외외국과제수,여자교외외국연구비,여자교내대응자금,여자교외대응자금,교내대응자금_2017년이후_남자,교외외국연구비_2017년이후_남자,교외외국과제수_2017년이후_남자,전임교원수_2017년이후_남자,교내과제수_2017년이후_남자,교내연구비_2017년이후_남자,교외중앙정부과제수_2017년이후_남자,교외중앙정부연구비_2017년이후_남자,교외지방자치단체과제수_2017년이후_남자,교외지방자치단체연구비_2017년이후_남자,교외민간과제수_2017년이후_남자,교외민간연구비_2017년이후_남자",1,공식 연도별/전체 파일,,EDSS 다운로드 정책 확인 필요,연도별 파일 목록 확인; 다운로드 엔드포인트 실측 대상,catalog_code=1014; domnCd=17215
EDSS,17217,장학금수혜현황,교육부·한국교육학술정보원 EDSS,파일데이터,https://www.edmgr.kr/edss/es/opd/odd/od/es_opd_oddod01_001,2009~2025,원본 필드 및 행 수준 확인 필요,"조사년도,학교구분명,주야간계절구분명,학과명,학과상태명,학과특성명,학위과정구분명,단과대학명,학기구분명,적용년도,재난장학금액,장학금수혜_재학생수,장학금수혜_국가장학금인원수,장학금수혜_국가장학금액,장학금수혜_지방자치단체장학금인원수,장학금수혜_지방자치단체장학금액,장학금수혜_시설및기타장학금인원수,장학금수혜_시설및기타장학금액,장학금수혜_내부장학금인원수,장학금수혜_내부장학금액,근로장학금인원수,근로장학금액,장학금수혜_우수장학금인원수,장학금수혜_우수장학금액,장학금수혜_저소득장학금인원수,장학금수혜_저소득장학금액,장학금수혜_봉사장학금인원수,장학금수혜_봉사장학금액,장학금수혜_기타장학금인원수,장학금수혜_기타장학금액,장학금수혜_교직원장학금인원수,장학금수혜_교직원장학금액,교내외국인유학생장학금액,장학금수혜_정부학교학비감면금액,장학금수혜_정부학교학비감면인원수",1,공식 연도별/전체 파일,,EDSS 다운로드 정책 확인 필요,연도별 파일 목록 확인; 다운로드 엔드포인트 실측 대상,catalog_code=1016; domnCd=17217
EDSS,17227,현장실습운영현황,교육부·한국교육학술정보원 EDSS,파일데이터,https://www.edmgr.kr/edss/es/opd/odd/od/es_opd_oddod01_001,2011~2025,원본 필드 및 행 수준 확인 필요,"조사년도,학교구분명,주야간계절구분명,학기구분명,학과한글명,단과대학명,실습기간구분명,12주이상최소학점수,12주이상최대학점수,4주이상최소학점수,4주이상최대학점수,8주이상최소학점수,8주이상최대학점수,적용년도,현장실습운영_이수학생수,4주기준12주이상실습지원비60만원이상수령학생수_2018년이후,4주기준12주이상실습지원비30만원이상수령학생수_2018년이후,4주기준12주이상실습지원비102만원이상수령학생수_2018년이후,4주기준4주이상실습지원비60만원이상수령학생수_2018년이후,4주기준4주이상실습지원비30만원이상수령학생수_2018년이후,4주기준4주이상실습지원비102만원이상수령학생수_2018년이후,4주기준8주이상실습지원비60만원이상수령학생수_2018년이후,4주기준8주이상실습지원비30만원이상수령학생수_2018년이후,4주기준8주이상실습지원비102만원이상수령학생수_2018년이후,현장실습운영_학점수,현장실습운영_최소학점수,현장실습운영_최대학점수,참여기업수,실습기간주수,현장실습운영_대상학생수,12주이상산재보험가입학생수,12주이상상해및산재보험가입학생수,12주이상상해보험가입학생수,12주이상실습지원비수령학생수,12주이상실습지원비미수령학생수_2018년이후,12주이상현장실습이수학생수,12주이상현장실습참여기업수,4주이상산재보험가입학생수,4주이상상해및산재보험가입학생수,4주이상상해보험가입학생수,4주이상실습지원비수령학생수,4주이상실습지원비미수령학생수_2018년이후,4주이상현장실습이수학생수,4주이상현장실습참여기업수,8주이상산재보험가입학생수,8주이상상해및산재보험가입학생수,8주이상상해보험가입학생수,8주이상실습지원비수령학생수,8주이상실습지원비미수령학생수_2018년이후,8주이상현장실습이수학생수,8주이상현장실습참여기업수",2,공식 연도별/전체 파일,,EDSS 다운로드 정책 확인 필요,연도별 파일 목록 확인; 다운로드 엔드포인트 실측 대상,catalog_code=1026; domnCd=17227
EDSS,17278,기숙사수용현황,교육부·한국교육학술정보원 EDSS,파일데이터,https://www.edmgr.kr/edss/es/opd/odd/od/es_opd_oddod01_001,"2009~2020, 2022~2025",원본 필드 및 행 수준 확인 필요,"조사년도,학교구분명,건물명(2018년이후),기숙사운영구분명(2018년이후),적용년도,4인실수_2018년이후,3인실수_2018년이후,2인실수_2018년이후,1인실수_2018년이후,기숙사신청인원수,4인실이상기숙사비,3인실이상기숙사비,2인실기숙사비,학생1인당기숙사비,기숙사수용률,재학생수,수용인원수,기숙사실수",2,공식 연도별/전체 파일,,EDSS 다운로드 정책 확인 필요,연도별 파일 목록 확인; 다운로드 엔드포인트 실측 대상,catalog_code=1207; domnCd=17278
EDSS,13299,학생인적취업정보,교육부·한국교육학술정보원 EDSS,파일데이터,https://www.edmgr.kr/edss/es/opd/odd/od/es_opd_oddod01_001,2010~2022,원본 필드 및 행 수준 확인 필요,"조사년도,기취업여부,건강보험가입여부,회사부서명,회사명,추천자명,토익점수,동일대학여부,예비역여부,종교지도자여부,건강보험9월가입여부,매핑학과명,건강보험연계기취업여부,종료일자,시작일자,1인사업장명,해외비자여부,해외비자유형명,근무시간,제외대상자여부,농어민여부,입대여부,고용보험가입여부,해외회사명,해외진학학교KEDI명,전공일치여부,장애유무,국가보훈대상자여부,산업체위탁자여부,졸업년월,입학년월,논문명,세부전공명,복수전공명,부전공명,학과명,학부명,단과대학명,개인식별번호,고등학교졸업년월,검정고시여부,직업명,직업내용,취업년월,주부여부,증빙서류여부,사업대상여부,총평점,평점,기초생활보장대상자여부,휴학년월,복학년월,편입년월,재입학년월,조기졸업년월,졸업여부,군필여부,해외연수여부,교직과정이수여부,국가기술자격증여부,외국인유학생여부,유급여부,장학생여부,학과대계열명,졸업학생수,여자외국인유학생수,1인사업자수,건강보험가입자수,국내진학자수,국외대학원진학자수,국외대학진학자수,국외전문진학자수,국외진학자수,기타,기타_총계,남자국내대학진학자수,취업자수,남자1인사업자수,남자건강보험가입자수,남자건강보험취업자수,남자교내취업자수,남자국내대학원진학자수,해외취업자수,남자국내전문진학자수,남자국내진학자수,남자국외대학원진학자수,남자국외대학진학자수,남자국외전문진학자수,남자국외진학자수,남자기타,남자기타_총계,남자미상,남자외국인유학생수,남자입대자수,남자제외인정자수,남자졸업학생수,남자진학자수,남자취업불가능자수,남자취업불가능자수_6개월,남자취업불가능자수_사망자,남자취업불가능자수_수형자,남자취업불가능자수_해외이민자,남자취업자수,남자해외취업자수,미상,여자1인사업자수,여자건강보험가입자수,여자건강보험취업자수,여자교내취업자수,여자국내대학원진학자수,여자국내대학진학자수,여자국내전문진학자수,여자국내진학자수,여자국외대학원진학자수,여자국외대학진학자수,여자국외전문진학자수,여자국외진학자수,여자미상,건강보험취업자수,여자입대자수,여자제외인정자수,여자졸업학생수,여자진학자수,여자취업불가능자수,여자취업불가능자수_6개월,여자취업불가능자수_사망자,여자취업불가능자수_수형자,여자기타,여자기타_총계,여자취업불가능자수_해외이민자,여자취업자수,여자해외취업자수,외국인유학생수,입대자수,제외인정자수,진학자수,취업불가능자수,취업불가능자수_6개월,취업불가능자수_사망자,취업불가능자수_수형자,취업불가능자수_해외이민자,교내취업자수,국내대학원진학자수,국내대학진학자수,국내전문진학자수",1,공식 연도별/전체 파일,,EDSS 다운로드 정책 확인 필요,연도별 파일 목록 확인; 다운로드 엔드포인트 실측 대상,catalog_code=0001; domnCd=13299
EDSS,13300,학생인적취업정보,교육부·한국교육학술정보원 EDSS,파일데이터,https://www.edmgr.kr/edss/es/opd/odd/od/es_opd_oddod01_001,2023~2024,원본 필드 및 행 수준 확인 필요,"조사년도,기취업여부,건강보험가입여부,회사부서명,회사명,추천자명,토익점수,동일대학여부,예비역여부,종교지도자여부,건강보험9월가입여부,매핑학과명,건강보험연계기취업여부,종료일자,시작일자,1인사업장명,해외비자여부,해외비자유형명,근무시간,제외대상자여부,농어민여부,입대여부,고용보험가입여부,해외회사명,해외진학학교KEDI명,전공일치여부,장애유무,국가보훈대상자여부,산업체위탁자여부,졸업년월,입학년월,논문명,세부전공명,복수전공명,부전공명,학과명,학부명,단과대학명,개인식별번호,고등학교졸업년월,검정고시여부,직업명,직업내용,취업년월,주부여부,증빙서류여부,사업대상여부,총평점,평점,기초생활보장대상자여부,휴학년월,복학년월,편입년월,재입학년월,조기졸업년월,졸업여부,군필여부,해외연수여부,교직과정이수여부,국가기술자격증여부,외국인유학생여부,유급여부,장학생여부,학과대계열명,졸업학생수,여자외국인유학생수,1인사업자수,건강보험가입자수,국내진학자수,국외대학원진학자수,국외대학진학자수,국외전문진학자수,국외진학자수,기타,기타_총계,남자국내대학진학자수,취업자수,남자1인사업자수,남자건강보험가입자수,남자건강보험취업자수,남자교내취업자수,남자국내대학원진학자수,해외취업자수,남자국내전문진학자수,남자국내진학자수,남자국외대학원진학자수,남자국외대학진학자수,남자국외전문진학자수,남자국외진학자수,남자기타,남자기타_총계,남자미상,남자외국인유학생수,남자입대자수,남자제외인정자수,남자졸업학생수,남자진학자수,남자취업불가능자수,남자취업불가능자수_6개월,남자취업불가능자수_사망자,남자취업불가능자수_수형자,남자취업불가능자수_해외이민자,남자취업자수,남자해외취업자수,미상,여자1인사업자수,여자건강보험가입자수,여자건강보험취업자수,여자교내취업자수,여자국내대학원진학자수,여자국내대학진학자수,여자국내전문진학자수,여자국내진학자수,여자국외대학원진학자수,여자국외대학진학자수,여자국외전문진학자수,여자국외진학자수,여자미상,건강보험취업자수,여자입대자수,여자제외인정자수,여자졸업학생수,여자진학자수,여자취업불가능자수,여자취업불가능자수_6개월,여자취업불가능자수_사망자,여자취업불가능자수_수형자,여자기타,여자기타_총계,여자취업불가능자수_해외이민자,여자취업자수,여자해외취업자수,외국인유학생수,입대자수,제외인정자수,진학자수,취업불가능자수,취업불가능자수_6개월,취업불가능자수_사망자,취업불가능자수_수형자,취업불가능자수_해외이민자,교내취업자수,국내대학원진학자수,국내대학진학자수,국내전문진학자수",1,공식 연도별/전체 파일,,EDSS 다운로드 정책 확인 필요,연도별 파일 목록 확인; 다운로드 엔드포인트 실측 대상,catalog_code=0001; domnCd=13300
공공데이터포털 검색결과 파일데이터,15014632,한국대학교육협의회_대학알리미 대학별 학과정보,한국대학교육협의회,파일데이터,https://www.data.go.kr/data/15014632/fileData.do,2023,대학·학과,"조사년도, 대학구분, 학교구분, 지역, 설립구분, 학교명, 본분교명, 단과대학명, 학부·과(전공)명, 학과상태, 표준분류, 수업연한, 학위과정",1,CSV,2023-06-14,이용허락범위 제한 없음,직접 다운로드 가능,검색어 결과에는 유사 기관·교육부·한국장학재단 자료가 포함됨
공공데이터포털 검색결과 파일데이터,15081503,한국대학교육협의회_대학알리미 데이터 다운로드,한국대학교육협의회,파일데이터,https://www.data.go.kr/data/15081503/fileData.do,공시항목별 상이,대학·학과·연도,대학정보공시 항목별 원문 다운로드,1,XLSX,2021-11-23,이용허락범위 제한 없음,외부 제공처 입력 양식 필요; 현재 2024~2026 항목 확인,검색어 결과에는 유사 기관·교육부·한국장학재단 자료가 포함됨
공공데이터포털 검색결과 파일데이터,3059853,한국대학교육협의회_대학입학 DB,한국대학교육협의회,파일데이터,https://www.data.go.kr/data/3059853/fileData.do,공식 상세 설명 확인 필요,대학·입학,대학입학 정보 설명자료,3,HWP,2015-08-31,이용허락범위 제한 없음,직접 다운로드 가능,검색어 결과에는 유사 기관·교육부·한국장학재단 자료가 포함됨
공공데이터포털 검색결과 파일데이터,15068978,한국전문대학교육협의회_대학 정보,한국전문대학교육협의회,파일데이터,https://www.data.go.kr/data/15068978/fileData.do,2020,전문대학,"대학명, 지역, 전화, 팩스, 대표 이메일",2,CSV,2020-10-29,이용허락범위 제한 없음,직접 다운로드 가능,검색어 결과에는 유사 기관·교육부·한국장학재단 자료가 포함됨
공공데이터포털 검색결과 파일데이터,15068974,한국전문대학교육협의회_신입생 입시통계현황,한국전문대학교육협의회,파일데이터,https://www.data.go.kr/data/15068974/fileData.do,2024학년도,전문대학·모집단위,"대학교명, 계열명, 중분류명, 모집단위명, 학제, 주야구분, 전형명, 모집·지원·등록인원",2,CSV,2024-11-29,이용허락범위 제한 없음,직접 다운로드 가능,검색어 결과에는 유사 기관·교육부·한국장학재단 자료가 포함됨
공공데이터포털 검색결과 파일데이터,3077936,한국전문대학교육협의회_전문대학 입시관련 정보,한국전문대학교육협의회,파일데이터,https://www.data.go.kr/data/3077936/fileData.do,2017,전문대학·입시,전국 전문대학 입시 관련 정보,3,XLSX,2017-06-19,이용허락범위 제한 없음,직접 다운로드 가능,검색어 결과에는 유사 기관·교육부·한국장학재단 자료가 포함됨
공공데이터포털 검색결과 파일데이터,15068976,한국전문대학교육협의회_학과 정보현황,한국전문대학교육협의회,파일데이터,https://www.data.go.kr/data/15068976/fileData.do,2021학년도,전문대학·학과,"대학명, 학과명, 입학정원, 전형료",2,CSV,2020-10-29,이용허락범위 제한 없음,직접 다운로드 가능,검색어 결과에는 유사 기관·교육부·한국장학재단 자료가 포함됨
공공데이터포털 검색결과 파일데이터,15068977,한국전문대학교육협의회_외국인 입시정보,한국전문대학교육협의회,파일데이터,https://www.data.go.kr/data/15068977/fileData.do,2020학년도 9월학기,전문대학·학과,"대학명, 학과명, 모집인원, 지원인원, 등록인원",3,CSV,2020-10-29,이용허락범위 제한 없음,직접 다운로드 가능,검색어 결과에는 유사 기관·교육부·한국장학재단 자료가 포함됨
공공데이터포털 검색결과 파일데이터,15068975,한국전문대학교육협의회_신입생 모집정보,한국전문대학교육협의회,파일데이터,https://www.data.go.kr/data/15068975/fileData.do,2021학년도,전문대학·학과·전형,"대학명, 학과명, 모집인원, 전형방법",3,CSV,2020-10-29,이용허락범위 제한 없음,직접 다운로드 가능,검색어 결과에는 유사 기관·교육부·한국장학재단 자료가 포함됨
공공데이터포털 검색결과 파일데이터,15139338,교육부_대학알리미_학교별 학부_학과(전공) 리스트,교육부,파일데이터,https://www.data.go.kr/data/15139338/fileData.do,연도별,대학·학과,"학교, 학부·학과(전공), 소재지, 대·중·소계열, 학과특성, 수업연한",1,XLSX,2025-05-22,이용허락범위 제한 없음,외부 제공처 첨부파일 다운로드 가능,검색어 결과에는 유사 기관·교육부·한국장학재단 자료가 포함됨
공공데이터포털 검색결과 파일데이터,15122460,교육부_대학원 계약학과 설치 운영 현황_학교별,교육부,파일데이터,https://www.data.go.kr/data/15122460/fileData.do,2025,대학원·계약학과,학교별 대학원 계약학과 설치·운영 현황,2,XLSX,2025-05-22,이용허락범위 제한 없음,직접 다운로드 가능,검색어 결과에는 유사 기관·교육부·한국장학재단 자료가 포함됨
공공데이터포털 검색결과 파일데이터,15073573,한국장학재단_학자금 대출 현황(대학정보공시),한국장학재단,파일데이터,https://www.data.go.kr/data/15073573/fileData.do,2024,대학,대학별 학자금 대출 이용 현황,2,CSV,2025-10-31,이용허락범위 제한 없음,직접 다운로드 가능,검색어 결과에는 유사 기관·교육부·한국장학재단 자료가 포함됨
공공데이터포털 검색결과 Open API,15158684,한국대학교육협의회 대학정보공시 학생 현황_GW,한국대학교육협의회,Open API,https://www.data.go.kr/data/15158684/openapi.do,요청 파라미터 및 실제 응답으로 확인,학교/학과/지역 비교통계(기능별 상이),"apyYr, fieldType1, fieldType2, fieldType3, fieldType4, fieldType5, fieldType6, fieldType7, fieldVal1, fieldVal2, fieldVal3, fieldVal4, fieldVal5, fieldVal6, fieldVal7, indctAvg, indctFirstSchlCnt, indctFirstSchlCntRmk, indctFirstSvyYr, indctFirstVal, indctId, indctImg, indctSecondSchlCnt, indctSecondSchlCntRmk, indctSecondSvyYr, indctSecondVal, indctThirdSchlCnt, indctThirdSchlCntRmk, indctThirdSvyYr, indctThirdVal, indctVal1, indctVal2, indctVal3, indctVal4, indctYr, schlDivCd, schlDivNm, schlEstbNm, schlId, schlKrnNm, svyYr, znNm, znNmRmk",1,XML; https://apis.data.go.kr/B340014/StudentService; /getComparisonFreshmanChanceBalanceSelectionRatio; /getRegionalFreshmanChanceBalanceSelectionRatio; /getComparisonFreshmanEnsureCrntSt; /getRegionalFreshmanEnsureCrntSt; /getNoticeFreshmanDrafteesRate; /getComparisonForeignDropOutCrntSt; /getRegionalForeignDropOutCrntSt; /getComparisonForeignStudentCrntSt; /getRegionalForeignStudentCrntSt; /getComparisonEntranceModelLastRegistrationRatio; /getRegionalEntranceModelLastRegistrationRatio; /getComparisonEnrolledStudentCrntSt; /getRegionalEnrolledStudentCrntSt; /getNoticeEnrolledStudentDrafteesRate; /getComparisonEnrolledStudentEnsureRate; /getRegionalEnrolledStudentEnsureRate; /getComparisonEnrolledStudent; /getRegionalEnrolledStudent; /getComparisonInsideFixedNumberFreshmanCompetitionRate; /getRegionalInsideFixedNumberFreshmanCompetitionRate; /getRegionalGraduateEnterFindJobCrntSt; /getNoticeGraduateEmploymentRate; /getComparisonDropOutStudentCrntSt; /getRegionalDropOutStudentCrntSt; /getNoticeStudentsWastageRate; /getComparisonStudentOnALeaveOfAbsence; /getRegionalStudentOnALeaveOfAbsence,2026-05-14,이용허락범위 제한 없음,공식 상세·Swagger 확인; 인증키 필요,"operations=27; daily_traffic=개발계정 : 1,000 / 운영계정 : 활용사례 등록시 신청하면 트래픽 증가 가능"
공공데이터포털 검색결과 Open API,15158963,한국대학교육협의회_대학알리미 대학 기본 정보_GW,한국대학교육협의회,Open API,https://www.data.go.kr/data/15158963/openapi.do,요청 파라미터 및 실제 응답으로 확인,학교/학과/지역 비교통계(기능별 상이),"cdid, cdnm, clgcpDivCd, clgcpDivNm, estbDivCd, estbDivNm, rmk, schlDivCd, schlDivNm, schlFullNm, schlId, schlKndCd, schlKndNm, schlKrnNm, svyYr, yearVal, znCd, znNm",1,XML; https://apis.data.go.kr/B340014/BasicInformationService_2; /getUniversityCode; /getCodeByRegion; /getNoticeUniversitySearchList; /getComparisonUniversitySearchList; /getKeyIndicatorCode; /getComparisonPubYear; /getCodeByFound; /getNoticeSvyYear; /getCodeByType; /getCodeByKind,2026-05-26,이용허락범위 제한 없음,공식 상세·Swagger 확인; 인증키 필요,"operations=10; daily_traffic=개발계정 : 1,000 / 운영계정 : 활용사례 등록시 신청하면 트래픽 증가 가능"
공공데이터포털 검색결과 Open API,15158678,한국대학교육협의회_대학알리미 교원·연구 현황_GW,한국대학교육협의회,Open API,https://www.data.go.kr/data/15158678/openapi.do,요청 파라미터 및 실제 응답으로 확인,학교/학과/지역 비교통계(기능별 상이),"fieldType1, fieldType2, fieldType3, fieldType4, fieldType5, fieldType6, fieldType7, fieldVal1, fieldVal2, fieldVal3, fieldVal4, fieldVal5, fieldVal6, fieldVal7, indctAvg, indctFirstSchlCnt, indctFirstSchlCntRmk, indctFirstSvyYr, indctFirstVal, indctId, indctImg, indctSecondSchlCnt, indctSecondSchlCntRmk, indctSecondSvyYr, indctSecondVal, indctThirdSchlCnt, indctThirdSchlCntRmk, indctThirdSvyYr, indctThirdVal, indctVal1, indctVal2, indctVal3, indctVal4, indctYr, schlDivCd, schlDivNm, schlEstbNm, schlId, schlKrnNm, svyYr, znNm, znNmRmk",2,XML; https://apis.data.go.kr/B340014/EducationResearchService; /getComparisonGypsyScholarFacultyLectureChargeRatio; /getRegionalGypsyScholarFacultyLectureChargeRatio; /getComparisonForeignFullTimeFacultyCrntSt; /getRegionalForeignFullTimeFacultyCrntSt; /getComparisonFullTimeFacultyForPersonBookTranslatedBook; /getRegionalFullTimeFacultyForPersonBookTranslatedBook; /getComparisonFullTimeFacultyForPersonStudentNumberEnrolledStudent; /getRegionalFullTimeFacultyForPersonStudentNumberEnrolledStudent; /getComparisonFullTimeFacultyForPersonStudentNumberFixedNumber; /getRegionalFullTimeFacultyForPersonStudentNumberFixedNumber; /getComparisonLectureChargeRatio; /getRegionalLectureChargeRatio; /getComparisonFullTimeFacultyInsideOfSchoolForPersonResearchGrant; /getRegionalFullTimeFacultyInsideOfSchoolForPersonResearchGrant; /getComparisonFullTimeFacultyOutsideOfSchoolForPersonResearchGrant; /getRegionalFullTimeFacultyOutsideOfSchoolForPersonResearchGrant; /getComparisonFullTimeFacultyResearchCrntSt; /getNoticeFullTimeFacultyResearchCrntSt; /getRegionalFullTimeFacultyResearchCrntSt; /getComparisonFullTimeFacultyEnsureCrntSt; /getRegionalFullTimeFacultyEnsureCrntSt; /getNoticeFullTimeFacultyEnsureRate,2026-05-15,이용허락범위 제한 없음,공식 상세·Swagger 확인; 인증키 필요,"operations=22; daily_traffic=개발계정 : 1,000 / 운영계정 : 활용사례 등록시 신청하면 트래픽 증가 가능"
공공데이터포털 검색결과 Open API,15158680,한국대학교육협의회_대학알리미 재정 현황_GW,한국대학교육협의회,Open API,https://www.data.go.kr/data/15158680/openapi.do,요청 파라미터 및 실제 응답으로 확인,학교/학과/지역 비교통계(기능별 상이),"fieldType1, fieldType2, fieldType3, fieldType4, fieldType5, fieldType6, fieldType7, fieldVal1, fieldVal2, fieldVal3, fieldVal4, fieldVal5, fieldVal6, fieldVal7, indctFirstSchlCnt, indctFirstSchlCntRmk, indctFirstSvyYr, indctFirstVal, indctId, indctSecondSchlCnt, indctSecondSchlCntRmk, indctSecondSvyYr, indctSecondVal, indctThirdSchlCnt, indctThirdSchlCntRmk, indctThirdSvyYr, indctThirdVal, indctVal1, indctYr, schlDivCd, schlDivNm, schlEstbNm, schlId, schlKrnNm, svyYr, znNm, znNmRmk",1,XML; https://apis.data.go.kr/B340014/FinancesService; /getComparisonTuitionCrntSt; /getComparisonScholarshipBenefitCrntSt; /getComparisonEducationalExpensesReductionCrntSt; /getRegionalEducationalExpensesReductionCrntSt; /getComparisonEducationExpensesLoanCrntSt; /getComparisonEducationExpensesLoanUseStudentRatioTuition; /getRegionalTuitionCrntSt; /getRegionalScholarshipBenefitCrntSt; /getRegionalEducationExpensesLoanCrntSt; /getRegionalEducationExpensesLoanUseStudentRatioTuition,2026-05-14,이용허락범위 제한 없음,공식 상세·Swagger 확인; 인증키 필요,"operations=10; daily_traffic=개발계정 : 1,000 / 운영계정 : 활용사례 등록시 신청하면 트래픽 증가 가능"
공공데이터포털 검색결과 Open API,15158666,한국대학교육협의회_대학별 학과정보_GW,한국대학교육협의회,Open API,https://www.data.go.kr/data/15158666/openapi.do,요청 파라미터 및 실제 응답으로 확인,학교/학과/지역 비교통계(기능별 상이),"clgNm, dghtDivNm, edcCrseLtrCtnt, eschlPscpNum, grdtNum, kediMjrId, korMjrNm, lsnTrmNm, lstUpdtDtm, mjrAreaCd, mjrAreaNm, mjrAreaSignguCd, mjrAreaSignguNm, mjrUpdtDtm, onsfSrsClftNm, pbnfDgriCrseDivNm, pwayEmplLtrCtnt, schlKndNm, schlMjrCharNm, schlMjrStatNm, schlNm, stdClftMjrId, svyYr",2,XML; https://apis.data.go.kr/B340014/SchoolMajorInfoService; /getSchoolMajorInfo,2026-05-04,이용허락범위 제한 없음,공식 상세·Swagger 확인; 인증키 필요,"operations=1; daily_traffic=개발계정 : 10,000 / 운영계정 : 활용사례 등록시 신청하면 트래픽 증가 가능"
공공데이터포털 검색결과 Open API,15158679,한국대학교육협의회_대학알리미 교육여건 현황_GW,한국대학교육협의회,Open API,https://www.data.go.kr/data/15158679/openapi.do,요청 파라미터 및 실제 응답으로 확인,학교/학과/지역 비교통계(기능별 상이),"fieldType1, fieldType2, fieldType3, fieldType4, fieldType5, fieldType6, fieldType7, fieldVal1, fieldVal2, fieldVal3, fieldVal4, fieldVal5, fieldVal6, fieldVal7, indctFirstSchlCnt, indctFirstSchlCntRmk, indctFirstSvyYr, indctFirstVal, indctId, indctSecondSchlCnt, indctSecondSchlCntRmk, indctSecondSvyYr, indctSecondVal, indctThirdSchlCnt, indctThirdSchlCntRmk, indctThirdSvyYr, indctThirdVal, indctVal1, indctYr, schlDivCd, schlDivNm, schlEstbNm, schlId, schlKrnNm, svyYr, znNm, znNmRmk",1,XML; https://apis.data.go.kr/B340014/EducationConditionService; /getComparisonLibraryBudgetCrntSt; /getComparisonDormitoryAcceptanceCrntSt; /getComparisonBasicPropertiesForProfitBurdenRate; /getComparisonBasicPropertiesForprofitCrntSt; /getComparisonStudentForPersonDataPurchasePrice; /getComparisonSchoolGroundsAndBdsEnsureRate; /getRegionalSchoolGroundsAndBdsEnsureRate; /getRegionalDormitoryAcceptanceCrntSt; /getRegionalLibraryBudgetCrntSt; /getRegionalBasicPropertiesForProfitBurdenRate; /getRegionalBasicPropertiesForprofitCrntSt; /getRegionalStudentForPersonDataPurchasePrice,2026-05-15,이용허락범위 제한 없음,공식 상세·Swagger 확인; 인증키 필요,"operations=12; daily_traffic=개발계정 : 1,000 / 운영계정 : 활용사례 등록시 신청하면 트래픽 증가 가능"
공공데이터포털 검색결과 Open API,15158955,한국대학교육협의회_대학 학과 정보_GW,한국대학교육협의회,Open API,https://www.data.go.kr/data/15158955/openapi.do,요청 파라미터 및 실제 응답으로 확인,학교/학과/지역 비교통계(기능별 상이),"cdid, cdnm, clgCd, clgNm, dghtDivCd, dghtDivNm, edcCrseLtrCtnt, edcGoalCtnt, edcGoalKwrdLtrCtnt, eschlPscpNum, grdtNum, kediMjrId, korMjrNm, korSchlNm, korSrsLclftNm, korSrsMclftNm, korSrsSclftNm, lsnTrmCd, lsnTrmNm, mjrAreaCd, mjrAreaNm, mjrAreaSignguNm, mjrId, mjrUpdtDtm, onsfSrsClftCd, onsfSrsClftNm, pbnfDgriCrseDivCd, pbnfDgriCrseDivNm, psbsDivCd, psbsDivNm, pwayEmplLtrCtnt, schlEstbDivCd, schlEstbDivNm, schlId, schlKndCd, schlKndNm, schlMjrCharCd, schlMjrCharNm, schlMjrId, schlMjrStatCd, schlMjrStatNm, srsLclftCd, srsMclftCd, srsSclftCd, svyYr",2,XML; https://apis.data.go.kr/B340014/BasicInformationService_1; /getCodeByLargeSeries; /getUniversityMajorCode; /getCodeByMiddleSeries; /getCodeBySeriesSystem; /getCodeByPrincipalSchoolBranchSchool; /getCodeByLessonTerm; /getCodeByDegreeCourse; /getCodeByDayAndNight; /getCodeByCollege; /getCodeByMajorStatus; /getCodeByMajorCharacter; /getCodeByOneselfSeries; /getCodeBySmallSeries,2026-05-04,이용허락범위 제한 없음,공식 상세·Swagger 확인; 인증키 필요,"operations=13; daily_traffic=개발계정 : 10,000 / 운영계정 : 활용사례 등록시 신청하면 트래픽 증가 가능"
공공데이터포털 검색결과 Open API,15158626,한국대학교육협의회_대학알리미 산학협력 현황_GW,한국대학교육협의회,Open API,https://www.data.go.kr/data/15158626/openapi.do,요청 파라미터 및 실제 응답으로 확인,학교/학과/지역 비교통계(기능별 상이),"indctId, indctVal1, indctVal10, indctVal11, indctVal12, indctVal13, indctVal14, indctVal15, indctVal16, indctVal17, indctVal18, indctVal19, indctVal2, indctVal20, indctVal21, indctVal22, indctVal23, indctVal24, indctVal25, indctVal3, indctVal4, indctVal5, indctVal6, indctVal7, indctVal8, indctVal9, indctYr, schlDivNm, schlEstbNm, schlId, schlKrnNm, svyYr",2,XML; https://apis.data.go.kr/B340014/IndustryAcademicCooperationService; /getCntrctmjrInstOperCstt; /getOrdmthEdcCrseInstOper; /getGrndsPrcOperCstt; /getCsptDsgnOperCstt; /getTcherStupSuptCstt; /getStdnStupSuptCstt; /getStupEdcSuptCstt,2026-04-28,이용허락범위 제한 없음,공식 상세·Swagger 확인; 인증키 필요,"operations=7; daily_traffic=개발계정 : 10,000 / 운영계정 : 활용사례 등록시 신청하면 트래픽 증가 가능"
공공데이터포털 검색결과 Open API,15158665,한국대학교육협의회_대학 및 전문대학정보_GW,한국대학교육협의회,Open API,https://www.data.go.kr/data/15158665/openapi.do,요청 파라미터 및 실제 응답으로 확인,학교/학과/지역 비교통계(기능별 상이),"lstUpdtDtm, pbnfAreaCd, pbnfAreaNm, postNo, postNoAdrs, psbsDivNm, schlDivNm, schlEngNm, schlEstbDivNm, schlEstbDt, schlId, schlKndNm, schlNm, schlRepFxNoCtnt, schlRepTpNoCtnt, schlUrlAdrs, svyYr",2,XML; https://apis.data.go.kr/B340014/SchoolInfoService; /getSchoolInfo,2026-04-29,이용허락범위 제한 없음,공식 상세·Swagger 확인; 인증키 필요,"operations=1; daily_traffic=개발계정 : 10,000 / 운영계정 : 활용사례 등록시 신청하면 트래픽 증가 가능"
